"id";"data_inversa";"dia_semana";"horario";"uf";"br";"km";"municipio";"causa_acidente";"tipo_acidente";"classificacao_acidente";"fase_dia";"sentido_via";"condicao_metereologica";"tipo_pista";"tracado_via";"uso_solo";"pessoas";"mortos";"feridos_leves";"feridos_graves";"ilesos";"ignorados";"feridos";"veiculos";"latitude";"longitude";"regional";"delegacia";"uop"
400957;2021-12-11;"sábado";"00:20:00";"SP";116;208,5;"GUARULHOS";"Velocidade Incompatível";"Colisão com objeto";"Sem Vítimas";"Plena Noite";"Decrescente";"Céu Claro";"Dupla";"Reta";"Sim";1;0;0;0;1;0;0;1;-23,42222263;-46,3932771;"SPRF-SP";"DEL01-SP";"UOP01-DEL01-SP"
400958;2021-12-11;"sábado";"00:00:00";"RS";116;254;"SAPUCAIA DO SUL";"Objeto estático sobre o leito carroçável";"Colisão com objeto";"Com Vítimas Feridas";"Plena Noite";"Decrescente";"Céu Claro";"Dupla";"Reta";"Sim";1;0;1;0;0;0;1;1;-29,82654797;-51,17241311;"SPRF-RS";"DEL01-RS";"UOP02-DEL01-RS"
400959;2021-12-11;"sábado";"00:58:00";"TO";153;796;"TALISMA";"Ingestão de álcool pelo condutor";"Colisão transversal";"Com Vítimas Feridas";"Plena Noite";"Decrescente";"Nublado";"Simples";"Reta";"Sim";3;0;0;1;2;0;1;2;-12,79757297;-49,09412384;"SPRF-TO";"DEL01-TO";"UOP02-DEL01-TO"
400960;2021-12-10;"sexta-feira";"22:05:00";"SC";101;280,3;"IMBITUBA";"Velocidade Incompatível";"Colisão traseira";"Com Vítimas Fatais";"Plena Noite";"Crescente";"Céu Claro";"Múltipla";"Reta";"Não";3;1;0;1;0;1;1;2;-28,197856;-48,697839;"SPRF-SC";"DEL02-SC";"UOP03-DEL02-SC"
400961;2021-12-10;"sexta-feira";"18:30:00";"SC";101;266;"PAULO LOPES";"Ausência de reação do condutor";"Colisão com objeto";"Com Vítimas Feridas";"Pleno dia";"Decrescente";"Céu Claro";"Múltipla";"Reta;Interseção de Vias";"Sim";2;0;2;0;0;0;2;1;-28,075033;-48,712511;"SPRF-SC";"DEL02-SC";"UOP03-DEL02-SC"
400962;2021-12-11;"sábado";"00:15:00";"PR";376;108;"PARANAVAI";"Desrespeitar a preferência no cruzamento";"Colisão transversal";"Com Vítimas Feridas";"Plena Noite";"Decrescente";"Céu Claro";"Dupla";"Interseção de Vias";"Sim";2;0;1;0;0;1;1;2;-23,07229937;-52,4202776;"SPRF-PR";"DEL09-PR";"UOP02-DEL09-PR"
400965;2021-12-11;"sábado";"01:30:00";"SP";153;108,7;"JOSE BONIFACIO";"Reação tardia ou ineficiente do condutor";"Saída de leito carroçável";"Com Vítimas Feridas";"Plena Noite";"Crescente";"Céu Claro";"Simples";"Reta";"Não";2;0;2;0;0;0;2;1;-21,07208391;-49,66656517;"SPRF-SP";"DEL09-SP";"UOP01-DEL09-SP"
400966;2021-12-11;"sábado";"01:00:00";"PA";316;21,4;"BENEVIDES";"Acessar a via sem observar a presença dos outros veículos";"Colisão transversal";"Com Vítimas Feridas";"Plena Noite";"Crescente";"Céu Claro";"Dupla";"Reta";"Sim";6;0;4;1;1;0;5;2;-1,36097138;-48,26241527;"SPRF-PA";"DEL01-PA";"UOP01-DEL01-PA"
400970;2021-02-10;"quarta-feira";"23:40:00";"PR";376;318;"ORTIGUEIRA";"Afundamento ou ondulação no pavimento";"Colisão com objeto";"Com Vítimas Feridas";"Plena Noite";"Decrescente";"Céu Claro";"Simples";"Reta";"Não";2;0;1;0;0;1;1;2;-24,04149799;-51,07646892;"SPRF-PR";"DEL07-PR";"UOP02-DEL07-PR"
400971;2021-12-11;"sábado";"02:15:00";"DF";20;7;"BRASILIA";"Velocidade Incompatível";"Atropelamento de Pedestre";"Com Vítimas Fatais";"Plena Noite";"Crescente";"Nublado";"Dupla";"Aclive;Reta";"Sim";3;1;0;0;2;0;0;2;-15,662208;-47,799866;"SPRF-DF";"DEL02-DF";"UOP01-DEL02-DF"
400973;2021-12-11;"sábado";"02:40:00";"MG";40;550;"NOVA LIMA";"Ausência de reação do condutor";"Colisão traseira";"Com Vítimas Feridas";"Plena Noite";"Crescente";"Nublado";"Dupla";"Reta";"Sim";4;0;3;0;0;1;3;2;-20,0477638;-43,96439441;"SPRF-MG";"DEL01-MG";"UOP02-DEL01-MG"
400974;2021-12-10;"sexta-feira";"21:10:00";"PR";277;693,8;"SAO MIGUEL DO IGUACU";"Reação tardia ou ineficiente do condutor";"Colisão traseira";"Com Vítimas Fatais";"Plena Noite";"Decrescente";"Céu Claro";"Dupla";"Reta";"Não";2;1;0;0;0;1;0;2;-25,376565;-54,276916;"SPRF-PR";"DEL05-PR";"UOP01-DEL05-PR"
400976;2021-12-11;"sábado";"01:30:00";"SP";116;416,9;"JUQUIA";"Reação tardia ou ineficiente do condutor";"Saída de leito carroçável";"Sem Vítimas";"Plena Noite";"Decrescente";"Céu Claro";"Dupla";"Reta";"Não";1;0;0;0;1;0;0;1;-24,34184089;-47,64612417;"SPRF-SP";"DEL05-SP";"UOP01-DEL05-SP"
400977;2021-12-10;"sexta-feira";"20:00:00";"SC";101;441,9;"SANTA ROSA DO SUL";"Ausência de reação do condutor";"Saída de leito carroçável";"Com Vítimas Feridas";"Plena Noite";"Crescente";"Céu Claro";"Simples";"Curva";"Não";1;0;1;0;0;0;1;1;-29,12676736;-49,67703089;"SPRF-SC";"DEL02-SC";"UOP02-DEL02-SC"
400980;2021-12-11;"sábado";"00:30:00";"RO";364;233;"CACOAL";"Ausência de reação do condutor";"Colisão traseira";"Com Vítimas Feridas";"Plena Noite";"Crescente";"Nublado";"Simples";"Declive";"Sim";3;0;1;0;2;0;1;2;-11,46104613;-61,41546107;"SPRF-RO";"DEL02-RO";"UOP02-DEL02-RO"
400981;2021-12-10;"sexta-feira";"21:20:00";"PR";277;584,8;"CASCAVEL";"Reação tardia ou ineficiente do condutor";"Atropelamento de Pedestre";"Com Vítimas Feridas";"Plena Noite";"Crescente";"Céu Claro";"Dupla";"Curva";"Sim";2;0;1;0;1;0;1;2;-24,96684176;-53,40258186;"SPRF-PR";"DEL04-PR";"UOP01-DEL04-PR"
400982;2021-12-11;"sábado";"04:20:00";"AL";104;58;"MURICI";"Animais na Pista";"Atropelamento de Animal";"Com Vítimas Fatais";"Amanhecer";"Decrescente";"Nevoeiro/Neblina";"Simples";"Reta";"Não";2;1;0;0;0;1;0;2;-9,30324621;-35,94820361;"SPRF-AL";"DEL01-AL";"UOP02-DEL01-AL"
400983;2021-12-11;"sábado";"04:45:00";"SC";101;204,3;"SAO JOSE";"Velocidade Incompatível";"Colisão traseira";"Sem Vítimas";"Pleno dia";"Crescente";"Nublado";"Múltipla";"Reta";"Sim";2;0;0;0;1;1;0;2;-27,57413014;-48,61363083;"SPRF-SC";"DEL01-SC";"UOP01-DEL01-SC"
400984;2021-12-10;"sexta-feira";"12:30:00";"RS";116;247;"SAO LEOPOLDO";"Manobra de mudança de faixa";"Queda de ocupante de veículo";"Com Vítimas Feridas";"Pleno dia";"Decrescente";"Céu Claro";"Dupla";"Reta";"Sim";1;0;1;0;0;0;1;1;-29,76733091;-51,1535296;"SPRF-RS";"DEL01-RS";"UOP02-DEL01-RS"
400985;2021-12-11;"sábado";"04:30:00";"DF";80;5;"BRASILIA";"Neblina";"Colisão lateral sentido oposto";"Com Vítimas Feridas";"Amanhecer";"Crescente";"Nevoeiro/Neblina";"Simples";"Reta";"Não";2;0;2;0;0;0;2;2;-15,729602;-48,121304;"SPRF-DF";"DEL03-DF";"UOP02-DEL03-DF"
400987;2021-12-11;"sábado";"05:05:00";"RS";116;270;"CANOAS";"Ausência de reação do condutor";"Queda de ocupante de veículo";"Com Vítimas Feridas";"Pleno dia";"Decrescente";"Céu Claro";"Múltipla";"Reta";"Sim";1;0;1;0;0;0;1;1;-29,96839095;-51,17623895;"SPRF-RS";"DEL01-RS";"UOP01-DEL01-RS"
400988;2021-12-11;"sábado";"04:40:00";"PR";369;399,8;"MAMBORE";"Ingestão de álcool pelo condutor";"Saída de leito carroçável";"Com Vítimas Feridas";"Plena Noite";"Crescente";"Céu Claro";"Simples";"Declive";"Não";2;0;2;0;0;0;2;1;-24,3069;-52,6082;"SPRF-PR";"DEL04-PR";"UOP03-DEL04-PR"
400989;2021-12-11;"sábado";"04:20:00";"SP";116;153;"SAO JOSE DOS CAMPOS";"Ausência de reação do condutor";"Colisão com objeto";"Sem Vítimas";"Amanhecer";"Decrescente";"Céu Claro";"Dupla";"Reta";"Sim";1;0;0;0;1;0;0;1;-23,23305217;-45,91429532;"SPRF-SP";"DEL02-SP";"UOP01-DEL02-SP"
400991;2021-12-11;"sábado";"05:20:00";"RS";290;94;"PORTO ALEGRE";"Velocidade Incompatível";"Colisão com objeto";"Com Vítimas Feridas";"Amanhecer";"Decrescente";"Céu Claro";"Dupla";"Curva";"Não";1;0;1;0;0;0;1;1;-29,973856;-51,197853;"SPRF-RS";"DEL01-RS";"UOP01-DEL01-RS"
400993;2021-12-11;"sábado";"06:20:00";"MG";381;485,1;"BETIM";"Ausência de reação do condutor";"Colisão traseira";"Com Vítimas Feridas";"Amanhecer";"Decrescente";"Céu Claro";"Múltipla";"Reta";"Sim";2;0;1;0;1;0;1;2;-19,95659361;-44,12622893;"SPRF-MG";"DEL01-MG";"UOP03-DEL01-MG"
400994;2021-12-10;"sexta-feira";"17:15:00";"ES";101;149;"LINHARES";"Desrespeitar a preferência no cruzamento";"Colisão transversal";"Sem Vítimas";"Anoitecer";"Decrescente";"Nublado";"Dupla";"Interseção de Vias";"Sim";1;0;0;0;1;0;0;1;-19,39619083;-40,06435871;"SPRF-ES";"DEL04-ES";"UOP01-DEL04-ES"
400995;2021-12-11;"sábado";"05:00:00";"SP";116;565;"BARRA DO TURVO";"Reação tardia ou ineficiente do condutor";"Saída de leito carroçável";"Com Vítimas Feridas";"Anoitecer";"Decrescente";"Céu Claro";"Simples";"Reta";"Não";1;0;1;0;0;0;1;1;-25,04462583;-48,54212523;"SPRF-SP";"DEL05-SP";"UOP02-DEL05-SP"
400996;2021-12-11;"sábado";"05:50:00";"RS";101;70,3;"MAQUINE";"Ingestão de álcool e/ou substâncias psicoativas pelo pedestre";"Atropelamento de Pedestre";"Com Vítimas Feridas";"Amanhecer";"Crescente";"Céu Claro";"Dupla";"Reta";"Não";2;0;0;1;1;0;1;2;-29,759604;-50,21723;"SPRF-RS";"DEL03-RS";"UOP01-DEL03-RS"
400997;2021-12-11;"sábado";"06:10:00";"SC";101;191,2;"BIGUACU";"Condutor Dormindo";"Tombamento";"Com Vítimas Feridas";"Pleno dia";"Decrescente";"Nublado";"Dupla";"Reta";"Sim";1;0;1;0;0;0;1;1;-27,47730273;-48,64127329;"SPRF-SC";"DEL01-SC";"UOP01-DEL01-SC"
400998;2021-12-10;"sexta-feira";"23:00:00";"ES";101;225,6;"IBIRACU";"Ingestão de álcool pelo condutor";"Saída de leito carroçável";"Sem Vítimas";"Plena Noite";"Crescente";"Céu Claro";"Simples";"Reta";"Não";1;0;0;0;0;1;0;1;-19,89290688;-40,41230369;"SPRF-ES";"DEL02-ES";"UOP01-DEL02-ES"
400999;2021-12-11;"sábado";"05:25:00";"SC";101;98,4;"BALNEARIO PICARRAS";"Condutor Dormindo";"Saída de leito carroçável";"Com Vítimas Feridas";"Amanhecer";"Decrescente";"Nublado";"Dupla";"Reta";"Sim";1;0;1;0;0;0;1;1;-26,73760897;-48,69918789;"SPRF-SC";"DEL03-SC";"UOP02-DEL03-SC"
401000;2021-12-11;"sábado";"03:20:00";"PE";428;184,5;"PETROLINA";"Desrespeitar a preferência no cruzamento";"Colisão transversal";"Com Vítimas Feridas";"Plena Noite";"Decrescente";"Céu Claro";"Simples";"Interseção de Vias";"Não";3;0;0;2;0;1;2;2;-9,33211208;-40,46621385;"SPRF-PE";"DEL06-PE";"UOP01-DEL06-PE"
401002;2021-12-11;"sábado";"06:30:00";"RJ";101;486,8;"ANGRA DOS REIS";"Reação tardia ou ineficiente do condutor";"Colisão lateral mesmo sentido";"Com Vítimas Feridas";"Pleno dia";"Decrescente";"Céu Claro";"Simples";"Reta";"Sim";3;0;1;1;1;0;2;2;-22,97708786;-44,29634653;"SPRF-RJ";"DEL03-RJ";"UOP03-DEL03-RJ"
401004;2021-12-11;"sábado";"06:50:00";"SC";101;214;"PALHOCA";"Reação tardia ou ineficiente do condutor";"Tombamento";"Com Vítimas Feridas";"Pleno dia";"Decrescente";"Céu Claro";"Múltipla";"Reta";"Sim";1;0;1;0;0;0;1;1;-27,65026887;-48,67478728;"SPRF-SC";"DEL01-SC";"UOP02-DEL01-SC"
401005;2021-12-11;"sábado";"07:10:00";"PR";116;111;"SAO JOSE DOS PINHAIS";"Velocidade Incompatível";"Colisão traseira";"Com Vítimas Feridas";"Pleno dia";"Decrescente";"Sol";"Dupla";"Reta";"Sim";2;0;0;1;1;0;1;2;-25,56885181;-49,22724597;"SPRF-PR";"DEL01-PR";"UOP01-DEL01-PR"
401006;2021-12-10;"sexta-feira";"18:20:00";"SP";381;39;"ATIBAIA";"Ausência de reação do condutor";"Colisão traseira";"Com Vítimas Feridas";"Pleno dia";"Decrescente";"Céu Claro";"Dupla";"Reta";"Sim";2;0;1;0;1;0;1;2;-23,1215761;-46,57471572;"SPRF-SP";"DEL03-SP";"UOP01-DEL03-SP"
401007;2021-12-11;"sábado";"04:30:00";"GO";153;627;"MORRINHOS";"Ingestão de álcool pelo condutor";"Queda de ocupante de veículo";"Com Vítimas Feridas";"Amanhecer";"Crescente";"Céu Claro";"Dupla";"Reta";"Não";1;0;1;0;0;0;1;1;-17,7792;-49,1788;"SPRF-GO";"DEL03-GO";"UOP01-DEL03-GO"
401008;2021-12-11;"sábado";"01:00:00";"SP";381;30;"ATIBAIA";"Ausência de reação do condutor";"Colisão traseira";"Com Vítimas Feridas";"Pleno dia";"Decrescente";"Céu Claro";"Dupla";"Reta";"Não";2;0;1;0;1;0;1;2;-23,04885102;-46,56482797;"SPRF-SP";"DEL03-SP";"UOP01-DEL03-SP"
401010;2021-12-11;"sábado";"06:00:00";"PR";369;209;"APUCARANA";"Ausência de reação do condutor";"Saída de leito carroçável";"Com Vítimas Fatais";"Pleno dia";"Decrescente";"Céu Claro";"Simples";"Reta";"Sim";1;1;0;0;0;0;0;1;-23,565522;-51,50528;"SPRF-PR";"DEL07-PR";"UOP02-DEL07-PR"
401011;2021-12-11;"sábado";"07:42:00";"TO";153;135,5;"ARAGUAINA";"Mal súbito do condutor";"Saída de leito carroçável";"Com Vítimas Fatais";"Pleno dia";"Crescente";"Céu Claro";"Simples";"Reta";"Sim";3;1;0;1;0;1;1;2;-7,12896688;-48,19843215;"SPRF-TO";"DEL02-TO";"UOP01-DEL02-TO"
401012;2021-12-11;"sábado";"02:00:00";"SP";116;275;"TABOAO DA SERRA";"Condutor Dormindo";"Queda de ocupante de veículo";"Com Vítimas Feridas";"Plena Noite";"Decrescente";"Céu Claro";"Dupla";"Reta";"Não";1;0;1;0;0;0;1;1;-23,63638826;-46,83251584;"SPRF-SP";"DEL04-SP";"UOP01-DEL04-SP"
401015;2021-12-11;"sábado";"07:15:00";"SC";101;301,9;"LAGUNA";"Ultrapassagem Indevida";"Colisão lateral sentido oposto";"Com Vítimas Feridas";"Pleno dia";"Crescente";"Nublado";"Simples";"Reta";"Sim";3;0;0;1;1;1;1;3;-28,34625432;-48,73549064;"SPRF-SC";"DEL02-SC";"UOP03-DEL02-SC"
401016;2021-12-11;"sábado";"07:50:00";"SE";235;56;"ITABAIANA";"Acessar a via sem observar a presença dos outros veículos";"Colisão transversal";"Com Vítimas Feridas";"Pleno dia";"Crescente";"Céu Claro";"Simples";"Reta;Declive";"Não";2;0;1;0;0;1;1;2;-10,66104024;-37,4476397;"SPRF-SE";"DEL01-SE";"UOP02-DEL01-SE"
401020;2021-12-11;"sábado";"08:55:00";"CE";222;5,5;"CAUCAIA";"Conversão proibida";"Atropelamento de Pedestre";"Com Vítimas Fatais";"Pleno dia";"Decrescente";"Céu Claro";"Múltipla";"Reta";"Sim";2;1;0;0;0;1;0;2;-3,74296918;-38,61330997;"SPRF-CE";"DEL01-CE";"UOP01-DEL01-CE"
401023;2021-12-11;"sábado";"08:50:00";"PI";343;259;"CAMPO MAIOR";"Condutor deixou de manter distância do veículo da frente";"Colisão traseira";"Com Vítimas Feridas";"Pleno dia";"Decrescente";"Nublado";"Simples";"Reta";"Sim";4;0;2;0;2;0;2;2;-4,796538;-42,131245;"SPRF-PI";"DEL01-PI";"UOP03-DEL01-PI"
401025;2021-12-11;"sábado";"06:30:00";"MG";267;155,2;"LIMA DUARTE";"Demais falhas mecânicas ou elétricas";"Saída de leito carroçável";"Com Vítimas Fatais";"Pleno dia";"Decrescente";"Céu Claro";"Simples";"Reta";"Não";4;1;1;0;2;0;1;1;-21,83547518;-43,76759901;"SPRF-MG";"DEL05-MG";"UOP01-DEL05-MG"
401029;2021-12-11;"sábado";"10:15:00";"AP";156;818;"OIAPOQUE";"Velocidade Incompatível";"Colisão transversal";"Com Vítimas Feridas";"Pleno dia";"Decrescente";"Céu Claro";"Simples";"Reta";"Sim";2;0;1;0;1;0;1;2;3,83155624;-51,80131985;"SPRF-AP";"DEL01-AP";"UOP03-DEL01-AP"
401030;2021-12-10;"sexta-feira";"20:50:00";"MG";116;763,3;"LEOPOLDINA";"Desrespeitar a preferência no cruzamento";"Colisão transversal";"Com Vítimas Feridas";"Plena Noite";"Decrescente";"Nublado";"Simples";"Interseção de Vias";"Sim";2;0;1;0;0;1;1;2;-21,52635545;-42,63256914;"SPRF-MG";"DEL07-MG";"UOP01-DEL07-MG"
401031;2021-12-11;"sábado";"09:00:00";"MG";116;600,3;"SAO JOAO DO MANHUACU";"Manobra de mudança de faixa";"Colisão transversal";"Com Vítimas Feridas";"Pleno dia";"Crescente";"Céu Claro";"Simples";"Reta";"Não";2;0;0;1;1;0;1;2;-20,33157703;-42,14776317;"SPRF-MG";"DEL06-MG";"UOP03-DEL06-MG"
401034;2021-12-11;"sábado";"10:15:00";"PE";101;90;"CABO DE SANTO AGOSTINHO";"Reação tardia ou ineficiente do condutor";"Colisão lateral mesmo sentido";"Com Vítimas Feridas";"Pleno dia";"Crescente";"Céu Claro";"Dupla";"Reta";"Não";4;0;3;0;1;0;3;2;-8,21612792;-34,98772817;"SPRF-PE";"DEL01-PE";"UOP01-DEL01-PE"
401037;2021-12-11;"sábado";"11:20:00";"SC";470;55,2;"BLUMENAU";"Reação tardia ou ineficiente do condutor";"Colisão lateral mesmo sentido";"Com Vítimas Feridas";"Pleno dia";"Crescente";"Céu Claro";"Simples";"Reta";"Sim";3;0;2;0;1;0;2;2;-26,875601;-49,117992;"SPRF-SC";"DEL04-SC";"UOP01-DEL04-SC"
401038;2021-12-11;"sábado";"10:30:00";"SP";381;63;"MAIRIPORA";"Problema com o freio";"Colisão traseira";"Com Vítimas Feridas";"Pleno dia";"Crescente";"Céu Claro";"Dupla";"Reta";"Não";2;0;1;0;1;0;1;2;-23,302805;-46,572767;"SPRF-SP";"DEL03-SP";"UOP01-DEL03-SP"
401040;2021-12-11;"sábado";"10:00:00";"MS";163;766;"COXIM";"Ultrapassagem Indevida";"Colisão com objeto";"Com Vítimas Feridas";"Pleno dia";"Crescente";"Céu Claro";"Simples";"Reta";"Não";2;0;1;0;1;0;1;1;-18,20500493;-54,65239127;"SPRF-MS";"DEL06-MS";"UOP01-DEL06-MS"
401041;2021-12-11;"sábado";"11:20:00";"SP";381;31;"ATIBAIA";"Reação tardia ou ineficiente do condutor";"Colisão traseira";"Com Vítimas Feridas";"Pleno dia";"Decrescente";"Céu Claro";"Dupla";"Declive;Reta";"Não";2;0;1;0;1;0;1;2;-23,056875;-46,57087;"SPRF-SP";"DEL03-SP";"UOP01-DEL03-SP"
401043;2021-12-11;"sábado";"11:00:00";"RJ";101;90,8;"CAMPOS DOS GOYTACAZES";"Velocidade Incompatível";"Saída de leito carroçável";"Com Vítimas Feridas";"Pleno dia";"Crescente";"Céu Claro";"Dupla";"Reta";"Não";1;0;1;0;0;0;1;1;-21,84358267;-41,51745547;"SPRF-RJ";"DEL08-RJ";"UOP02-DEL08-RJ"
401044;2021-12-11;"sábado";"10:50:00";"SC";101;44,1;"JOINVILLE";"Condutor deixou de manter distância do veículo da frente";"Colisão traseira";"Sem Vítimas";"Pleno dia";"Crescente";"Céu Claro";"Dupla";"Reta";"Não";3;0;0;0;3;0;0;2;-26,34137645;-48,8585186;"SPRF-SC";"DEL03-SC";"UOP01-DEL03-SC"
401045;2021-12-11;"sábado";"11:30:00";"PA";10;234,3;"IPIXUNA DO PARA";"Ausência de reação do condutor";"Saída de leito carroçável";"Com Vítimas Feridas";"Pleno dia";"Decrescente";"Sol";"Simples";"Reta";"Sim";3;0;1;0;2;0;1;1;-2,38812496;-47,54101793;"SPRF-PA";"DEL02-PA";"UOP01-DEL02-PA"
401046;2021-12-11;"sábado";"11:20:00";"SC";101;52,1;"JOINVILLE";"Frear bruscamente";"Colisão com objeto";"Com Vítimas Feridas";"Pleno dia";"Decrescente";"Céu Claro";"Dupla";"Reta";"Não";1;0;1;0;0;0;1;1;-26,40632314;-48,83797288;"SPRF-SC";"DEL03-SC";"UOP01-DEL03-SC"
401050;2021-12-11;"sábado";"11:50:00";"RO";319;63;"PORTO VELHO";"Condutor desrespeitou a iluminação vermelha do semáforo";"Colisão transversal";"Com Vítimas Feridas";"Pleno dia";"Crescente";"Céu Claro";"Múltipla";"Reta";"Sim";2;0;1;0;1;0;1;2;-8,766685;-63,884052;"SPRF-RO";"DEL01-RO";"UOP01-DEL01-RO"
401051;2021-12-11;"sábado";"12:20:00";"PR";153;5;"IMBITUVA";"Conversão proibida";"Colisão transversal";"Com Vítimas Feridas";"Pleno dia";"Decrescente";"Céu Claro";"Simples";"Reta";"Sim";2;0;0;1;1;0;1;2;-25,24593808;-50,62637329;"SPRF-PR";"DEL07-PR";"UOP04-DEL07-PR"
401054;2021-12-11;"sábado";"13:00:00";"ES";482;44,7;"CACHOEIRO DE ITAPEMIRIM";"Ausência de reação do condutor";"Saída de leito carroçável";"Com Vítimas Fatais";"Pleno dia";"Crescente";"Céu Claro";"Simples";"Reta";"Não";4;1;3;0;0;0;3;1;-20,75731653;-41,22825196;"SPRF-ES";"DEL03-ES";"UOP02-DEL03-ES"
401056;2021-12-11;"sábado";"14:00:00";"PI";343;344;"TERESINA";"Manobra de mudança de faixa";"Colisão transversal";"Sem Vítimas";"Pleno dia";"Crescente";"Céu Claro";"Simples";"Reta";"Sim";4;0;0;0;2;2;0;3;-5,094729;-42,762775;"SPRF-PI";"DEL01-PI";"UOP01-DEL01-PI"
401059;2021-12-11;"sábado";"13:00:00";"SP";381;79;"SAO PAULO";"Avarias e/ou desgaste excessivo no pneu";"Colisão traseira";"Com Vítimas Feridas";"Pleno dia";"Decrescente";"Sol";"Múltipla";"Curva";"Não";2;0;1;0;1;0;1;2;-23,40319901;-46,57564699;"SPRF-SP";"DEL03-SP";"UOP01-DEL03-SP"
401064;2021-12-11;"sábado";"14:30:00";"SC";101;164;"TIJUCAS";"Acessar a via sem observar a presença dos outros veículos";"Colisão transversal";"Com Vítimas Feridas";"Pleno dia";"Decrescente";"Céu Claro";"Dupla";"Interseção de Vias";"Sim";2;0;0;1;1;0;1;2;-27,243868;-48,6309;"SPRF-SC";"DEL04-SC";"UOP03-DEL04-SC"
401065;2021-12-11;"sábado";"15:10:00";"SP";116;135;"SAO JOSE DOS CAMPOS";"Condutor deixou de manter distância do veículo da frente";"Engavetamento";"Com Vítimas Feridas";"Pleno dia";"Decrescente";"Céu Claro";"Dupla";"Reta";"Não";9;0;2;0;3;4;2;8;-23,144484;-45,77018;"SPRF-SP";"DEL02-SP";"UOP01-DEL02-SP"
401066;2021-12-11;"sábado";"14:35:00";"GO";60;2;"SANTO ANTONIO DO DESCOBERTO";"Avarias e/ou desgaste excessivo no pneu";"Capotamento";"Com Vítimas Feridas";"Pleno dia";"Decrescente";"Garoa/Chuvisco";"Dupla";"Curva;Aclive";"Não";6;0;2;0;4;0;2;1;-16,0677;-48,2639;"SPRF-DF";"DEL03-DF";"UOP01-DEL03-DF"
401067;2021-12-11;"sábado";"14:50:00";"GO";40;4,3;"VALPARAISO DE GOIAS";"Trafegar com motocicleta (ou similar) entre as faixas";"Colisão lateral mesmo sentido";"Com Vítimas Feridas";"Pleno dia";"Crescente";"Nublado";"Dupla";"Reta";"Sim";2;0;1;0;1;0;1;2;-16,085241;-47,986752;"SPRF-DF";"DEL01-DF";"UOP01-DEL01-DF"
401070;2021-12-11;"sábado";"15:20:00";"MG";381;655,2;"SANTO ANTONIO DO AMPARO";"Ausência de reação do condutor";"Saída de leito carroçável";"Com Vítimas Feridas";"Pleno dia";"Decrescente";"Nublado";"Dupla";"Declive;Reta";"Não";4;0;1;0;3;0;1;1;-21,00073835;-44,96765656;"SPRF-MG";"DEL04-MG";"UOP02-DEL04-MG"
401071;2021-12-11;"sábado";"15:20:00";"SC";282;459,8;"PONTE SERRADA";"Acessar a via sem observar a presença dos outros veículos";"Colisão transversal";"Com Vítimas Feridas";"Pleno dia";"Decrescente";"Céu Claro";"Simples";"Reta";"Não";4;0;2;0;2;0;2;2;-26,863695;-52,024818;"SPRF-SC";"DEL07-SC";"UOP04-DEL07-SC"
401072;2021-12-11;"sábado";"15:00:00";"MG";365;68,3;"JEQUITAI";"Ausência de reação do condutor";"Saída de leito carroçável";"Com Vítimas Feridas";"Pleno dia";"Decrescente";"Chuva";"Simples";"Curva";"Não";3;0;3;0;0;0;3;1;-17,06346094;-44,3372752;"SPRF-MG";"DEL12-MG";"UOP01-DEL12-MG"
401073;2021-12-11;"sábado";"12:10:00";"DF";60;22;"BRASILIA";"Ausência de reação do condutor";"Colisão com objeto";"Com Vítimas Feridas";"Pleno dia";"Crescente";"Chuva";"Dupla";"Curva";"Não";1;0;1;0;0;0;1;1;-15,984106;-48,215378;"SPRF-DF";"DEL03-DF";"UOP01-DEL03-DF"
401074;2021-12-11;"sábado";"15:00:00";"SP";381;89;"GUARULHOS";"Ausência de reação do condutor";"Colisão lateral mesmo sentido";"Com Vítimas Feridas";"Pleno dia";"Decrescente";"Céu Claro";"Múltipla";"Reta";"Sim";2;0;2;0;0;0;2;1;-23,48469299;-46,55983288;"SPRF-SP";"DEL03-SP";"UOP01-DEL03-SP"
401075;2021-12-11;"sábado";"15:30:00";"SC";470;139,7;"RIO DO SUL";"Acessar a via sem observar a presença dos outros veículos";"Colisão transversal";"Com Vítimas Feridas";"Pleno dia";"Crescente";"Céu Claro";"Dupla";"Retorno Regulamentado;Reta";"Sim";4;0;1;0;3;0;1;2;-27,217564;-49,65461;"SPRF-SC";"DEL04-SC";"UOP02-DEL04-SC"
401076;2021-12-11;"sábado";"15:00:00";"PR";476;122;"COLOMBO";"Desrespeitar a preferência no cruzamento";"Colisão transversal";"Com Vítimas Feridas";"Pleno dia";"Crescente";"Céu Claro";"Múltipla";"Reta";"Sim";2;0;1;0;1;0;1;2;-25,385775;-49,203377;"SPRF-PR";"DEL01-PR";"UOP02-DEL01-PR"
401077;2021-12-11;"sábado";"14:50:00";"GO";50;300;"CUMARI";"Velocidade Incompatível";"Colisão com objeto";"Sem Vítimas";"Pleno dia";"Decrescente";"Chuva";"Dupla";"Curva;Declive";"Não";1;0;0;0;1;0;0;1;-18,3296;-48,025;"SPRF-GO";"DEL06-GO";"UOP01-DEL06-GO"