"id";"data_inversa";"dia_semana";"horario";"uf";"br";"km";"municipio";"causa_acidente";"tipo_acidente";"classificacao_acidente";"fase_dia";"sentido_via";"condicao_metereologica";"tipo_pista";"tracado_via";"uso_solo";"pessoas";"mortos";"feridos_leves";"feridos_graves";"ilesos";"ignorados";"feridos";"veiculos";"latitude";"longitude";"regional";"delegacia";"uop"
401078;2021-12-11;"sábado";"16:00:00";"PR";376;166,4;"MARINGA";"Manobra de mudança de faixa";"Queda de ocupante de veículo";"Com Vítimas Feridas";"Pleno dia";"Crescente";"Céu Claro";"Dupla";"Declive;Reta";"Não";1;0;1;0;0;0;1;1;-23,39663206;-52,00514304;"SPRF-PR";"DEL09-PR";"UOP01-DEL09-PR"
401079;2021-12-11;"sábado";"15:15:00";"GO";60;185;"GUAPO";"Reação tardia ou ineficiente do condutor";"Saída de leito carroçável";"Com Vítimas Feridas";"Pleno dia";"Crescente";"Chuva";"Simples";"Curva";"Não";5;0;1;0;3;1;1;2;-16,7956;-49,51;"SPRF-GO";"DEL01-GO";"UOP02-DEL01-GO"
401080;2021-12-11;"sábado";"14:30:00";"MT";163;1063;"GUARANTA DO NORTE";"Ultrapassagem Indevida";"Colisão lateral mesmo sentido";"Com Vítimas Feridas";"Pleno dia";"Decrescente";"Céu Claro";"Simples";"Reta";"Sim";4;0;1;0;3;0;1;2;-9,9703221;-54,9053898;"SPRF-MT";"DEL06-MT";"NPF/DEL06-MT"
401081;2021-12-11;"sábado";"13:10:00";"RO";319;63;"PORTO VELHO";"Manobra de mudança de faixa";"Colisão lateral mesmo sentido";"Com Vítimas Feridas";"Pleno dia";"Crescente";"Nublado";"Múltipla";"Reta";"Sim";2;0;1;0;1;0;1;2;-8,76081564;-63,88571631;"SPRF-RO";"DEL01-RO";"UOP01-DEL01-RO"
401084;2021-12-11;"sábado";"16:25:00";"SP";381;44,2;"ATIBAIA";"Reação tardia ou ineficiente do condutor";"Saída de leito carroçável";"Com Vítimas Feridas";"Pleno dia";"Crescente";"Sol";"Dupla";"Reta";"Sim";2;0;1;0;1;0;1;1;-23,16458615;-46,57418959;"SPRF-SP";"DEL03-SP";"UOP01-DEL03-SP"
401085;2021-12-11;"sábado";"11:40:00";"PR";116;208,3;"RIO NEGRO";"Acessar a via sem observar a presença dos outros veículos";"Colisão transversal";"Com Vítimas Feridas";"Pleno dia";"Decrescente";"Sol";"Simples";"Reta";"Sim";2;0;1;0;1;0;1;2;-26,07336494;-49,74365505;"SPRF-SC";"DEL06-SC";"UOP01-DEL06-SC"
401087;2021-12-11;"sábado";"16:40:00";"ES";482;40;"CACHOEIRO DE ITAPEMIRIM";"Demais falhas mecânicas ou elétricas";"Tombamento";"Com Vítimas Feridas";"Pleno dia";"Decrescente";"Sol";"Simples";"Reta";"Não";1;0;1;0;0;0;1;1;-20,7584624;-41,19524761;"SPRF-ES";"DEL03-ES";"UOP02-DEL03-ES"
401088;2021-12-11;"sábado";"13:10:00";"PE";428;189;"PETROLINA";"Acessar a via sem observar a presença dos outros veículos";"Colisão transversal";"Com Vítimas Feridas";"Pleno dia";"Crescente";"Céu Claro";"Múltipla";"Reta";"Sim";2;0;0;1;1;0;1;2;-9,37197508;-40,48679585;"SPRF-PE";"DEL06-PE";"UOP01-DEL06-PE"
401089;2021-12-11;"sábado";"12:30:00";"PR";376;175,3;"MARINGA";"Reação tardia ou ineficiente do condutor";"Colisão transversal";"Com Vítimas Feridas";"Pleno dia";"Decrescente";"Céu Claro";"Dupla";"Reta";"Sim";2;0;0;1;1;0;1;2;-23,4113569;-51,9407767;"SPRF-PR";"DEL09-PR";"UOP01-DEL09-PR"
401091;2021-12-11;"sábado";"14:15:00";"PR";376;667;"GUARATUBA";"Velocidade Incompatível";"Colisão com objeto";"Sem Vítimas";"Pleno dia";"Crescente";"Céu Claro";"Dupla";"Curva";"Não";1;0;0;0;0;1;0;1;-25,86649659;-48,94666822;"SPRF-PR";"DEL01-PR";"UOP04-DEL01-PR"
401093;2021-12-11;"sábado";"16:45:00";"RS";287;357;"JAGUARI";"Velocidade Incompatível";"Saída de leito carroçável";"Com Vítimas Feridas";"Pleno dia";"Decrescente";"Céu Claro";"Simples";"Curva";"Não";3;0;2;1;0;0;3;1;-29,47029184;-54,70059495;"SPRF-RS";"DEL12-RS";"UOP02-DEL12-RS"
401094;2021-12-11;"sábado";"16:00:00";"MA";230;0;"BARAO DE GRAJAU";"Ausência de reação do condutor";"Colisão com objeto";"Sem Vítimas";"Pleno dia";"Crescente";"Nublado";"Simples";"Ponte";"Sim";1;0;0;0;0;1;0;1;-6,760894;-43,01105;"SPRF-PI";"DEL03-PI";"UOP01-DEL03-PI"
401095;2021-12-11;"sábado";"12:10:00";"PE";428;188;"PETROLINA";"Manobra de mudança de faixa";"Colisão com objeto";"Com Vítimas Feridas";"Pleno dia";"Crescente";"Céu Claro";"Dupla";"Rotatória";"Sim";1;0;0;1;0;0;1;1;-9,36400596;-40,48266808;"SPRF-PE";"DEL06-PE";"UOP01-DEL06-PE"
401096;2021-12-11;"sábado";"18:15:00";"SP";116;115;"TAUBATE";"Demais falhas mecânicas ou elétricas";"Tombamento";"Com Vítimas Feridas";"Anoitecer";"Crescente";"Céu Claro";"Dupla";"Reta";"Sim";2;0;2;0;0;0;2;1;-23,0496047;-45,59973712;"SPRF-SP";"DEL02-SP";"UOP02-DEL02-SP"
401097;2021-12-11;"sábado";"16:40:00";"RS";116;233;"NOVO HAMBURGO";"Ingestão de álcool pelo condutor";"Colisão traseira";"Sem Vítimas";"Pleno dia";"Crescente";"Céu Claro";"Simples";"Reta";"Sim";4;0;0;0;3;1;0;3;-29,64206007;-51,14268362;"SPRF-RS";"DEL01-RS";"UOP02-DEL01-RS"
401099;2021-12-11;"sábado";"12:35:00";"MT";70;285;"PRIMAVERA DO LESTE";"Ingestão de álcool pelo condutor";"Saída de leito carroçável";"Sem Vítimas";"Pleno dia";"Crescente";"Céu Claro";"Simples";"Aclive";"Não";1;0;0;0;1;0;0;1;-15,57491699;-54,340294;"SPRF-MT";"DEL05-MT";"UOP01-DEL05-MT"
401100;2021-12-11;"sábado";"15:54:00";"RS";470;236;"CARLOS BARBOSA";"Acesso irregular";"Colisão traseira";"Com Vítimas Feridas";"Pleno dia";"Crescente";"Céu Claro";"Simples";"Reta";"Não";2;0;2;0;0;0;2;2;-29,31235085;-51,48694723;"SPRF-RS";"DEL06-RS";"UOP01-DEL06-RS"
401101;2021-12-11;"sábado";"17:55:00";"SC";470;139,8;"RIO DO SUL";"Ultrapassagem Indevida";"Colisão frontal";"Com Vítimas Fatais";"Pleno dia";"Crescente";"Sol";"Simples";"Reta";"Sim";5;1;1;0;0;3;1;3;-27,20289;-49,63477;"SPRF-SC";"DEL04-SC";"UOP02-DEL04-SC"
401102;2021-12-11;"sábado";"17:50:00";"RS";116;268;"CANOAS";"Demais falhas mecânicas ou elétricas";"Colisão com objeto";"Sem Vítimas";"Pleno dia";"Decrescente";"Céu Claro";"Dupla";"Reta";"Sim";1;0;0;0;1;0;0;1;-29,94969819;-51,17641389;"SPRF-RS";"DEL01-RS";"UOP01-DEL01-RS"
401103;2021-12-11;"sábado";"17:20:00";"SC";101;155;"PORTO BELO";"Velocidade Incompatível";"Saída de leito carroçável";"Com Vítimas Feridas";"Pleno dia";"Crescente";"Nublado";"Dupla";"Curva";"Não";1;0;1;0;0;0;1;1;-27,16292;-48,61129;"SPRF-SC";"DEL04-SC";"UOP03-DEL04-SC"
401104;2021-12-11;"sábado";"18:40:00";"GO";60;136;"GOIANIA";"Ausência de reação do condutor";"Capotamento";"Com Vítimas Feridas";"Plena Noite";"Crescente";"Céu Claro";"Dupla";"Curva";"Sim";1;0;1;0;0;0;1;1;-16,5959;-49,1965;"SPRF-GO";"DEL01-GO";"UOP01-DEL01-GO"
401105;2021-12-11;"sábado";"18:45:00";"GO";153;530,5;"HIDROLANDIA";"Velocidade Incompatível";"Colisão com objeto";"Com Vítimas Feridas";"Anoitecer";"Decrescente";"Nublado";"Dupla";"Viaduto";"Sim";2;0;0;1;1;0;1;1;-16,9677;-49,2331;"SPRF-GO";"DEL01-GO";"UOP03-DEL01-GO"
401107;2021-12-11;"sábado";"18:32:00";"PR";116;66;"QUATRO BARRAS";"Reação tardia ou ineficiente do condutor";"Saída de leito carroçável";"Com Vítimas Feridas";"Pleno dia";"Decrescente";"Sol";"Dupla";"Retorno Regulamentado";"Não";1;0;1;0;0;0;1;1;-25,31402218;-49,01651144;"SPRF-PR";"DEL01-PR";"UOP02-DEL01-PR"
401108;2021-12-11;"sábado";"17:50:00";"MT";364;312;"CAMPO VERDE";"Acessar a via sem observar a presença dos outros veículos";"Colisão traseira";"Com Vítimas Feridas";"Anoitecer";"Decrescente";"Céu Claro";"Dupla";"Reta";"Não";2;0;1;0;1;0;1;2;-15,81254719;-55,25660503;"SPRF-MT";"DEL05-MT";"UOP02-DEL05-MT"
401109;2021-12-11;"sábado";"18:30:00";"SE";101;51,5;"CARMOPOLIS";"Reação tardia ou ineficiente do condutor";"Tombamento";"Com Vítimas Fatais";"Plena Noite";"Crescente";"Céu Claro";"Simples";"Curva";"Não";2;1;0;0;0;1;0;2;-10,61153091;-36,97737715;"SPRF-SE";"DEL02-SE";"UOP02-DEL02-SE"
401110;2021-12-11;"sábado";"19:05:00";"PB";361;6;"PATOS";"Animais na Pista";"Tombamento";"Com Vítimas Feridas";"Plena Noite";"Crescente";"Céu Claro";"Simples";"Reta";"Não";2;0;2;0;0;0;2;1;-7,03594312;-37,31112598;"SPRF-PB";"DEL03-PB";"UOP01-DEL03-PB"
401111;2021-12-11;"sábado";"17:54:00";"SC";101;220;"PALHOCA";"Ultrapassagem Indevida";"Colisão traseira";"Com Vítimas Feridas";"Pleno dia";"Decrescente";"Céu Claro";"Dupla";"Reta";"Sim";2;0;0;1;0;1;1;2;-27,69198941;-48,66368358;"SPRF-SC";"DEL01-SC";"UOP02-DEL01-SC"
401113;2021-12-11;"sábado";"19:05:00";"PR";277;717,4;"SANTA TEREZINHA DE ITAIPU";"Reação tardia ou ineficiente do condutor";"Queda de ocupante de veículo";"Com Vítimas Feridas";"Pleno dia";"Decrescente";"Céu Claro";"Dupla";"Aclive;Reta";"Não";1;0;1;0;0;0;1;1;-25,47637493;-54,47651902;"SPRF-PR";"DEL05-PR";"UOP01-DEL05-PR"
401114;2021-12-11;"sábado";"19:00:00";"BA";101;158;"CONCEICAO DO JACUIPE";"Sinalização mal posicionada";"Colisão frontal";"Com Vítimas Feridas";"Plena Noite";"Crescente";"Céu Claro";"Simples";"Reta";"Não";3;0;2;0;0;1;2;2;-12,35551436;-38,782478;"SPRF-BA";"DEL01-BA";"UOP03-DEL01-BA"
401115;2021-12-11;"sábado";"19:55:00";"SP";116;152;"SAO JOSE DOS CAMPOS";"Ausência de reação do condutor";"Colisão traseira";"Com Vítimas Feridas";"Plena Noite";"Decrescente";"Céu Claro";"Dupla";"Reta";"Sim";4;0;1;0;3;0;1;3;-23,22620401;-45,90682999;"SPRF-SP";"DEL02-SP";"UOP01-DEL02-SP"
401117;2021-12-11;"sábado";"20:10:00";"RJ";40;124;"DUQUE DE CAXIAS";"Entrada inopinada do pedestre";"Atropelamento de Pedestre";"Com Vítimas Feridas";"Plena Noite";"Decrescente";"Céu Claro";"Múltipla";"Curva";"Sim";2;0;1;0;1;0;1;2;-22,813724;-43,287692;"SPRF-RJ";"DEL01-RJ";"UOP01-DEL01-RJ"
401118;2021-12-11;"sábado";"16:20:00";"BA";101;421,9;"IBIRAPITANGA";"Ultrapassagem Indevida";"Colisão frontal";"Com Vítimas Fatais";"Pleno dia";"Decrescente";"Céu Claro";"Simples";"Reta";"Não";3;1;0;0;2;0;0;2;-14,138331;-39,354582;"SPRF-BA";"DEL05-BA";"UOP03-DEL05-BA"
401119;2021-12-11;"sábado";"20:00:00";"RS";386;349;"LAJEADO";"Ingestão de álcool pelo condutor";"Colisão traseira";"Com Vítimas Feridas";"Plena Noite";"Crescente";"Ignorado";"Simples";"Aclive";"Sim";7;0;1;0;6;0;1;3;-29,467956;-51,95434;"SPRF-RS";"DEL04-RS";"UOP02-DEL04-RS"
401122;2021-12-11;"sábado";"18:55:00";"SP";116;67;"GUARATINGUETA";"Reação tardia ou ineficiente do condutor";"Colisão lateral mesmo sentido";"Sem Vítimas";"Plena Noite";"Crescente";"Nublado";"Dupla";"Rotatória";"Sim";2;0;0;0;2;0;0;2;-22,82867578;-45,2088941;"SPRF-SP";"DEL08-SP";"UOP01-DEL08-SP"
401123;2021-12-11;"sábado";"20:00:00";"SP";116;269;"TABOAO DA SERRA";"Trafegar com motocicleta (ou similar) entre as faixas";"Queda de ocupante de veículo";"Com Vítimas Feridas";"Plena Noite";"Decrescente";"Céu Claro";"Dupla";"Reta";"Sim";3;0;1;0;0;2;1;2;-23,61593059;-46,78826044;"SPRF-SP";"DEL04-SP";"UOP01-DEL04-SP"
401124;2021-12-11;"sábado";"20:00:00";"ES";262;54,6;"MARECHAL FLORIANO";"Ingestão de álcool pelo condutor";"Colisão frontal";"Com Vítimas Feridas";"Pleno dia";"Crescente";"Céu Claro";"Simples";"Curva";"Não";2;0;0;1;1;0;1;2;-20,41495529;-40,74098587;"SPRF-ES";"DEL01-ES";"UOP01-DEL01-ES"
401125;2021-12-11;"sábado";"19:45:00";"PB";230;40,7;"SANTA RITA";"Pedestre cruzava a pista fora da faixa";"Atropelamento de Pedestre";"Com Vítimas Feridas";"Plena Noite";"Crescente";"Céu Claro";"Dupla";"Aclive";"Não";3;0;0;1;0;2;1;2;-7,14311493;-34,98568296;"SPRF-PB";"DEL01-PB";"UOP03-DEL01-PB"
401127;2021-12-11;"sábado";"20:30:00";"MG";40;482,1;"SETE LAGOAS";"Reação tardia ou ineficiente do condutor";"Colisão traseira";"Com Vítimas Feridas";"Plena Noite";"Crescente";"Céu Claro";"Dupla";"Aclive;Reta";"Não";6;0;1;2;3;0;3;3;-19,55921;-44,24033;"SPRF-MG";"DEL02-MG";"UOP01-DEL02-MG"
401128;2021-12-11;"sábado";"19:00:00";"SP";116;225;"GUARULHOS";"Manobra de mudança de faixa";"Colisão lateral mesmo sentido";"Com Vítimas Feridas";"Anoitecer";"Decrescente";"Nublado";"Múltipla";"Reta";"Sim";2;0;1;0;1;0;1;2;-23,48586772;-46,54075317;"SPRF-SP";"DEL01-SP";"UOP01-DEL01-SP"
401132;2021-12-11;"sábado";"19:40:00";"SC";101;195;"BIGUACU";"Acumulo de água sobre o pavimento";"Colisão lateral mesmo sentido";"Com Vítimas Feridas";"Plena Noite";"Crescente";"Chuva";"Dupla";"Reta";"Sim";3;0;2;0;1;0;2;2;-27,5047092;-48,65010819;"SPRF-SC";"DEL01-SC";"UOP01-DEL01-SC"
401133;2021-12-11;"sábado";"11:45:00";"SC";158;139,2;"PALMITOS";"Acessar a via sem observar a presença dos outros veículos";"Colisão frontal";"Com Vítimas Feridas";"Pleno dia";"Crescente";"Céu Claro";"Simples";"Declive;Reta";"Não";2;0;1;0;0;1;1;2;-27,11399301;-53,21605682;"SPRF-SC";"DEL07-SC";"UOP02-DEL07-SC"
401134;2021-12-11;"sábado";"18:25:00";"PB";405;31,8;"SAO JOAO DO RIO DO PEIXE";"Ausência de reação do condutor";"Colisão traseira";"Com Vítimas Feridas";"Plena Noite";"Decrescente";"Céu Claro";"Simples";"Reta";"Sim";2;0;0;1;0;1;1;2;-6,717668;-38,448986;"SPRF-PB";"DEL03-PB";"UOP03-DEL03-PB"
401136;2021-12-11;"sábado";"19:45:00";"SC";282;69;"SAO MIGUEL DO OESTE";"Demais falhas na via";"Tombamento";"Com Vítimas Feridas";"Plena Noite";"Crescente";"Céu Claro";"Dupla";"Aclive;Reta";"Sim";1;0;1;0;0;0;1;1;-26,73177458;-53,510499;"SPRF-SC";"DEL01-SC";"UOP03-DEL01-SC"
401139;2021-12-11;"sábado";"20:30:00";"RJ";116;169;"SAO JOAO DE MERITI";"Condutor deixou de manter distância do veículo da frente";"Colisão traseira";"Sem Vítimas";"Plena Noite";"Decrescente";"Nublado";"Dupla";"Reta";"Sim";2;0;0;0;2;0;0;2;-22,816206;-43,324463;"SPRF-RJ";"DEL01-RJ";"UOP02-DEL01-RJ"
401140;2021-12-11;"sábado";"19:40:00";"BA";101;876,1;"TEIXEIRA DE FREITAS";"Animais na Pista";"Atropelamento de Animal";"Com Vítimas Fatais";"Plena Noite";"Decrescente";"Nublado";"Simples";"Reta";"Sim";1;1;0;0;0;0;0;1;-17,53074019;-39,71021913;"SPRF-BA";"DEL09-BA";"UOP02-DEL09-BA"
401141;2021-12-11;"sábado";"21:00:00";"RJ";116;142;"DUQUE DE CAXIAS";"Reação tardia ou ineficiente do condutor";"Capotamento";"Sem Vítimas";"Plena Noite";"Decrescente";"Céu Claro";"Dupla";"Reta";"Sim";2;0;0;0;2;0;0;2;-22,64876087;-43,23031638;"SPRF-RJ";"DEL01-RJ";"UOP01-DEL01-RJ"
401142;2021-12-11;"sábado";"22:00:00";"ES";482;9;"CACHOEIRO DE ITAPEMIRIM";"Entrada inopinada do pedestre";"Atropelamento de Pedestre";"Com Vítimas Feridas";"Plena Noite";"Crescente";"Céu Claro";"Dupla";"Interseção de Vias";"Sim";2;0;0;2;0;0;2;2;-20,86082851;-41,11900797;"SPRF-ES";"DEL03-ES";"UOP02-DEL03-ES"
401143;2021-12-11;"sábado";"21:25:00";"CE";20;425;"FORTALEZA";"Ausência de reação do condutor";"Saída de leito carroçável";"Com Vítimas Feridas";"Plena Noite";"Crescente";"Céu Claro";"Dupla";"Curva;Em Obras;Declive";"Sim";1;0;1;0;0;0;1;1;-3,76999035;-38,67006282;"SPRF-CE";"DEL01-CE";"UOP02-DEL01-CE"
401144;2021-12-11;"sábado";"21:35:00";"AL";316;35,4;"CANAPI";"Reação tardia ou ineficiente do condutor";"Colisão frontal";"Com Vítimas Feridas";"Plena Noite";"Crescente";"Céu Claro";"Simples";"Reta";"Sim";3;0;0;1;0;2;1;2;-9,11644666;-37,60902992;"SPRF-AL";"DEL03-AL";"UOP02-DEL03-AL"
401145;2021-12-11;"sábado";"22:00:00";"GO";153;501;"GOIANIA";"Ingestão de álcool pelo condutor";"Colisão traseira";"Com Vítimas Fatais";"Plena Noite";"Decrescente";"Nublado";"Dupla";"Reta";"Sim";3;1;0;0;1;1;0;3;-16,7189;-49,2382;"SPRF-GO";"DEL01-GO";"UOP01-DEL01-GO"
401146;2021-12-11;"sábado";"22:05:00";"RS";290;69;"GRAVATAI";"Acesso irregular";"Saída de leito carroçável";"Com Vítimas Feridas";"Plena Noite";"Crescente";"Céu Claro";"Múltipla";"Reta";"Sim";1;0;1;0;0;0;1;1;-29,944933;-50,946438;"SPRF-RS";"DEL03-RS";"UOP01-DEL03-RS"
401147;2021-12-11;"sábado";"21:20:00";"SC";101;127,6;"ITAJAI";"Ausência de reação do condutor";"Tombamento";"Com Vítimas Feridas";"Plena Noite";"Decrescente";"Céu Claro";"Dupla";"Reta";"Não";2;0;2;0;0;0;2;1;-26,9639319;-48,68328024;"SPRF-SC";"DEL04-SC";"UOP04-DEL04-SC"
401148;2021-12-11;"sábado";"17:20:00";"PA";222;237;"MARABA";"Transitar na contramão";"Colisão traseira";"Com Vítimas Feridas";"Anoitecer";"Decrescente";"Céu Claro";"Simples";"Interseção de Vias";"Sim";3;0;1;0;2;0;1;2;-5,294009;-49,075771;"SPRF-PA";"DEL03-PA";"UOP01-DEL03-PA"
401149;2021-12-11;"sábado";"21:05:00";"SP";381;9,7;"VARGEM";"Entrada inopinada do pedestre";"Atropelamento de Pedestre";"Com Vítimas Fatais";"Plena Noite";"Decrescente";"Céu Claro";"Dupla";"Declive;Reta";"Não";2;1;0;0;1;0;0;2;-22,92240388;-46,44345503;"SPRF-SP";"DEL03-SP";"UOP01-DEL03-SP"
401150;2021-12-11;"sábado";"22:05:00";"PB";230;17,9;"JOAO PESSOA";"Transitar no acostamento";"Colisão com objeto";"Com Vítimas Feridas";"Plena Noite";"Decrescente";"Céu Claro";"Dupla";"Reta";"Sim";1;0;1;0;0;0;1;1;-7,1121;-34,8426;"SPRF-PB";"DEL01-PB";"UOP01-DEL01-PB"
401151;2021-12-11;"sábado";"22:30:00";"RS";470;230;"CARLOS BARBOSA";"Condutor deixou de manter distância do veículo da frente";"Colisão traseira";"Sem Vítimas";"Plena Noite";"Crescente";"Céu Claro";"Dupla";"Reta";"Sim";2;0;0;0;2;0;0;2;-29,28220575;-51,49147337;"SPRF-RS";"DEL06-RS";"UOP01-DEL06-RS"
401152;2021-12-11;"sábado";"21:30:00";"ES";101;267;"SERRA";"Condutor deixou de manter distância do veículo da frente";"Colisão traseira";"Sem Vítimas";"Plena Noite";"Decrescente";"Céu Claro";"Dupla";"Reta";"Sim";2;0;0;0;2;0;0;2;-20,19930999;-40,26884609;"SPRF-ES";"DEL02-ES";"UOP01-DEL02-ES"
401156;2021-12-11;"sábado";"21:50:00";"RS";290;722;"URUGUAIANA";"Animais na Pista";"Atropelamento de Animal";"Sem Vítimas";"Plena Noite";"Crescente";"Céu Claro";"Simples";"Reta";"Sim";1;0;0;0;0;1;0;1;-29,756784;-57,063046;"SPRF-RS";"DEL13-RS";"UOP01-DEL13-RS"
401157;2021-12-11;"sábado";"22:00:00";"SC";101;280,1;"IMBITUBA";"Ausência de reação do condutor";"Saída de leito carroçável";"Com Vítimas Feridas";"Plena Noite";"Decrescente";"Chuva";"Dupla";"Reta";"Sim";1;0;1;0;0;0;1;1;-28,17962805;-48,6956297;"SPRF-SC";"DEL02-SC";"UOP03-DEL02-SC"
401158;2021-12-11;"sábado";"22:50:00";"SC";101;131;"BALNEARIO CAMBORIU";"Acessar a via sem observar a presença dos outros veículos";"Colisão transversal";"Com Vítimas Feridas";"Plena Noite";"Crescente";"Nublado";"Dupla";"Interseção de Vias";"Sim";2;0;0;1;1;0;1;2;-26,99064209;-48,66310912;"SPRF-SC";"DEL04-SC";"UOP03-DEL04-SC"
401159;2021-12-11;"sábado";"22:00:00";"PI";343;302,8;"ALTOS";"Ausência de reação do condutor";"Atropelamento de Animal";"Com Vítimas Fatais";"Plena Noite";"Decrescente";"Céu Claro";"Simples";"Reta";"Não";1;1;0;0;0;0;0;1;-5,017174;-42,423988;"SPRF-PI";"DEL01-PI";"UOP03-DEL01-PI"
401160;2021-12-11;"sábado";"17:40:00";"RJ";40;75;"PETROPOLIS";"Reação tardia ou ineficiente do condutor";"Saída de leito carroçável";"Sem Vítimas";"Anoitecer";"Crescente";"Chuva";"Simples";"Curva";"Não";1;0;0;0;1;0;0;1;-22,46857126;-43,22958698;"SPRF-RJ";"DEL06-RJ";"UOP01-DEL06-RJ"
401162;2021-12-11;"sábado";"22:00:00";"MA";10;249;"IMPERATRIZ";"Condutor deixou de manter distância do veículo da frente";"Colisão traseira";"Com Vítimas Feridas";"Plena Noite";"Crescente";"Céu Claro";"Dupla";"Reta";"Sim";3;0;2;0;0;1;2;2;-5,558508;-47,45417;"SPRF-MA";"DEL04-MA";"UOP01-DEL04-MA"
401163;2021-12-11;"sábado";"19:30:00";"TO";153;670,1;"GURUPI";"Ultrapassagem Indevida";"Colisão frontal";"Com Vítimas Feridas";"Plena Noite";"Crescente";"Nublado";"Simples";"Reta";"Sim";2;0;1;1;0;0;2;2;-11,70998005;-49,07471975;"SPRF-TO";"DEL01-TO";"UOP02-DEL01-TO"
401164;2021-12-11;"sábado";"22:45:00";"PE";428;188;"PETROLINA";"Ausência de reação do condutor";"Colisão traseira";"Com Vítimas Feridas";"Plena Noite";"Decrescente";"Ignorado";"Simples";"Rotatória";"Sim";3;0;1;0;2;0;1;2;-9,36400596;-40,48266808;"SPRF-PE";"DEL06-PE";"UOP01-DEL06-PE"
401167;2021-12-11;"sábado";"22:20:00";"PR";476;138;"CURITIBA";"Frear bruscamente";"Colisão traseira";"Com Vítimas Feridas";"Plena Noite";"Decrescente";"Céu Claro";"Dupla";"Reta";"Sim";2;0;1;0;1;0;1;2;-25,505564;-49,283417;"SPRF-PR";"DEL01-PR";"UOP03-DEL01-PR"
401168;2021-12-11;"sábado";"23:50:00";"RS";153;49,5;"ERECHIM";"Ingestão de álcool pelo condutor";"Tombamento";"Com Vítimas Feridas";"Plena Noite";"Crescente";"Garoa/Chuvisco";"Simples";"Reta;Aclive";"Não";1;0;1;0;0;0;1;1;-27,65522;-52,26554;"SPRF-RS";"DEL08-RS";"UOP04-DEL08-RS"
401171;2021-12-11;"sábado";"23:15:00";"RS";116;314,4;"GUAIBA";"Ingestão de álcool pelo condutor";"Colisão com objeto";"Com Vítimas Feridas";"Plena Noite";"Decrescente";"Céu Claro";"Simples";"Curva";"Não";1;0;0;1;0;0;1;1;-30,23652496;-51,40721575;"SPRF-RS";"DEL02-RS";"UOP01-DEL02-RS"
401172;2021-12-11;"sábado";"22:45:00";"MG";365;565,3;"INDIANOPOLIS";"Chuva";"Tombamento";"Com Vítimas Fatais";"Plena Noite";"Crescente";"Chuva";"Simples";"Reta";"Não";2;1;0;1;0;0;1;1;-18,9170246;-47,82585797;"SPRF-MG";"DEL15-MG";"UOP02-DEL15-MG"
401174;2021-12-11;"sábado";"23:00:00";"BA";110;368;"CATU";"Ultrapassagem Indevida";"Colisão frontal";"Com Vítimas Feridas";"Plena Noite";"Crescente";"Céu Claro";"Simples";"Reta";"Sim";2;0;1;0;1;0;1;2;-12,40537612;-38,40500399;"SPRF-BA";"DEL01-BA";"UOP04-DEL01-BA"
401177;2021-12-11;"sábado";"21:00:00";"MT";70;519;"VARZEA GRANDE";"Animais na Pista";"Atropelamento de Animal";"Com Vítimas Feridas";"Plena Noite";"Crescente";"Céu Claro";"Simples";"Reta";"Sim";1;0;1;0;0;0;1;1;-15,6762627;-56,17687225;"SPRF-MT";"DEL01-MT";"UOP02-DEL01-MT"
401178;2021-12-11;"sábado";"22:35:00";"RJ";393;253;"BARRA DO PIRAI";"Faixas de trânsito com largura insuficiente";"Queda de ocupante de veículo";"Com Vítimas Feridas";"Plena Noite";"Crescente";"Céu Claro";"Simples";"Reta";"Não";1;0;1;0;0;0;1;1;-22,43940862;-43,78355221;"SPRF-RJ";"DEL05-RJ";"UOP04-DEL05-RJ"
401179;2021-12-11;"sábado";"21:15:00";"RS";392;16,8;"RIO GRANDE";"Animais na Pista";"Colisão lateral mesmo sentido";"Com Vítimas Feridas";"Plena Noite";"Decrescente";"Nublado";"Simples";"Reta";"Não";2;0;0;1;1;0;1;2;-32,1024397;-52,16347437;"SPRF-RS";"DEL07-RS";"UOP02-DEL07-RS"
401181;2021-12-11;"sábado";"23:30:00";"PR";153;336,5;"IRATI";"Acesso irregular";"Colisão transversal";"Com Vítimas Feridas";"Plena Noite";"Decrescente";"Céu Claro";"Simples";"Reta";"Sim";3;0;1;1;1;0;2;2;-25,49753795;-50,64815515;"SPRF-PR";"DEL03-PR";"UOP03-DEL03-PR"
401182;2021-12-12;"domingo";"00:10:00";"SC";101;119,7;"ITAJAI";"Condutor deixou de manter distância do veículo da frente";"Colisão traseira";"Com Vítimas Feridas";"Plena Noite";"Decrescente";"Nublado";"Múltipla";"Reta";"Sim";4;0;2;0;1;1;2;3;-26,9043179;-48,71555481;"SPRF-SC";"DEL04-SC";"UOP04-DEL04-SC"
401183;2021-12-11;"sábado";"22:40:00";"RS";116;153;"CAXIAS DO SUL";"Ingestão de álcool pelo condutor";"Tombamento";"Com Vítimas Feridas";"Plena Noite";"Crescente";"Nublado";"Dupla";"Reta";"Sim";1;0;1;0;0;0;1;1;-29,18579758;-51,17713005;"SPRF-RS";"DEL05-RS";"UOP01-DEL05-RS"
401184;2021-12-11;"sábado";"17:50:00";"PR";376;179,7;"MARINGA";"Velocidade Incompatível";"Colisão traseira";"Com Vítimas Feridas";"Pleno dia";"Decrescente";"Céu Claro";"Dupla";"Reta";"Sim";3;0;1;1;1;0;2;2;-23,42244278;-51,90360392;"SPRF-PR";"DEL09-PR";"UOP01-DEL09-PR"