"id";"data_inversa";"dia_semana";"horario";"uf";"br";"km";"municipio";"causa_acidente";"tipo_acidente";"classificacao_acidente";"fase_dia";"sentido_via";"condicao_metereologica";"tipo_pista";"tracado_via";"uso_solo";"pessoas";"mortos";"feridos_leves";"feridos_graves";"ilesos";"ignorados";"feridos";"veiculos";"latitude";"longitude";"regional";"delegacia";"uop"
401385;2021-12-12;"domingo";"21:05:00";"PR";476;290;"SAO MATEUS DO SUL";"Mal súbito do condutor";"Saída de leito carroçável";"Com Vítimas Feridas";"Plena Noite";"Decrescente";"Céu Claro";"Simples";"Aclive";"Não";1;0;1;0;0;0;1;1;-25,935797;-50,480778;"SPRF-PR";"DEL02-PR";"UOP04-DEL02-PR"
401386;2021-12-12;"domingo";"21:10:00";"SE";101;47;"JAPARATUBA";"Velocidade Incompatível";"Capotamento";"Sem Vítimas";"Plena Noite";"Crescente";"Céu Claro";"Dupla";"Reta";"Não";1;0;0;0;0;1;0;1;-10,57953635;-36,96510841;"SPRF-SE";"DEL02-SE";"UOP02-DEL02-SE"
401387;2021-12-12;"domingo";"22:45:00";"DF";80;1,7;"BRASILIA";"Reação tardia ou ineficiente do condutor";"Capotamento";"Com Vítimas Feridas";"Plena Noite";"Decrescente";"Céu Claro";"Simples";"Reta";"Não";1;0;1;0;0;0;1;1;-15,733511;-48,084099;"SPRF-DF";"DEL03-DF";"UOP02-DEL03-DF"
401388;2021-12-12;"domingo";"20:30:00";"RS";116;656;"JAGUARAO";"Desrespeitar a preferência no cruzamento";"Colisão transversal";"Sem Vítimas";"Plena Noite";"Crescente";"Céu Claro";"Simples";"Reta;Interseção de Vias";"Sim";2;0;0;0;2;0;0;2;-32,56067023;-53,38439839;"SPRF-RS";"DEL07-RS";"UOP03-DEL07-RS"
401391;2021-12-12;"domingo";"20:30:00";"AC";364;120;"RIO BRANCO";"Animais na Pista";"Atropelamento de Animal";"Com Vítimas Feridas";"Plena Noite";"Crescente";"Céu Claro";"Simples";"Reta";"Não";2;0;0;2;0;0;2;1;-10,01226643;-67,75533501;"SPRF-AC";"DEL01-AC";"UOP01-DEL01-AC"
401392;2021-12-12;"domingo";"13:45:00";"PR";153;382,5;"MALLET";"Chuva";"Colisão com objeto";"Com Vítimas Feridas";"Pleno dia";"Decrescente";"Chuva";"Simples";"Declive;Reta";"Não";2;0;1;1;0;0;2;1;-25,82608598;-50,83907346;"SPRF-PR";"DEL02-PR";"UOP04-DEL02-PR"
401393;2021-12-12;"domingo";"23:30:00";"RN";101;85;"NATAL";"Animais na Pista";"Atropelamento de Animal";"Com Vítimas Feridas";"Plena Noite";"Crescente";"Céu Claro";"Dupla";"Reta";"Sim";1;0;1;0;0;0;1;1;-5,777664;-35,24937;"SPRF-RN";"DEL02-RN";"UOP01-DEL02-RN"
401394;2021-12-12;"domingo";"21:10:00";"SC";280;157,6;"MAFRA";"Ultrapassagem Indevida";"Colisão frontal";"Com Vítimas Feridas";"Plena Noite";"Crescente";"Céu Claro";"Simples";"Aclive;Reta";"Não";3;0;1;0;2;0;1;2;-26,20463229;-49,78208899;"SPRF-SC";"DEL06-SC";"UOP03-DEL06-SC"
401395;2021-12-12;"domingo";"23:10:00";"PR";116;13;"CAMPINA GRANDE DO SUL";"Manobra de mudança de faixa";"Colisão traseira";"Com Vítimas Feridas";"Plena Noite";"Crescente";"Nublado";"Múltipla";"Reta";"Sim";2;0;1;0;0;1;1;2;-25,096447;-48,664562;"SPRF-PR";"DEL01-PR";"UOP02-DEL01-PR"
401396;2021-12-12;"domingo";"22:50:00";"MS";163;280,1;"DOURADOS";"Pedestre andava na pista";"Atropelamento de Pedestre";"Com Vítimas Feridas";"Plena Noite";"Crescente";"Nublado";"Dupla";"Reta";"Sim";2;0;0;1;0;1;1;2;-22,13613412;-54,61723208;"SPRF-MS";"DEL04-MS";"UOP01-DEL04-MS"
401398;2021-12-12;"domingo";"19:15:00";"PR";376;375;"IMBAU";"Velocidade Incompatível";"Saída de leito carroçável";"Sem Vítimas";"Plena Noite";"Crescente";"Céu Claro";"Simples";"Reta";"Não";1;0;0;0;0;1;0;1;-24,41657128;-50,78151322;"SPRF-PR";"DEL07-PR";"UOP02-DEL07-PR"
401403;2021-12-12;"domingo";"23:50:00";"SP";116;214,2;"GUARULHOS";"Pedestre andava na pista";"Atropelamento de Pedestre";"Com Vítimas Feridas";"Plena Noite";"Decrescente";"Nublado";"Múltipla";"Reta";"Sim";2;0;0;1;1;0;1;2;-23,44333014;-46,44531294;"SPRF-SP";"DEL01-SP";"UOP01-DEL01-SP"
401408;2021-12-13;"segunda-feira";"00:10:00";"SC";101;10;"GARUVA";"Falta de elemento de contenção que evite a saída do leito carroçável";"Saída de leito carroçável";"Com Vítimas Feridas";"Plena Noite";"Decrescente";"Céu Claro";"Simples";"Reta";"Sim";2;0;1;0;1;0;1;1;-26,063011;-48,86020605;"SPRF-SC";"DEL03-SC";"UOP01-DEL03-SC"
401409;2021-12-13;"segunda-feira";"00:40:00";"SC";101;48,1;"JOINVILLE";"Obras na pista";"Tombamento";"Com Vítimas Feridas";"Plena Noite";"Crescente";"Nublado";"Dupla";"Reta";"Sim";2;0;0;2;0;0;2;1;-26,35345909;-48,85867862;"SPRF-SC";"DEL03-SC";"UOP01-DEL03-SC"
401410;2021-12-13;"segunda-feira";"00:43:00";"PR";476;274,5;"SAO MATEUS DO SUL";"Ingestão de álcool pelo condutor";"Colisão frontal";"Com Vítimas Feridas";"Plena Noite";"Crescente";"Nublado";"Simples";"Curva";"Não";3;0;2;0;0;1;2;3;-25,893393;-50,377842;"SPRF-PR";"DEL02-PR";"UOP04-DEL02-PR"
401411;2021-12-13;"segunda-feira";"02:15:00";"MG";153;107,5;"PRATA";"Área urbana sem a presença de local apropriado para a travessia de pedestres";"Atropelamento de Pedestre";"Com Vítimas Feridas";"Plena Noite";"Crescente";"Chuva";"Simples";"Reta";"Sim";2;0;1;0;1;0;1;2;-19,28824388;-48,91115575;"SPRF-MG";"DEL15-MG";"UOP03-DEL15-MG"
401412;2021-12-13;"segunda-feira";"03:00:00";"PB";230;20;"JOAO PESSOA";"Velocidade Incompatível";"Saída de leito carroçável";"Sem Vítimas";"Plena Noite";"Decrescente";"Céu Claro";"Dupla";"Declive";"Sim";1;0;0;0;0;1;0;1;-7,1337;-34,8544;"SPRF-PB";"DEL01-PB";"UOP01-DEL01-PB"
401413;2021-12-13;"segunda-feira";"02:19:00";"RS";290;62;"GRAVATAI";"Condutor Dormindo";"Saída de leito carroçável";"Com Vítimas Feridas";"Plena Noite";"Crescente";"Céu Claro";"Dupla";"Curva;Aclive";"Não";43;0;0;2;41;0;2;1;-29,932089;-50,877304;"SPRF-RS";"DEL03-RS";"UOP01-DEL03-RS"
401415;2021-12-13;"segunda-feira";"04:30:00";"CE";222;20,9;"CAUCAIA";"Pedestre andava na pista";"Atropelamento de Pedestre";"Com Vítimas Fatais";"Amanhecer";"Crescente";"Céu Claro";"Simples";"Reta";"Sim";2;1;0;0;0;1;0;2;-3,73225465;-38,75711963;"SPRF-CE";"DEL01-CE";"UOP01-DEL01-CE"
401418;2021-12-13;"segunda-feira";"03:30:00";"SC";101;165,5;"TIJUCAS";"Ingestão de álcool pelo condutor";"Saída de leito carroçável";"Sem Vítimas";"Plena Noite";"Crescente";"Céu Claro";"Dupla";"Reta";"Não";1;0;0;0;1;0;0;1;-27,252663;-48,63154894;"SPRF-SC";"DEL04-SC";"UOP03-DEL04-SC"
401419;2021-12-12;"domingo";"18:00:00";"PI";316;257;"IPIRANGA DO PIAUI";"Ingestão de álcool pelo condutor";"Queda de ocupante de veículo";"Com Vítimas Feridas";"Anoitecer";"Decrescente";"Chuva";"Simples";"Reta";"Não";1;0;1;0;0;0;1;1;-6,80156899;-41,73855674;"SPRF-PI";"DEL04-PI";"UOP02-DEL04-PI"
401420;2021-12-12;"domingo";"20:30:00";"SC";101;124,5;"ITAJAI";"Problema na suspensão";"Saída de leito carroçável";"Sem Vítimas";"Plena Noite";"Crescente";"Céu Claro";"Dupla";"Reta";"Sim";1;0;0;0;0;1;0;1;-26,94335064;-48,69198648;"SPRF-SC";"DEL04-SC";"UOP04-DEL04-SC"
401421;2021-12-13;"segunda-feira";"05:50:00";"PE";101;68,1;"RECIFE";"Reação tardia ou ineficiente do condutor";"Queda de ocupante de veículo";"Com Vítimas Feridas";"Pleno dia";"Decrescente";"Chuva";"Simples";"Aclive";"Sim";1;0;1;0;0;0;1;1;-8,05074296;-34,94580619;"SPRF-PE";"DEL01-PE";"UOP01-DEL01-PE"
401422;2021-12-11;"sábado";"23:50:00";"CE";222;137;"IRAUCUBA";"Reação tardia ou ineficiente do condutor";"Saída de leito carroçável";"Com Vítimas Feridas";"Plena Noite";"Crescente";"Céu Claro";"Simples";"Reta";"Não";1;0;1;0;0;0;1;1;-3,744355;-39,7972718;"SPRF-CE";"DEL04-CE";"UOP03-DEL04-CE"
401423;2021-12-13;"segunda-feira";"06:40:00";"SC";101;113,4;"ITAJAI";"Ausência de reação do condutor";"Colisão com objeto";"Com Vítimas Feridas";"Pleno dia";"Crescente";"Sol";"Dupla";"Reta";"Não";1;0;1;0;0;0;1;1;-26,85311393;-48,72689927;"SPRF-SC";"DEL04-SC";"UOP04-DEL04-SC"
401424;2021-12-12;"domingo";"19:50:00";"MG";262;47;"MANHUACU";"Afundamento ou ondulação no pavimento";"Tombamento";"Com Vítimas Feridas";"Plena Noite";"Decrescente";"Nublado";"Simples";"Curva";"Não";1;0;0;1;0;0;1;1;-20,256748;-42,113142;"SPRF-MG";"DEL06-MG";"UOP03-DEL06-MG"
401426;2021-12-12;"domingo";"08:35:00";"RJ";101;194;"CASIMIRO DE ABREU";"Reação tardia ou ineficiente do condutor";"Colisão com objeto";"Com Vítimas Feridas";"Pleno dia";"Crescente";"Céu Claro";"Dupla";"Declive;Reta";"Não";3;0;2;0;0;1;2;3;-22,48344609;-42,09700374;"SPRF-RJ";"DEL08-RJ";"UOP04-DEL08-RJ"
401427;2021-12-13;"segunda-feira";"05:35:00";"SE";101;87,6;"NOSSA SENHORA DO SOCORRO";"Reação tardia ou ineficiente do condutor";"Tombamento";"Com Vítimas Feridas";"Pleno dia";"Decrescente";"Céu Claro";"Dupla";"Declive";"Não";2;0;2;0;0;0;2;1;-10,86174498;-37,13526579;"SPRF-SE";"DEL01-SE";"UOP01-DEL01-SE"
401428;2021-12-13;"segunda-feira";"06:50:00";"SP";381;42;"ATIBAIA";"Acessar a via sem observar a presença dos outros veículos";"Atropelamento de Pedestre";"Com Vítimas Feridas";"Pleno dia";"Decrescente";"Céu Claro";"Dupla";"Reta";"Não";6;0;1;0;5;0;1;4;-23,147306;-46,57493202;"SPRF-SP";"DEL03-SP";"UOP01-DEL03-SP"
401429;2021-12-13;"segunda-feira";"06:45:00";"SC";470;3;"NAVEGANTES";"Acesso irregular";"Queda de ocupante de veículo";"Com Vítimas Feridas";"Amanhecer";"Decrescente";"Céu Claro";"Dupla";"Em Obras;Reta";"Não";1;0;1;0;0;0;1;1;-26,868551;-48,674831;"SPRF-SC";"DEL04-SC";"UOP04-DEL04-SC"
401430;2021-12-12;"domingo";"20:10:00";"RJ";116;269;"BARRA MANSA";"Ultrapassagem Indevida";"Colisão frontal";"Com Vítimas Fatais";"Plena Noite";"Decrescente";"Nublado";"Múltipla";"Reta";"Sim";3;1;1;1;0;0;2;2;-22,57510092;-44,11542461;"SPRF-RJ";"DEL07-RJ";"UOP02-DEL07-RJ"
401431;2021-12-13;"segunda-feira";"06:25:00";"MG";381;343;"BELA VISTA DE MINAS";"Chuva";"Saída de leito carroçável";"Sem Vítimas";"Amanhecer";"Crescente";"Chuva";"Simples";"Curva";"Não";2;0;0;0;2;0;0;1;-19,85663904;-43,10916603;"SPRF-MG";"DEL03-MG";"UOP01-DEL03-MG"
401432;2021-12-13;"segunda-feira";"06:40:00";"BA";324;611;"SALVADOR";"Ausência de reação do condutor";"Colisão lateral mesmo sentido";"Com Vítimas Feridas";"Pleno dia";"Crescente";"Céu Claro";"Dupla";"Reta";"Sim";4;0;3;0;0;1;3;3;-12,83798396;-38,41427011;"SPRF-BA";"DEL01-BA";"UOP01-DEL01-BA"
401433;2021-12-12;"domingo";"23:00:00";"RJ";393;244,1;"VASSOURAS";"Demais falhas na via";"Tombamento";"Com Vítimas Feridas";"Plena Noite";"Decrescente";"Nublado";"Simples";"Curva";"Não";1;0;1;0;0;0;1;1;-22,42799046;-43,70899806;"SPRF-RJ";"DEL05-RJ";"UOP04-DEL05-RJ"
401434;2021-12-13;"segunda-feira";"01:30:00";"RS";470;210;"BENTO GONCALVES";"Ausência de reação do condutor";"Saída de leito carroçável";"Com Vítimas Feridas";"Plena Noite";"Crescente";"Nublado";"Simples";"Reta";"Não";1;0;1;0;0;0;1;1;-29,1312027;-51,54397141;"SPRF-RS";"DEL06-RS";"UOP01-DEL06-RS"
401436;2021-12-13;"segunda-feira";"07:15:00";"CE";116;14;"FORTALEZA";"Chuva";"Tombamento";"Com Vítimas Feridas";"Pleno dia";"Decrescente";"Chuva";"Dupla";"Reta";"Sim";1;0;1;0;0;0;1;1;-3,87354602;-38,49905491;"SPRF-CE";"DEL01-CE";"UOP02-DEL01-CE"
401438;2021-12-12;"domingo";"05:20:00";"MG";40;766;"JUIZ DE FORA";"Ausência de reação do condutor";"Saída de leito carroçável";"Sem Vítimas";"Amanhecer";"Crescente";"Chuva";"Simples";"Reta";"Não";1;0;0;0;0;1;0;1;-21,5688431;-43,47868311;"SPRF-MG";"DEL05-MG";"UOP01-DEL05-MG"
401439;2021-12-13;"segunda-feira";"07:40:00";"RS";392;337;"SANTA MARIA";"Demais falhas mecânicas ou elétricas";"Queda de ocupante de veículo";"Com Vítimas Feridas";"Pleno dia";"Crescente";"Céu Claro";"Simples";"Reta";"Não";1;0;1;0;0;0;1;1;-29,84571322;-53,7540294;"SPRF-RS";"DEL09-RS";"UOP01-DEL09-RS"
401440;2021-12-09;"quinta-feira";"22:00:00";"MG";116;116;"ITAOBIM";"Demais falhas na via";"Tombamento";"Com Vítimas Feridas";"Plena Noite";"Decrescente";"Chuva";"Simples";"Ponte";"Não";1;0;1;0;0;0;1;1;-16,565216;-41,504654;"SPRF-MG";"DEL11-MG";"UOP02-DEL11-MG"
401441;2021-12-12;"domingo";"18:50:00";"RJ";465;10;"SEROPEDICA";"Ausência de reação do condutor";"Colisão traseira";"Com Vítimas Feridas";"Plena Noite";"Decrescente";"Nublado";"Simples";"Reta";"Sim";2;0;0;1;1;0;1;2;-22,777218;-43,663025;"SPRF-RJ";"DEL01-RJ";"UOP03-DEL01-RJ"
401442;2021-12-12;"domingo";"17:05:00";"MT";163;606;"NOVA MUTUM";"Transitar na contramão";"Colisão frontal";"Com Vítimas Feridas";"Anoitecer";"Decrescente";"Chuva";"Simples";"Reta";"Não";2;0;0;2;0;0;2;2;-13,85460924;-56,08513817;"SPRF-MT";"DEL01-MT";"UOP01-DEL01-MT"
401443;2021-12-13;"segunda-feira";"07:40:00";"CE";116;16;"FORTALEZA";"Condutor deixou de manter distância do veículo da frente";"Engavetamento";"Sem Vítimas";"Pleno dia";"Decrescente";"Céu Claro";"Dupla";"Reta";"Sim";4;0;0;0;4;0;0;4;-3,88732794;-38,50185439;"SPRF-CE";"DEL01-CE";"UOP02-DEL01-CE"
401444;2021-12-13;"segunda-feira";"07:20:00";"PB";230;132,4;"CAMPINA GRANDE";"Chuva";"Saída de leito carroçável";"Com Vítimas Feridas";"Pleno dia";"Crescente";"Garoa/Chuvisco";"Dupla";"Curva";"Não";2;0;1;0;1;0;1;1;-7,2727;-35,7527;"SPRF-PB";"DEL02-PB";"UOP01-DEL02-PB"
401446;2021-12-13;"segunda-feira";"07:30:00";"MG";262;385;"MATEUS LEME";"Velocidade Incompatível";"Saída de leito carroçável";"Com Vítimas Feridas";"Pleno dia";"Crescente";"Chuva";"Dupla";"Curva";"Não";1;0;1;0;0;0;1;1;-19,92187414;-44,46784973;"SPRF-MG";"DEL01-MG";"UOP03-DEL01-MG"
401447;2021-12-13;"segunda-feira";"07:30:00";"MG";262;803,2;"UBERABA";"Manobra de mudança de faixa";"Colisão lateral mesmo sentido";"Com Vítimas Feridas";"Pleno dia";"Crescente";"Chuva";"Dupla";"Reta";"Sim";2;0;2;0;0;0;2;2;-19,774652;-47,917921;"SPRF-MG";"DEL13-MG";"UOP01-DEL13-MG"
401448;2021-12-13;"segunda-feira";"07:50:00";"CE";304;45,5;"ARACATI";"Acessar a via sem observar a presença dos outros veículos";"Colisão transversal";"Com Vítimas Feridas";"Pleno dia";"Decrescente";"Céu Claro";"Simples";"Reta";"Não";2;0;0;1;1;0;1;2;-4,57812347;-37,80669819;"SPRF-CE";"DEL03-CE";"UOP03-DEL03-CE"
401449;2021-12-12;"domingo";"23:00:00";"RS";386;127,6;"SARANDI";"Condutor Dormindo";"Saída de leito carroçável";"Com Vítimas Feridas";"Plena Noite";"Decrescente";"Nublado";"Simples";"Curva";"Não";3;0;1;0;2;0;1;1;-27,913591;-52,966925;"SPRF-RS";"DEL08-RS";"UOP01-DEL08-RS"
401451;2021-12-13;"segunda-feira";"08:20:00";"CE";116;64;"CHOROZINHO";"Desrespeitar a preferência no cruzamento";"Colisão transversal";"Com Vítimas Feridas";"Pleno dia";"Crescente";"Céu Claro";"Simples";"Interseção de Vias";"Não";2;0;1;0;1;0;1;2;-4,28125187;-38,49423541;"SPRF-CE";"DEL03-CE";"UOP02-DEL03-CE"
401452;2021-12-12;"domingo";"13:00:00";"RJ";116;261;"VOLTA REDONDA";"Problema na suspensão";"Capotamento";"Com Vítimas Feridas";"Pleno dia";"Decrescente";"Nublado";"Dupla";"Curva";"Não";4;0;4;0;0;0;4;1;-22,58784914;-44,08578403;"SPRF-RJ";"DEL07-RJ";"UOP02-DEL07-RJ"
401453;2021-12-13;"segunda-feira";"07:45:00";"MG";40;547;"NOVA LIMA";"Pista Escorregadia";"Saída de leito carroçável";"Com Vítimas Feridas";"Pleno dia";"Decrescente";"Chuva";"Dupla";"Declive;Curva";"Sim";2;0;1;0;1;0;1;2;-20,02252424;-43,97026042;"SPRF-MG";"DEL01-MG";"UOP02-DEL01-MG"
401457;2021-12-13;"segunda-feira";"07:00:00";"PB";230;133,8;"CAMPINA GRANDE";"Velocidade Incompatível";"Saída de leito carroçável";"Com Vítimas Feridas";"Pleno dia";"Crescente";"Chuva";"Dupla";"Curva";"Não";1;0;1;0;0;0;1;1;-7,27245;-35,75168;"SPRF-PB";"DEL02-PB";"UOP01-DEL02-PB"
401458;2021-12-13;"segunda-feira";"00:05:00";"BA";101;355;"WENCESLAU GUIMARAES";"Velocidade Incompatível";"Saída de leito carroçável";"Com Vítimas Feridas";"Plena Noite";"Decrescente";"Ignorado";"Simples";"Curva;Declive";"Não";5;0;3;2;0;0;5;1;-13,75139073;-39,49575596;"SPRF-BA";"DEL05-BA";"UOP03-DEL05-BA"
401462;2021-12-13;"segunda-feira";"08:15:00";"SP";116;205;"ARUJA";"Condutor deixou de manter distância do veículo da frente";"Colisão lateral mesmo sentido";"Sem Vítimas";"Pleno dia";"Decrescente";"Nublado";"Múltipla";"Reta";"Não";2;0;0;0;1;1;0;2;-23,41475243;-46,36600788;"SPRF-SP";"DEL01-SP";"UOP01-DEL01-SP"
401464;2021-12-13;"segunda-feira";"08:40:00";"SP";116;219,6;"GUARULHOS";"Condutor deixou de manter distância do veículo da frente";"Colisão traseira";"Com Vítimas Feridas";"Pleno dia";"Crescente";"Sol";"Múltipla";"Reta";"Não";2;0;0;1;1;0;1;2;-23,46143954;-46,48885316;"SPRF-SP";"DEL01-SP";"UOP01-DEL01-SP"
401465;2021-12-12;"domingo";"22:50:00";"BA";116;367;"SERRINHA";"Deficiência do Sistema de Iluminação/Sinalização";"Colisão traseira";"Com Vítimas Feridas";"Plena Noite";"Decrescente";"Ignorado";"Simples";"Reta";"Não";3;0;0;1;2;0;1;2;-11,734198;-38,98629845;"SPRF-BA";"DEL02-BA";"UOP01-DEL02-BA"
401466;2021-12-13;"segunda-feira";"06:40:00";"BA";116;366,5;"SERRINHA";"Reação tardia ou ineficiente do condutor";"Colisão traseira";"Com Vítimas Feridas";"Pleno dia";"Crescente";"Sol";"Simples";"Reta";"Não";5;0;1;1;3;0;2;2;-11,72514;-38,98642914;"SPRF-BA";"DEL02-BA";"UOP01-DEL02-BA"
401468;2021-12-13;"segunda-feira";"04:50:00";"RN";226;254,8;"JUCURUTU";"Reação tardia ou ineficiente do condutor";"Saída de leito carroçável";"Com Vítimas Feridas";"Amanhecer";"Decrescente";"Céu Claro";"Simples";"Reta;Declive";"Não";1;0;1;0;0;0;1;1;-5,964846;-37,039724;"SPRF-RN";"DEL03-RN";"UOP01-DEL03-RN"
401472;2021-12-13;"segunda-feira";"09:55:00";"ES";101;258,1;"SERRA";"Ausência de reação do condutor";"Colisão traseira";"Com Vítimas Feridas";"Pleno dia";"Decrescente";"Sol";"Dupla";"Aclive";"Sim";4;0;1;0;2;1;1;3;-20,13059888;-40,2961019;"SPRF-ES";"DEL02-ES";"UOP01-DEL02-ES"
401474;2021-12-13;"segunda-feira";"10:00:00";"MG";262;866,8;"CAMPO FLORIDO";"Velocidade Incompatível";"Saída de leito carroçável";"Com Vítimas Feridas";"Pleno dia";"Crescente";"Garoa/Chuvisco";"Dupla";"Curva";"Não";1;0;0;1;0;0;1;1;-19,78510165;-48,44068087;"SPRF-MG";"DEL13-MG";"UOP01-DEL13-MG"
401475;2021-12-13;"segunda-feira";"09:00:00";"MA";230;403;"BALSAS";"Objeto estático sobre o leito carroçável";"Colisão com objeto";"Sem Vítimas";"Pleno dia";"Decrescente";"Céu Claro";"Simples";"Reta";"Sim";2;0;0;0;2;0;0;2;-7,51686308;-46,03524183;"SPRF-MA";"DEL05-MA";"UOP01-DEL05-MA"
401476;2021-12-13;"segunda-feira";"08:50:00";"PR";277;17;"PARANAGUA";"Velocidade Incompatível";"Saída de leito carroçável";"Sem Vítimas";"Pleno dia";"Decrescente";"Sol";"Dupla";"Curva";"Não";3;0;0;0;3;0;0;1;-25,56380488;-48,63457397;"SPRF-PR";"DEL01-PR";"UOP05-DEL01-PR"
401477;2021-12-13;"segunda-feira";"10:15:00";"RJ";101;486;"ANGRA DOS REIS";"Retorno proibido";"Colisão lateral mesmo sentido";"Com Vítimas Feridas";"Pleno dia";"Crescente";"Céu Claro";"Simples";"Reta";"Sim";2;0;1;0;1;0;1;2;-22,97708786;-44,29634653;"SPRF-RJ";"DEL03-RJ";"UOP03-DEL03-RJ"
401478;2021-12-13;"segunda-feira";"08:25:00";"SC";282;217;"LAGES";"Reação tardia ou ineficiente do condutor";"Saída de leito carroçável";"Com Vítimas Feridas";"Pleno dia";"Crescente";"Céu Claro";"Simples";"Ponte";"Sim";1;0;1;0;0;0;1;1;-27,797916;-50,302944;"SPRF-SC";"DEL05-SC";"UOP01-DEL05-SC"
401479;2021-12-13;"segunda-feira";"09:00:00";"PR";277;72;"SAO JOSE DOS PINHAIS";"Velocidade Incompatível";"Saída de leito carroçável";"Sem Vítimas";"Pleno dia";"Decrescente";"Céu Claro";"Dupla";"Reta";"Sim";2;0;0;0;2;0;0;2;-25,52522628;-49,09755612;"SPRF-PR";"DEL01-PR";"UOP01-DEL01-PR"
401482;2021-12-13;"segunda-feira";"10:30:00";"ES";101;270;"SERRA";"Pedestre cruzava a pista fora da faixa";"Atropelamento de Pedestre";"Com Vítimas Feridas";"Pleno dia";"Decrescente";"Sol";"Múltipla";"Reta";"Sim";2;0;1;0;1;0;1;2;-20,22662056;-40,27075088;"SPRF-ES";"DEL02-ES";"UOP01-DEL02-ES"
401484;2021-12-13;"segunda-feira";"02:00:00";"BA";110;247;"OLINDINA";"Velocidade Incompatível";"Colisão traseira";"Com Vítimas Feridas";"Plena Noite";"Crescente";"Céu Claro";"Simples";"Reta";"Não";4;0;0;4;0;0;4;2;-11,4430319;-38,29120042;"SPRF-BA";"DEL01-BA";"UOP04-DEL01-BA"
401485;2021-12-13;"segunda-feira";"09:15:00";"MG";50;17;"ARAGUARI";"Velocidade Incompatível";"Saída de leito carroçável";"Com Vítimas Feridas";"Pleno dia";"Decrescente";"Chuva";"Dupla";"Curva";"Não";2;0;1;0;1;0;1;1;-18,56358502;-48,05639606;"SPRF-MG";"DEL15-MG";"UOP02-DEL15-MG"
401486;2021-12-13;"segunda-feira";"08:10:00";"RJ";116;257,2;"VOLTA REDONDA";"Condutor Dormindo";"Tombamento";"Com Vítimas Feridas";"Pleno dia";"Crescente";"Nublado";"Dupla";"Aclive";"Não";1;0;0;1;0;0;1;1;-22,58631777;-44,01407302;"SPRF-RJ";"DEL07-RJ";"UOP02-DEL07-RJ"
401489;2021-12-13;"segunda-feira";"10:40:00";"SC";101;115;"ITAJAI";"Reação tardia ou ineficiente do condutor";"Colisão traseira";"Com Vítimas Feridas";"Pleno dia";"Decrescente";"Céu Claro";"Dupla";"Reta";"Sim";2;0;1;0;1;0;1;2;-26,87064015;-48,72954134;"SPRF-SC";"DEL04-SC";"UOP04-DEL04-SC"
401491;2021-12-13;"segunda-feira";"10:30:00";"RN";101;112;"SAO JOSE DE MIPIBU";"Ausência de reação do condutor";"Colisão traseira";"Com Vítimas Feridas";"Pleno dia";"Decrescente";"Céu Claro";"Dupla";"Declive";"Não";2;0;0;1;1;0;1;2;-5,96429;-35,264877;"SPRF-RN";"DEL01-RN";"UOP01-DEL01-RN"
401493;2021-12-13;"segunda-feira";"10:50:00";"MS";163;568,3;"BANDEIRANTES";"Reação tardia ou ineficiente do condutor";"Saída de leito carroçável";"Com Vítimas Feridas";"Pleno dia";"Crescente";"Céu Claro";"Simples";"Reta";"Não";2;0;1;0;1;0;1;1;-19,74936496;-54,35623816;"SPRF-MS";"DEL01-MS";"UOP02-DEL01-MS"
401497;2021-12-13;"segunda-feira";"11:30:00";"PR";116;60,9;"QUATRO BARRAS";"Manobra de mudança de faixa";"Colisão com objeto";"Com Vítimas Feridas";"Pleno dia";"Decrescente";"Céu Claro";"Dupla";"Curva";"Não";1;0;1;0;0;0;1;1;-25,30439971;-48,95340995;"SPRF-PR";"DEL01-PR";"UOP02-DEL01-PR"
401499;2021-12-13;"segunda-feira";"12:15:00";"BA";101;259;"SANTO ANTONIO DE JESUS";"Ultrapassagem Indevida";"Colisão frontal";"Com Vítimas Fatais";"Pleno dia";"Crescente";"Céu Claro";"Simples";"Reta";"Sim";3;1;1;0;0;1;1;2;-12,95578;-39,26192;"SPRF-BA";"DEL01-BA";"UOP02-DEL01-BA"
401502;2021-12-13;"segunda-feira";"11:30:00";"MG";40;712,5;"BARBACENA";"Manobra de mudança de faixa";"Colisão lateral mesmo sentido";"Com Vítimas Feridas";"Pleno dia";"Crescente";"Nublado";"Dupla";"Reta";"Não";3;0;2;0;1;0;2;2;-21,24037628;-43,69741912;"SPRF-MG";"DEL05-MG";"UOP02-DEL05-MG"
401503;2021-12-13;"segunda-feira";"12:45:00";"BA";116;25,6;"VITORIA DA CONQUISTA";"Acessar a via sem observar a presença dos outros veículos";"Colisão transversal";"Com Vítimas Feridas";"Pleno dia";"Decrescente";"Céu Claro";"Simples";"Reta";"Sim";2;0;1;0;1;0;1;2;-14,85279867;-40,80077648;"SPRF-BA";"DEL08-BA";"UOP01-DEL08-BA"
401507;2021-12-13;"segunda-feira";"12:58:00";"RN";304;48,9;"MOSSORO";"Reação tardia ou ineficiente do condutor";"Colisão transversal";"Com Vítimas Fatais";"Pleno dia";"Decrescente";"Sol";"Dupla";"Interseção de Vias";"Sim";2;1;0;0;1;0;0;2;-5,22868577;-37,32203081;"SPRF-RN";"DEL04-RN";"UOP01-DEL04-RN"