"id";"data_inversa";"dia_semana";"horario";"uf";"br";"km";"municipio";"causa_acidente";"tipo_acidente";"classificacao_acidente";"fase_dia";"sentido_via";"condicao_metereologica";"tipo_pista";"tracado_via";"uso_solo";"pessoas";"mortos";"feridos_leves";"feridos_graves";"ilesos";"ignorados";"feridos";"veiculos";"latitude";"longitude";"regional";"delegacia";"uop"
401633;2021-12-14;"terça-feira";"06:55:00";"DF";80;31,9;"BRASILIA";"Objeto estático sobre o leito carroçável";"Colisão com objeto";"Sem Vítimas";"Pleno dia";"Crescente";"Nublado";"Simples";"Reta";"Não";2;0;0;0;2;0;0;2;-15,579541;-48,185101;"SPRF-DF";"DEL03-DF";"UOP02-DEL03-DF"
401634;2021-12-14;"terça-feira";"08:00:00";"PB";230;152,3;"CAMPINA GRANDE";"Reação tardia ou ineficiente do condutor";"Colisão traseira";"Com Vítimas Feridas";"Pleno dia";"Crescente";"Garoa/Chuvisco";"Simples";"Aclive";"Não";2;0;1;0;1;0;1;2;-7,2688;-35,8837;"SPRF-PB";"DEL02-PB";"UOP01-DEL02-PB"
401640;2021-12-14;"terça-feira";"07:35:00";"RJ";493;7;"ITABORAI";"Condutor deixou de manter distância do veículo da frente";"Colisão traseira";"Sem Vítimas";"Pleno dia";"Decrescente";"Sol";"Simples";"Reta";"Não";2;0;0;0;2;0;0;2;-22,72223999;-42,95160296;"SPRF-RJ";"DEL02-RJ";"UOP02-DEL02-RJ"
401643;2021-12-14;"terça-feira";"07:50:00";"RS";386;396;"TRIUNFO";"Avarias e/ou desgaste excessivo no pneu";"Saída de leito carroçável";"Com Vítimas Feridas";"Pleno dia";"Decrescente";"Chuva";"Dupla";"Declive";"Não";1;0;1;0;0;0;1;1;-29,732574;-51,631935;"SPRF-RS";"DEL04-RS";"UOP02-DEL04-RS"
401645;2021-12-14;"terça-feira";"07:55:00";"RS";158;270,9;"JULIO DE CASTILHOS";"Velocidade Incompatível";"Saída de leito carroçável";"Com Vítimas Feridas";"Pleno dia";"Decrescente";"Nublado";"Simples";"Curva";"Não";1;0;0;1;0;0;1;1;-29,29502618;-53,66872787;"SPRF-RS";"DEL09-RS";"UOP01-DEL09-RS"
401646;2021-12-14;"terça-feira";"02:40:00";"BA";242;430;"SEABRA";"Transitar na contramão";"Colisão frontal";"Com Vítimas Fatais";"Pleno dia";"Crescente";"Céu Claro";"Simples";"Reta";"Não";11;1;2;0;8;0;2;2;-12,38968097;-41,896835;"SPRF-BA";"DEL06-BA";"UOP01-DEL06-BA"
401647;2021-12-14;"terça-feira";"07:20:00";"PR";277;728;"FOZ DO IGUACU";"Demais falhas mecânicas ou elétricas";"Incêndio";"Sem Vítimas";"Pleno dia";"Crescente";"Céu Claro";"Simples";"Viaduto";"Sim";1;0;0;0;0;1;0;1;-25,5097634;-54,57387201;"SPRF-PR";"DEL05-PR";"UOP03-DEL05-PR"
401648;2021-12-14;"terça-feira";"07:50:00";"PR";277;94;"CURITIBA";"Acessar a via sem observar a presença dos outros veículos";"Colisão traseira";"Com Vítimas Feridas";"Pleno dia";"Decrescente";"Céu Claro";"Múltipla";"Curva";"Sim";2;0;1;0;1;0;1;2;-25,55282988;-49,27722493;"SPRF-PR";"DEL01-PR";"UOP01-DEL01-PR"
401649;2021-12-14;"terça-feira";"07:50:00";"SC";101;295,5;"IMBITUBA";"Ausência de reação do condutor";"Saída de leito carroçável";"Com Vítimas Feridas";"Pleno dia";"Crescente";"Céu Claro";"Simples";"Reta";"Sim";1;0;0;1;0;0;1;1;-28,32320511;-48,72963309;"SPRF-SC";"DEL02-SC";"UOP03-DEL02-SC"
401651;2021-12-14;"terça-feira";"09:30:00";"ES";101;293;"CARIACICA";"Demais falhas mecânicas ou elétricas";"Queda de ocupante de veículo";"Com Vítimas Feridas";"Pleno dia";"Decrescente";"Céu Claro";"Dupla";"Reta";"Sim";1;0;1;0;0;0;1;1;-20,31526144;-40,39567044;"SPRF-ES";"DEL01-ES";"UOP01-DEL01-ES"
401653;2021-12-14;"terça-feira";"09:15:00";"PR";369;195,9;"ARAPONGAS";"Pista Escorregadia";"Tombamento";"Com Vítimas Feridas";"Pleno dia";"Crescente";"Garoa/Chuvisco";"Dupla";"Retorno Regulamentado;Reta";"Não";1;0;1;0;0;0;1;1;-23,50496867;-51,42503858;"SPRF-PR";"DEL07-PR";"UOP02-DEL07-PR"
401655;2021-12-14;"terça-feira";"05:30:00";"PR";153;77,3;"CONSELHEIRO MAIRINCK";"Acumulo de água sobre o pavimento";"Saída de leito carroçável";"Sem Vítimas";"Amanhecer";"Decrescente";"Chuva";"Simples";"Reta";"Não";1;0;0;0;1;0;0;1;-23,56986795;-50,14409606;"SPRF-PR";"DEL07-PR";"UOP04-DEL07-PR"
401659;2021-12-14;"terça-feira";"05:00:00";"MS";267;634;"PORTO MURTINHO";"Ausência de reação do condutor";"Saída de leito carroçável";"Com Vítimas Feridas";"Pleno dia";"Decrescente";"Céu Claro";"Simples";"Curva";"Não";3;0;2;1;0;0;3;1;-21,74890505;-57,42039801;"SPRF-MS";"DEL05-MS";"UOP01-DEL05-MS"
401660;2021-12-14;"terça-feira";"09:13:00";"SC";101;213;"PALHOCA";"Desrespeitar a preferência no cruzamento";"Colisão transversal";"Com Vítimas Feridas";"Pleno dia";"Decrescente";"Nublado";"Múltipla";"Interseção de Vias";"Sim";3;0;0;2;1;0;2;2;-27,63697369;-48,66514142;"SPRF-SC";"DEL01-SC";"UOP02-DEL01-SC"
401661;2021-12-14;"terça-feira";"07:30:00";"AC";364;136;"RIO BRANCO";"Condutor deixou de manter distância do veículo da frente";"Colisão traseira";"Com Vítimas Feridas";"Pleno dia";"Crescente";"Céu Claro";"Dupla";"Reta";"Sim";2;0;1;0;1;0;1;2;-9,977578;-67,8489;"SPRF-AC";"DEL01-AC";"UOP01-DEL01-AC"
401663;2021-12-14;"terça-feira";"09:00:00";"AP";156;591;"CALCOENE";"Ausência de reação do condutor";"Saída de leito carroçável";"Sem Vítimas";"Pleno dia";"Crescente";"Nublado";"Dupla";"Curva";"Não";1;0;0;0;0;1;0;1;2,38642;-50,970158;"SPRF-AP";"DEL01-AP";"UOP02-DEL01-AP"
401664;2021-12-14;"terça-feira";"09:45:00";"RS";392;20,6;"RIO GRANDE";"Velocidade Incompatível";"Saída de leito carroçável";"Sem Vítimas";"Pleno dia";"Crescente";"Chuva";"Dupla";"Reta";"Sim";1;0;0;0;0;1;0;1;-32,08573295;-52,19690099;"SPRF-RS";"DEL07-RS";"UOP02-DEL07-RS"
401665;2021-12-14;"terça-feira";"09:20:00";"SC";101;138,7;"BALNEARIO CAMBORIU";"Velocidade Incompatível";"Colisão traseira";"Com Vítimas Feridas";"Pleno dia";"Crescente";"Céu Claro";"Simples";"Reta";"Sim";2;0;1;0;1;0;1;2;-27,02397426;-48,60761649;"SPRF-SC";"DEL04-SC";"UOP03-DEL04-SC"
401666;2021-12-14;"terça-feira";"08:55:00";"AL";424;94,9;"PILAR";"Ausência de reação do condutor";"Colisão frontal";"Com Vítimas Feridas";"Pleno dia";"Crescente";"Céu Claro";"Simples";"Reta";"Não";6;0;2;0;4;0;2;3;-9,60571801;-35,87736604;"SPRF-AL";"DEL02-AL";"UOP01-DEL02-AL"
401669;2021-12-14;"terça-feira";"09:30:00";"BA";324;620,9;"SALVADOR";"Manobra de mudança de faixa";"Colisão lateral mesmo sentido";"Com Vítimas Feridas";"Pleno dia";"Crescente";"Nublado";"Dupla";"Reta";"Sim";3;0;1;0;2;0;1;3;-12,91950905;-38,4656063;"SPRF-BA";"DEL01-BA";"UOP01-DEL01-BA"
401671;2021-12-14;"terça-feira";"11:00:00";"SC";280;25,3;"ARAQUARI";"Conversão proibida";"Colisão transversal";"Com Vítimas Feridas";"Pleno dia";"Crescente";"Nublado";"Simples";"Reta";"Sim";2;0;1;0;1;0;1;2;-26,38352781;-48,72677516;"SPRF-SC";"DEL03-SC";"UOP03-DEL03-SC"
401672;2021-12-14;"terça-feira";"11:00:00";"RJ";116;163;"RIO DE JANEIRO";"Manobra de mudança de faixa";"Colisão lateral mesmo sentido";"Com Vítimas Feridas";"Pleno dia";"Decrescente";"Céu Claro";"Múltipla";"Reta";"Sim";3;0;2;0;0;1;2;2;-22,81743582;-43,32256794;"SPRF-RJ";"DEL01-RJ";"UOP01-DEL01-RJ"
401675;2021-12-14;"terça-feira";"10:50:00";"GO";153;352,6;"JARAGUA";"Reação tardia ou ineficiente do condutor";"Tombamento";"Com Vítimas Feridas";"Pleno dia";"Crescente";"Nublado";"Simples";"Reta";"Não";2;0;2;0;0;0;2;1;-15,687434;-49,339401;"SPRF-GO";"DEL02-GO";"UOP02-DEL02-GO"
401677;2021-12-14;"terça-feira";"09:45:00";"RJ";101;200;"CASIMIRO DE ABREU";"Mal súbito do condutor";"Colisão com objeto";"Sem Vítimas";"Pleno dia";"Crescente";"Céu Claro";"Dupla";"Reta";"Não";1;0;0;0;1;0;0;1;-22,47557761;-42,17219006;"SPRF-RJ";"DEL08-RJ";"UOP04-DEL08-RJ"
401678;2021-12-14;"terça-feira";"12:50:00";"RS";116;270;"CANOAS";"Manobra de mudança de faixa";"Colisão lateral mesmo sentido";"Com Vítimas Feridas";"Pleno dia";"Crescente";"Chuva";"Dupla";"Reta";"Não";2;0;1;0;1;0;1;2;-29,96839095;-51,17623895;"SPRF-RS";"DEL01-RS";"UOP01-DEL01-RS"
401679;2021-12-14;"terça-feira";"09:00:00";"RS";285;47,8;"BOM JESUS";"Reação tardia ou ineficiente do condutor";"Colisão com objeto";"Com Vítimas Feridas";"Pleno dia";"Crescente";"Céu Claro";"Simples";"Curva";"Não";2;0;2;0;0;0;2;1;-28,674761;-50,310955;"SPRF-RS";"DEL05-RS";"UOP03-DEL05-RS"
401680;2021-12-14;"terça-feira";"09:30:00";"MS";163;290,5;"DOURADINA";"Velocidade Incompatível";"Saída de leito carroçável";"Sem Vítimas";"Pleno dia";"Crescente";"Nublado";"Simples";"Reta";"Não";1;0;0;0;1;0;0;1;-22,061885;-54,558193;"SPRF-MS";"DEL04-MS";"UOP01-DEL04-MS"
401682;2021-12-14;"terça-feira";"05:30:00";"BA";116;314,6;"ARACI";"Demais falhas mecânicas ou elétricas";"Incêndio";"Sem Vítimas";"Pleno dia";"Decrescente";"Céu Claro";"Simples";"Reta";"Não";1;0;0;0;1;0;0;1;-11,28262783;-38,92744931;"SPRF-BA";"DEL02-BA";"UOP01-DEL02-BA"
401684;2021-12-14;"terça-feira";"12:50:00";"PE";407;126,7;"PETROLINA";"Reação tardia ou ineficiente do condutor";"Colisão traseira";"Sem Vítimas";"Pleno dia";"Crescente";"Céu Claro";"Simples";"Reta";"Sim";2;0;0;0;2;0;0;2;-9,3905314;-40,52164435;"SPRF-PE";"DEL06-PE";"UOP01-DEL06-PE"
401685;2021-12-14;"terça-feira";"10:00:00";"SC";282;382,9;"HERVAL DOESTE";"Velocidade Incompatível";"Colisão com objeto";"Com Vítimas Feridas";"Pleno dia";"Crescente";"Chuva";"Simples";"Curva";"Não";2;0;2;0;0;0;2;1;-27,19607;-51,503044;"SPRF-SC";"DEL07-SC";"UOP05-DEL07-SC"
401688;2021-12-14;"terça-feira";"12:00:00";"SP";116;41;"CACHOEIRA PAULISTA";"Demais falhas mecânicas ou elétricas";"Incêndio";"Sem Vítimas";"Pleno dia";"Crescente";"Sol";"Dupla";"Reta";"Não";1;0;0;0;1;0;0;1;-22,7070082;-44,97356415;"SPRF-SP";"DEL08-SP";"UOP02-DEL08-SP"
401690;2021-12-14;"terça-feira";"14:00:00";"RS";116;265;"CANOAS";"Avarias e/ou desgaste excessivo no pneu";"Colisão traseira";"Com Vítimas Feridas";"Pleno dia";"Crescente";"Garoa/Chuvisco";"Dupla";"Reta";"Sim";4;0;1;0;3;0;1;3;-29,92342302;-51,17780944;"SPRF-RS";"DEL01-RS";"UOP01-DEL01-RS"
401691;2021-12-14;"terça-feira";"13:30:00";"MG";381;374,5;"SAO GONCALO DO RIO ABAIXO";"Acumulo de óleo sobre o pavimento";"Colisão com objeto";"Com Vítimas Feridas";"Pleno dia";"Crescente";"Garoa/Chuvisco";"Simples";"Curva";"Não";1;0;1;0;0;0;1;1;-19,84141645;-43,32982083;"SPRF-MG";"DEL01-MG";"UOP01-DEL01-MG"
401692;2021-12-14;"terça-feira";"14:00:00";"RJ";40;121;"DUQUE DE CAXIAS";"Demais falhas mecânicas ou elétricas";"Colisão traseira";"Com Vítimas Feridas";"Pleno dia";"Decrescente";"Céu Claro";"Múltipla";"Curva";"Sim";2;0;1;0;1;0;1;1;-22,78185499;-43,28571273;"SPRF-RJ";"DEL01-RJ";"UOP01-DEL01-RJ"
401693;2021-12-14;"terça-feira";"14:50:00";"RN";101;100;"PARNAMIRIM";"Acessar a via sem observar a presença dos outros veículos";"Colisão lateral mesmo sentido";"Com Vítimas Feridas";"Pleno dia";"Decrescente";"Céu Claro";"Dupla";"Curva";"Sim";3;0;0;1;2;0;1;3;-5,88106901;-35,22542396;"SPRF-RN";"DEL01-RN";"UOP01-DEL01-RN"
401694;2021-12-14;"terça-feira";"14:34:00";"SC";470;137,5;"RIO DO SUL";"Conversão proibida";"Colisão frontal";"Com Vítimas Feridas";"Pleno dia";"Crescente";"Garoa/Chuvisco";"Simples";"Reta";"Não";3;0;3;0;0;0;3;2;-27,203201;-49,635063;"SPRF-SC";"DEL04-SC";"UOP02-DEL04-SC"
401695;2021-12-14;"terça-feira";"12:10:00";"RS";116;146,3;"CAXIAS DO SUL";"Condutor deixou de manter distância do veículo da frente";"Colisão traseira";"Sem Vítimas";"Pleno dia";"Decrescente";"Nublado";"Dupla";"Reta";"Sim";2;0;0;0;2;0;0;2;-29,14228897;-51,13622202;"SPRF-RS";"DEL05-RS";"UOP01-DEL05-RS"
401697;2021-12-14;"terça-feira";"14:40:00";"RS";116;254;"SAPUCAIA DO SUL";"Reação tardia ou ineficiente do condutor";"Colisão traseira";"Com Vítimas Feridas";"Pleno dia";"Crescente";"Céu Claro";"Dupla";"Reta";"Sim";2;0;1;0;1;0;1;2;-29,82654797;-51,17241311;"SPRF-RS";"DEL01-RS";"UOP02-DEL01-RS"
401698;2021-12-14;"terça-feira";"13:10:00";"RO";364;15;"VILHENA";"Acessar a via sem observar a presença dos outros veículos";"Colisão transversal";"Com Vítimas Feridas";"Pleno dia";"Decrescente";"Nublado";"Dupla";"Reta";"Sim";2;0;1;0;1;0;1;2;-12,73607844;-60,15135884;"SPRF-RO";"DEL04-RO";"UOP01-DEL04-RO"
401699;2021-12-14;"terça-feira";"14:00:00";"DF";20;2;"BRASILIA";"Demais falhas mecânicas ou elétricas";"Colisão traseira";"Com Vítimas Feridas";"Pleno dia";"Crescente";"Nublado";"Dupla";"Declive;Reta";"Sim";4;0;1;0;3;0;1;3;-15,682896;-47,840729;"SPRF-DF";"DEL02-DF";"UOP01-DEL02-DF"
401700;2021-12-14;"terça-feira";"10:30:00";"BA";101;475;"URUCUCA";"Acessar a via sem observar a presença dos outros veículos";"Colisão transversal";"Com Vítimas Fatais";"Pleno dia";"Decrescente";"Céu Claro";"Simples";"Interseção de Vias";"Não";3;1;0;0;2;0;0;2;-14,56900062;-39,3353774;"SPRF-BA";"DEL05-BA";"UOP01-DEL05-BA"
401701;2021-12-14;"terça-feira";"13:55:00";"RJ";116;170;"SAO JOAO DE MERITI";"Trafegar com motocicleta (ou similar) entre as faixas";"Colisão lateral mesmo sentido";"Com Vítimas Feridas";"Pleno dia";"Decrescente";"Sol";"Dupla";"Reta";"Sim";2;0;1;0;1;0;1;2;-22,79607583;-43,38675588;"SPRF-RJ";"DEL01-RJ";"UOP02-DEL01-RJ"
401702;2021-12-14;"terça-feira";"13:50:00";"PR";277;33;"MORRETES";"Velocidade Incompatível";"Colisão com objeto";"Com Vítimas Feridas";"Pleno dia";"Crescente";"Chuva";"Dupla";"Curva";"Não";2;0;2;0;0;0;2;1;-25,547373;-48,790559;"SPRF-PR";"DEL01-PR";"UOP05-DEL01-PR"
401704;2021-12-14;"terça-feira";"13:00:00";"RJ";101;322;"NITEROI";"Condutor deixou de manter distância do veículo da frente";"Colisão traseira";"Com Vítimas Feridas";"Pleno dia";"Decrescente";"Céu Claro";"Dupla";"Curva";"Sim";2;0;0;1;0;1;1;2;-22,87997097;-43,11219692;"SPRF-RJ";"DEL02-RJ";"UOP02-DEL02-RJ"
401705;2021-12-14;"terça-feira";"15:30:00";"SP";116;215;"GUARULHOS";"Manobra de mudança de faixa";"Tombamento";"Com Vítimas Feridas";"Pleno dia";"Crescente";"Nublado";"Múltipla";"Reta";"Sim";1;0;1;0;0;0;1;1;-23,44695693;-46,45394103;"SPRF-SP";"DEL01-SP";"UOP01-DEL01-SP"
401706;2021-12-14;"terça-feira";"15:10:00";"PE";101;83;"JABOATAO DOS GUARARAPES";"Velocidade Incompatível";"Colisão lateral mesmo sentido";"Com Vítimas Feridas";"Pleno dia";"Crescente";"Céu Claro";"Dupla";"Reta";"Sim";6;0;2;0;2;2;2;3;-8,175172;-34,942642;"SPRF-PE";"DEL01-PE";"UOP01-DEL01-PE"
401708;2021-12-14;"terça-feira";"15:00:00";"RJ";40;105;"DUQUE DE CAXIAS";"Pedestre cruzava a pista fora da faixa";"Atropelamento de Pedestre";"Com Vítimas Feridas";"Pleno dia";"Decrescente";"Nublado";"Dupla";"Reta";"Sim";3;0;1;0;0;2;1;2;-22,63784806;-43,28428824;"SPRF-RJ";"DEL01-RJ";"UOP01-DEL01-RJ"
401709;2021-12-14;"terça-feira";"15:00:00";"PB";230;17,7;"JOAO PESSOA";"Acessar a via sem observar a presença dos outros veículos";"Colisão transversal";"Com Vítimas Feridas";"Pleno dia";"Crescente";"Sol";"Dupla";"Reta";"Sim";2;0;1;0;1;0;1;2;-7,1121;-34,8426;"SPRF-PB";"DEL01-PB";"UOP01-DEL01-PB"
401711;2021-12-14;"terça-feira";"13:20:00";"RS";448;22;"PORTO ALEGRE";"Acumulo de areia ou detritos sobre o pavimento";"Colisão com objeto";"Com Vítimas Feridas";"Pleno dia";"Crescente";"Chuva";"Dupla";"Declive;Curva;Viaduto";"Sim";1;0;1;0;0;0;1;1;-29,972212;-51,199139;"SPRF-RS";"DEL01-RS";"UOP01-DEL01-RS"
401713;2021-12-14;"terça-feira";"16:05:00";"SP";116;318;"JUQUITIBA";"Ausência de reação do condutor";"Queda de ocupante de veículo";"Com Vítimas Feridas";"Pleno dia";"Decrescente";"Céu Claro";"Dupla";"Curva";"Sim";1;0;1;0;0;0;1;1;-23,92536222;-46,99376156;"SPRF-SP";"DEL04-SP";"UOP01-DEL04-SP"
401716;2021-12-14;"terça-feira";"14:20:00";"RS";392;325,9;"SAO SEPE";"Condutor Dormindo";"Colisão com objeto";"Com Vítimas Feridas";"Pleno dia";"Crescente";"Céu Claro";"Simples";"Reta";"Não";1;0;1;0;0;0;1;1;-29,94077625;-53,70831728;"SPRF-RS";"DEL09-RS";"UOP01-DEL09-RS"
401722;2021-12-14;"terça-feira";"15:50:00";"PB";230;136;"CAMPINA GRANDE";"Chuva";"Saída de leito carroçável";"Com Vítimas Feridas";"Pleno dia";"Crescente";"Chuva";"Dupla";"Reta";"Não";2;0;1;0;1;0;1;1;-7,2818;-35,7675;"SPRF-PB";"DEL02-PB";"UOP01-DEL02-PB"
401724;2021-12-14;"terça-feira";"15:30:00";"RJ";493;110;"SEROPEDICA";"Acumulo de água sobre o pavimento";"Queda de ocupante de veículo";"Com Vítimas Feridas";"Pleno dia";"Decrescente";"Céu Claro";"Dupla";"Reta";"Não";1;0;1;0;0;0;1;1;-22,76806962;-43,73884678;"SPRF-RJ";"DEL03-RJ";"UOP01-DEL03-RJ"
401727;2021-12-14;"terça-feira";"16:50:00";"RJ";116;165,9;"RIO DE JANEIRO";"Ultrapassagem Indevida";"Colisão lateral mesmo sentido";"Com Vítimas Feridas";"Pleno dia";"Crescente";"Céu Claro";"Simples";"Reta";"Sim";2;0;0;1;1;0;1;2;-22,80563743;-43,3434248;"SPRF-RJ";"DEL01-RJ";"UOP01-DEL01-RJ"
401728;2021-12-14;"terça-feira";"17:15:00";"PE";101;97;"CABO DE SANTO AGOSTINHO";"Condutor deixou de manter distância do veículo da frente";"Colisão traseira";"Com Vítimas Feridas";"Pleno dia";"Crescente";"Nublado";"Dupla";"Reta";"Sim";3;0;1;1;1;0;2;2;-8,25331064;-35,0296397;"SPRF-PE";"DEL01-PE";"UOP01-DEL01-PE"
401729;2021-12-14;"terça-feira";"12:30:00";"BA";110;298;"INHAMBUPE";"Acessar a via sem observar a presença dos outros veículos";"Colisão lateral mesmo sentido";"Com Vítimas Feridas";"Pleno dia";"Decrescente";"Nublado";"Simples";"Reta";"Sim";3;0;1;0;2;0;1;2;-11,889702;-38,37543896;"SPRF-BA";"DEL01-BA";"UOP04-DEL01-BA"
401731;2021-12-14;"terça-feira";"17:00:00";"SC";101;230;"PALHOCA";"Ausência de reação do condutor";"Tombamento";"Com Vítimas Feridas";"Pleno dia";"Decrescente";"Nublado";"Múltipla";"Reta";"Sim";1;0;0;1;0;0;1;1;-27,77781898;-48,63489608;"SPRF-SC";"DEL01-SC";"UOP02-DEL01-SC"
401733;2021-12-14;"terça-feira";"16:40:00";"MG";40;551;"NOVA LIMA";"Entrada inopinada do pedestre";"Atropelamento de Pedestre";"Com Vítimas Feridas";"Pleno dia";"Decrescente";"Nublado";"Múltipla";"Declive";"Sim";4;0;0;1;1;2;1;3;-20,05411435;-43,97101875;"SPRF-MG";"DEL01-MG";"UOP02-DEL01-MG"
401734;2021-12-14;"terça-feira";"13:45:00";"RO";364;250,5;"CACOAL";"Acessar a via sem observar a presença dos outros veículos";"Colisão transversal";"Com Vítimas Feridas";"Pleno dia";"Decrescente";"Céu Claro";"Simples";"Aclive;Reta";"Não";3;0;2;1;0;0;3;2;-11,43760719;-61,56937838;"SPRF-RO";"DEL02-RO";"UOP02-DEL02-RO"
401735;2021-12-14;"terça-feira";"15:30:00";"MG";40;746,1;"SANTOS DUMONT";"Velocidade Incompatível";"Saída de leito carroçável";"Com Vítimas Feridas";"Pleno dia";"Decrescente";"Chuva";"Simples";"Aclive;Curva";"Não";4;0;1;0;3;0;1;1;-21,43028197;-43,55615283;"SPRF-MG";"DEL05-MG";"UOP01-DEL05-MG"
401737;2021-12-14;"terça-feira";"17:00:00";"SC";101;21;"JOINVILLE";"Chuva";"Colisão com objeto";"Com Vítimas Feridas";"Pleno dia";"Crescente";"Chuva";"Dupla";"Curva";"Não";1;0;1;0;0;0;1;1;-26,14793022;-48,90894562;"SPRF-SC";"DEL03-SC";"UOP01-DEL03-SC"
401738;2021-12-14;"terça-feira";"18:00:00";"ES";262;5;"CARIACICA";"Pedestre cruzava a pista fora da faixa";"Atropelamento de Pedestre";"Com Vítimas Feridas";"Anoitecer";"Crescente";"Céu Claro";"Dupla";"Reta";"Sim";3;0;1;0;2;0;1;3;-20,33707281;-40,38649924;"SPRF-ES";"DEL01-ES";"UOP01-DEL01-ES"
401739;2021-12-14;"terça-feira";"11:00:00";"RJ";101;549;"PARATY";"Demais falhas mecânicas ou elétricas";"Incêndio";"Sem Vítimas";"Pleno dia";"Decrescente";"Céu Claro";"Simples";"Reta";"Não";1;0;0;0;0;1;0;1;-23,04642435;-44,65531364;"SPRF-RJ";"DEL03-RJ";"UOP02-DEL03-RJ"
401740;2021-12-14;"terça-feira";"17:00:00";"RS";470;215;"BENTO GONCALVES";"Acessar a via sem observar a presença dos outros veículos";"Colisão transversal";"Com Vítimas Feridas";"Pleno dia";"Crescente";"Garoa/Chuvisco";"Simples";"Reta";"Sim";2;0;1;0;1;0;1;2;-29,16024433;-51,52871316;"SPRF-RS";"DEL06-RS";"UOP01-DEL06-RS"
401742;2021-12-14;"terça-feira";"18:00:00";"CE";116;14;"FORTALEZA";"Pedestre cruzava a pista fora da faixa";"Atropelamento de Pedestre";"Com Vítimas Feridas";"Plena Noite";"Decrescente";"Céu Claro";"Múltipla";"Reta";"Sim";3;0;2;1;0;0;3;2;-3,86973356;-38,49827361;"SPRF-CE";"DEL01-CE";"UOP02-DEL01-CE"
401743;2021-12-14;"terça-feira";"17:10:00";"SC";282;23,3;"SANTO AMARO DA IMPERATRIZ";"Trafegar com motocicleta (ou similar) entre as faixas";"Colisão transversal";"Com Vítimas Feridas";"Pleno dia";"Decrescente";"Nublado";"Simples";"Reta";"Sim";2;0;1;0;1;0;1;2;-27,687958;-48,736794;"SPRF-SC";"DEL01-SC";"UOP02-DEL01-SC"
401744;2021-12-14;"terça-feira";"17:30:00";"PR";116;2;"CAMPINA GRANDE DO SUL";"Chuva";"Saída de leito carroçável";"Sem Vítimas";"Pleno dia";"Decrescente";"Chuva";"Dupla";"Curva";"Não";1;0;0;0;1;0;0;1;-25,06602975;-48,57857703;"SPRF-PR";"DEL01-PR";"UOP02-DEL01-PR"
401745;2021-12-14;"terça-feira";"18:00:00";"SP";116;284;"ITAPECERICA DA SERRA";"Condutor deixou de manter distância do veículo da frente";"Queda de ocupante de veículo";"Com Vítimas Feridas";"Pleno dia";"Crescente";"Céu Claro";"Dupla";"Reta";"Não";1;0;1;0;0;0;1;1;-23,69998;-46,867767;"SPRF-SP";"DEL04-SP";"UOP01-DEL04-SP"
401746;2021-12-14;"terça-feira";"16:00:00";"GO";364;70,8;"CACHOEIRA ALTA";"Acumulo de água sobre o pavimento";"Saída de leito carroçável";"Com Vítimas Feridas";"Pleno dia";"Decrescente";"Chuva";"Simples";"Reta";"Não";4;0;2;0;2;0;2;1;-18,65638;-50,998772;"SPRF-GO";"DEL05-GO";"UOP02-DEL05-GO"
401747;2021-12-14;"terça-feira";"16:20:00";"MG";381;494,9;"BETIM";"Ausência de reação do condutor";"Eventos atípicos";"Com Vítimas Feridas";"Pleno dia";"Decrescente";"Nublado";"Dupla";"Reta";"Sim";1;0;1;0;0;0;1;1;-19,985563;-44,20318;"SPRF-MG";"DEL01-MG";"UOP03-DEL01-MG"
401748;2021-12-14;"terça-feira";"18:15:00";"PB";230;16,8;"JOAO PESSOA";"Trafegar com motocicleta (ou similar) entre as faixas";"Tombamento";"Com Vítimas Feridas";"Plena Noite";"Crescente";"Céu Claro";"Dupla";"Reta";"Não";1;0;1;0;0;0;1;1;-7,1039;-34,8458;"SPRF-PB";"DEL01-PB";"UOP01-DEL01-PB"
401750;2021-12-14;"terça-feira";"17:30:00";"MG";381;508,2;"SAO JOAQUIM DE BICAS";"Velocidade Incompatível";"Tombamento";"Com Vítimas Feridas";"Pleno dia";"Decrescente";"Nublado";"Dupla";"Curva";"Sim";1;0;1;0;0;0;1;1;-20,06277698;-44,29329002;"SPRF-MG";"DEL01-MG";"UOP03-DEL01-MG"
401751;2021-12-14;"terça-feira";"18:20:00";"SC";101;278,3;"IMBITUBA";"Desrespeitar a preferência no cruzamento";"Colisão lateral mesmo sentido";"Com Vítimas Feridas";"Anoitecer";"Crescente";"Nublado";"Simples";"Interseção de Vias";"Sim";3;0;2;0;1;0;2;2;-28,17800852;-48,69566744;"SPRF-SC";"DEL02-SC";"UOP03-DEL02-SC"
401753;2021-12-14;"terça-feira";"17:25:00";"RJ";493;96;"SEROPEDICA";"Acumulo de água sobre o pavimento";"Saída de leito carroçável";"Com Vítimas Feridas";"Pleno dia";"Crescente";"Chuva";"Múltipla";"Reta";"Não";3;0;1;1;1;0;2;1;-22,715904;-43,705962;"SPRF-RJ";"DEL03-RJ";"UOP01-DEL03-RJ"
401754;2021-12-14;"terça-feira";"18:40:00";"PE";232;29;"MORENO";"Animais na Pista";"Atropelamento de Animal";"Com Vítimas Feridas";"Plena Noite";"Crescente";"Céu Claro";"Dupla";"Reta";"Não";1;0;1;0;0;0;1;1;-8,111269;-35,143135;"SPRF-PE";"DEL01-PE";"UOP01-DEL01-PE"