"id";"data_inversa";"dia_semana";"horario";"uf";"br";"km";"municipio";"causa_acidente";"tipo_acidente";"classificacao_acidente";"fase_dia";"sentido_via";"condicao_metereologica";"tipo_pista";"tracado_via";"uso_solo";"pessoas";"mortos";"feridos_leves";"feridos_graves";"ilesos";"ignorados";"feridos";"veiculos";"latitude";"longitude";"regional";"delegacia";"uop"
401888;2021-12-15;"quarta-feira";"09:45:00";"PA";230;121;"MARABA";"Manobra de mudança de faixa";"Colisão traseira";"Com Vítimas Feridas";"Pleno dia";"Crescente";"Céu Claro";"Dupla";"Retorno Regulamentado";"Sim";4;0;2;0;2;0;2;2;-5,35297407;-49,12143673;"SPRF-PA";"DEL03-PA";"UOP01-DEL03-PA"
401889;2021-12-15;"quarta-feira";"14:00:00";"PR";116;90;"SAO JOSE DOS PINHAIS";"Reação tardia ou ineficiente do condutor";"Capotamento";"Com Vítimas Feridas";"Pleno dia";"Decrescente";"Céu Claro";"Dupla";"Reta";"Não";3;0;3;0;0;0;3;2;-25,49748758;-49,1169548;"SPRF-PR";"DEL01-PR";"UOP01-DEL01-PR"
401890;2021-12-15;"quarta-feira";"13:20:00";"BA";324;582;"CANDEIAS";"Falta de elemento de contenção que evite a saída do leito carroçável";"Saída de leito carroçável";"Com Vítimas Feridas";"Pleno dia";"Decrescente";"Céu Claro";"Dupla";"Reta";"Não";4;0;4;0;0;0;4;1;-12,60856603;-38,49390902;"SPRF-BA";"DEL01-BA";"UOP01-DEL01-BA"
401892;2021-12-15;"quarta-feira";"13:40:00";"SC";470;92;"APIUNA";"Acessar a via sem observar a presença dos outros veículos";"Colisão transversal";"Com Vítimas Feridas";"Pleno dia";"Crescente";"Céu Claro";"Simples";"Em Obras";"Não";2;0;0;1;1;0;1;2;-26,98592;-49,373047;"SPRF-SC";"DEL04-SC";"UOP01-DEL04-SC"
401893;2021-12-15;"quarta-feira";"14:10:00";"RJ";101;229,1;"SILVA JARDIM";"Demais falhas mecânicas ou elétricas";"Saída de leito carroçável";"Com Vítimas Feridas";"Pleno dia";"Decrescente";"Céu Claro";"Dupla";"Reta";"Não";4;0;3;0;1;0;3;1;-22,5653276;-42,36847904;"SPRF-RJ";"DEL02-RJ";"UOP03-DEL02-RJ"
401897;2021-12-15;"quarta-feira";"15:30:00";"PE";232;508;"SALGUEIRO";"Acessar a via sem observar a presença dos outros veículos";"Colisão lateral mesmo sentido";"Com Vítimas Feridas";"Pleno dia";"Crescente";"Céu Claro";"Simples";"Reta";"Sim";3;0;1;0;2;0;1;2;-8,06223271;-39,12095006;"SPRF-PE";"DEL05-PE";"UOP01-DEL05-PE"
401898;2021-12-15;"quarta-feira";"15:30:00";"MG";40;693,8;"ALFREDO VASCONCELOS";"Condutor deixou de manter distância do veículo da frente";"Colisão traseira";"Sem Vítimas";"Pleno dia";"Crescente";"Chuva";"Simples";"Reta";"Sim";2;0;0;0;2;0;0;2;-21,152787;-43,76261;"SPRF-MG";"DEL05-MG";"UOP02-DEL05-MG"
401899;2021-12-15;"quarta-feira";"15:15:00";"PR";376;253,9;"CALIFORNIA";"Avarias e/ou desgaste excessivo no pneu";"Colisão com objeto";"Com Vítimas Feridas";"Pleno dia";"Crescente";"Chuva";"Dupla";"Reta";"Não";3;0;2;0;1;0;2;1;-23,6586153;-51,37192931;"SPRF-PR";"DEL07-PR";"UOP02-DEL07-PR"
401900;2021-12-15;"quarta-feira";"16:05:00";"PE";101;23,4;"GOIANA";"Mal súbito do condutor";"Saída de leito carroçável";"Com Vítimas Feridas";"Pleno dia";"Decrescente";"Céu Claro";"Dupla";"Aclive";"Não";1;0;1;0;0;0;1;1;-7,68357776;-34,92410458;"SPRF-PE";"DEL01-PE";"UOP02-DEL01-PE"
401901;2021-12-15;"quarta-feira";"14:15:00";"PR";376;232,7;"APUCARANA";"Reação tardia ou ineficiente do condutor";"Colisão com objeto";"Com Vítimas Feridas";"Pleno dia";"Crescente";"Céu Claro";"Dupla";"Curva;Declive";"Sim";2;0;2;0;0;0;2;1;-23,56840661;-51,51155591;"SPRF-PR";"DEL07-PR";"UOP02-DEL07-PR"
401903;2021-12-15;"quarta-feira";"16:31:00";"ES";101;292;"CARIACICA";"Ausência de reação do condutor";"Queda de ocupante de veículo";"Com Vítimas Feridas";"Pleno dia";"Crescente";"Nublado";"Dupla";"Reta";"Sim";1;0;1;0;0;0;1;1;-20,30650512;-40,39488717;"SPRF-ES";"DEL01-ES";"UOP01-DEL01-ES"
401904;2021-12-15;"quarta-feira";"15:10:00";"MG";40;460,4;"CAETANOPOLIS";"Pista Escorregadia";"Tombamento";"Com Vítimas Feridas";"Pleno dia";"Crescente";"Chuva";"Dupla";"Curva;Viaduto";"Não";2;0;1;1;0;0;2;1;-19,39770694;-44,33528916;"SPRF-MG";"DEL02-MG";"UOP01-DEL02-MG"
401907;2021-12-15;"quarta-feira";"15:10:00";"PR";376;203,5;"MANDAGUARI";"Reação tardia ou ineficiente do condutor";"Saída de leito carroçável";"Com Vítimas Feridas";"Pleno dia";"Decrescente";"Céu Claro";"Dupla";"Aclive";"Não";2;0;1;0;1;0;1;2;-23,50951388;-51,72140497;"SPRF-PR";"DEL09-PR";"UOP01-DEL09-PR"
401908;2021-12-15;"quarta-feira";"17:00:00";"GO";364;285;"MINEIROS";"Chuva";"Saída de leito carroçável";"Sem Vítimas";"Pleno dia";"Crescente";"Chuva";"Simples";"Curva";"Não";2;0;0;0;2;0;0;1;-17,608862;-52,427864;"SPRF-GO";"DEL05-GO";"UOP01-DEL05-GO"
401909;2021-12-15;"quarta-feira";"17:20:00";"GO";60;92,2;"ANAPOLIS";"Acesso irregular";"Colisão transversal";"Com Vítimas Feridas";"Pleno dia";"Crescente";"Céu Claro";"Dupla";"Reta";"Sim";4;0;2;0;2;0;2;2;-16,353;-48,9178;"SPRF-GO";"DEL02-GO";"UOP01-DEL02-GO"
401910;2021-12-15;"quarta-feira";"17:15:00";"SP";116;52,1;"LORENA";"Reação tardia ou ineficiente do condutor";"Tombamento";"Com Vítimas Feridas";"Pleno dia";"Decrescente";"Nublado";"Dupla";"Reta";"Sim";1;0;1;0;0;0;1;1;-22,74708138;-45,09973038;"SPRF-SP";"DEL08-SP";"UOP02-DEL08-SP"
401913;2021-12-15;"quarta-feira";"17:30:00";"PI";343;0,3;"TERESINA";"Transitar no acostamento";"Tombamento";"Com Vítimas Feridas";"Pleno dia";"Decrescente";"Céu Claro";"Dupla";"Reta";"Sim";1;0;1;0;0;0;1;1;-5,07944539;-42,75349975;"SPRF-PI";"DEL01-PI";"UOP01-DEL01-PI"
401914;2021-12-15;"quarta-feira";"16:45:00";"RN";101;95,4;"NATAL";"Trafegar com motocicleta (ou similar) entre as faixas";"Colisão transversal";"Com Vítimas Feridas";"Plena Noite";"Crescente";"Céu Claro";"Múltipla";"Reta";"Sim";2;0;1;0;1;0;1;2;-5,83176615;-35,21191342;"SPRF-RN";"DEL01-RN";"UOP01-DEL01-RN"
401915;2021-12-15;"quarta-feira";"16:20:00";"SC";470;104;"APIUNA";"Condutor Dormindo";"Colisão lateral sentido oposto";"Com Vítimas Feridas";"Pleno dia";"Crescente";"Sol";"Simples";"Curva";"Não";4;0;3;0;1;0;3;3;-27,064796;-49,401424;"SPRF-SC";"DEL04-SC";"UOP02-DEL04-SC"
401916;2021-12-15;"quarta-feira";"17:30:00";"BA";116;426;"FEIRA DE SANTANA";"Pista Escorregadia";"Colisão com objeto";"Sem Vítimas";"Pleno dia";"Decrescente";"Céu Claro";"Simples";"Viaduto";"Sim";2;0;0;0;2;0;0;2;-12,26909591;-38,98897832;"SPRF-BA";"DEL02-BA";"UOP01-DEL02-BA"
401918;2021-12-15;"quarta-feira";"17:10:00";"MG";365;1,5;"MONTES CLAROS";"Condutor deixou de manter distância do veículo da frente";"Colisão traseira";"Com Vítimas Feridas";"Pleno dia";"Crescente";"Céu Claro";"Simples";"Reta";"Sim";2;0;1;0;1;0;1;2;-16,716154;-43,863327;"SPRF-MG";"DEL12-MG";"UOP01-DEL12-MG"
401919;2021-12-15;"quarta-feira";"17:40:00";"PR";116;15,6;"COLOMBO";"Condutor deixou de manter distância do veículo da frente";"Colisão traseira";"Com Vítimas Feridas";"Pleno dia";"Decrescente";"Céu Claro";"Dupla";"Reta";"Sim";2;0;1;0;1;0;1;2;-25,3848;-49,1711;"SPRF-PR";"DEL01-PR";"UOP02-DEL01-PR"
401921;2021-12-15;"quarta-feira";"17:50:00";"RS";290;74,4;"GRAVATAI";"Acessar a via sem observar a presença dos outros veículos";"Colisão lateral mesmo sentido";"Com Vítimas Feridas";"Pleno dia";"Decrescente";"Nublado";"Múltipla";"Reta";"Não";2;0;1;0;1;0;1;2;-29,9537447;-51,00471497;"SPRF-RS";"DEL03-RS";"UOP01-DEL03-RS"
401923;2021-12-15;"quarta-feira";"17:30:00";"MT";163;703,1;"SORRISO";"Ultrapassagem Indevida";"Colisão frontal";"Com Vítimas Fatais";"Pleno dia";"Crescente";"Céu Claro";"Simples";"Reta";"Não";2;1;0;1;0;0;1;2;-12,95420779;-55,86865425;"SPRF-MT";"DEL06-MT";"UOP01-DEL06-MT"
401925;2021-12-15;"quarta-feira";"15:20:00";"PR";116;207;"RIO NEGRO";"Acessar a via sem observar a presença dos outros veículos";"Colisão transversal";"Com Vítimas Feridas";"Pleno dia";"Decrescente";"Sol";"Simples";"Reta";"Sim";2;0;1;0;1;0;1;2;-26,06998593;-49,73493401;"SPRF-SC";"DEL06-SC";"UOP01-DEL06-SC"
401926;2021-12-15;"quarta-feira";"18:20:00";"SC";101;208,1;"SAO JOSE";"Manobra de mudança de faixa";"Colisão lateral mesmo sentido";"Com Vítimas Feridas";"Anoitecer";"Crescente";"Nublado";"Múltipla";"Reta";"Sim";2;0;1;0;1;0;1;2;-27,60327979;-48,63201818;"SPRF-SC";"DEL01-SC";"UOP01-DEL01-SC"
401927;2021-12-15;"quarta-feira";"19:00:00";"SC";101;132;"BALNEARIO CAMBORIU";"Ausência de reação do condutor";"Colisão traseira";"Com Vítimas Feridas";"Plena Noite";"Decrescente";"Nublado";"Dupla";"Reta";"Sim";2;0;1;0;0;1;1;2;-26,99654133;-48,65564711;"SPRF-SC";"DEL04-SC";"UOP03-DEL04-SC"
401928;2021-12-15;"quarta-feira";"17:55:00";"RN";226;116;"SANTA CRUZ";"Animais na Pista";"Colisão traseira";"Sem Vítimas";"Anoitecer";"Decrescente";"Céu Claro";"Simples";"Reta";"Não";2;0;0;0;2;0;0;2;-6,19653642;-36,0417392;"SPRF-RN";"DEL03-RN";"UOP02-DEL03-RN"
401929;2021-12-15;"quarta-feira";"18:30:00";"SC";101;209;"SAO JOSE";"Manobra de mudança de faixa";"Colisão lateral mesmo sentido";"Com Vítimas Feridas";"Plena Noite";"Decrescente";"Céu Claro";"Dupla";"Reta";"Sim";2;0;1;0;1;0;1;2;-27,61000542;-48,63895057;"SPRF-SC";"DEL01-SC";"UOP01-DEL01-SC"
401930;2021-12-13;"segunda-feira";"01:00:00";"MG";381;445;"SANTA LUZIA";"Chuva";"Colisão frontal";"Com Vítimas Feridas";"Plena Noite";"Crescente";"Chuva";"Simples";"Curva";"Não";4;0;1;3;0;0;4;2;-19,82543027;-43,83409786;"SPRF-MG";"DEL01-MG";"UOP01-DEL01-MG"
401931;2021-12-15;"quarta-feira";"19:10:00";"PR";158;532,8;"PATO BRANCO";"Desrespeitar a preferência no cruzamento";"Colisão transversal";"Com Vítimas Feridas";"Anoitecer";"Crescente";"Céu Claro";"Dupla";"Interseção de Vias;Reta;Rotatória";"Sim";2;0;1;0;1;0;1;2;-26,21811384;-52,68159986;"SPRF-PR";"DEL02-PR";"UOP01-DEL02-PR"
401932;2021-12-15;"quarta-feira";"18:45:00";"PR";369;149;"LONDRINA";"Pista Escorregadia";"Colisão traseira";"Com Vítimas Feridas";"Anoitecer";"Crescente";"Chuva";"Dupla";"Reta";"Sim";2;0;0;1;1;0;1;2;-23,293013;-51,148759;"SPRF-PR";"DEL07-PR";"UOP01-DEL07-PR"
401933;2021-12-15;"quarta-feira";"19:00:00";"BA";110;172;"RIBEIRA DO POMBAL";"Deixar de acionar o farol da motocicleta (ou similar)";"Colisão lateral sentido oposto";"Com Vítimas Feridas";"Plena Noite";"Decrescente";"Céu Claro";"Simples";"Reta";"Sim";2;0;1;0;0;1;1;2;-10,85155593;-38,52993354;"SPRF-BA";"DEL07-BA";"UOP02-DEL07-BA"
401934;2021-12-15;"quarta-feira";"18:30:00";"ES";101;269;"SERRA";"Manobra de mudança de faixa";"Colisão lateral mesmo sentido";"Com Vítimas Feridas";"Plena Noite";"Crescente";"Céu Claro";"Dupla";"Reta";"Sim";2;0;1;0;0;1;1;2;-20,21740496;-40,26990578;"SPRF-ES";"DEL02-ES";"UOP01-DEL02-ES"
401936;2021-12-15;"quarta-feira";"19:10:00";"SP";116;295,8;"ITAPECERICA DA SERRA";"Deficiência do Sistema de Iluminação/Sinalização";"Queda de ocupante de veículo";"Com Vítimas Feridas";"Plena Noite";"Decrescente";"Chuva";"Dupla";"Reta";"Sim";1;0;1;0;0;0;1;1;-23,76855719;-46,90957373;"SPRF-SP";"DEL04-SP";"UOP01-DEL04-SP"
401940;2021-12-15;"quarta-feira";"16:35:00";"SC";470;77,2;"INDAIAL";"Velocidade Incompatível";"Colisão transversal";"Com Vítimas Fatais";"Pleno dia";"Decrescente";"Nublado";"Simples";"Reta";"Não";5;1;0;0;1;3;0;3;-26,940817;-49,29287;"SPRF-SC";"DEL04-SC";"UOP01-DEL04-SC"
401941;2021-12-15;"quarta-feira";"19:00:00";"GO";153;504;"APARECIDA DE GOIANIA";"Ausência de reação do condutor";"Queda de ocupante de veículo";"Com Vítimas Feridas";"Plena Noite";"Crescente";"Céu Claro";"Dupla";"Reta";"Sim";1;0;1;0;0;0;1;1;-16,7451;-49,2408;"SPRF-GO";"DEL01-GO";"UOP01-DEL01-GO"
401942;2021-12-15;"quarta-feira";"19:00:00";"PR";369;138;"IBIPORA";"Retorno proibido";"Colisão transversal";"Com Vítimas Feridas";"Plena Noite";"Crescente";"Céu Claro";"Simples";"Reta";"Sim";2;0;1;0;1;0;1;2;-23,27207458;-51,05047345;"SPRF-PR";"DEL07-PR";"UOP01-DEL07-PR"
401944;2021-12-15;"quarta-feira";"19:35:00";"RN";304;48,2;"MOSSORO";"Manobra de mudança de faixa";"Colisão lateral mesmo sentido";"Com Vítimas Feridas";"Plena Noite";"Crescente";"Céu Claro";"Dupla";"Retorno Regulamentado";"Sim";3;0;2;0;0;1;2;2;-5,22868577;-37,32203081;"SPRF-RN";"DEL04-RN";"UOP01-DEL04-RN"
401946;2021-12-15;"quarta-feira";"17:50:00";"AC";364;120;"RIO BRANCO";"Deficiência do Sistema de Iluminação/Sinalização";"Queda de ocupante de veículo";"Com Vítimas Feridas";"Plena Noite";"Crescente";"Garoa/Chuvisco";"Simples";"Reta";"Sim";2;0;2;0;0;0;2;1;-10,01226643;-67,75533501;"SPRF-AC";"DEL01-AC";"UOP01-DEL01-AC"
401948;2021-12-15;"quarta-feira";"19:00:00";"MG";50;169;"UBERABA";"Condutor Dormindo";"Colisão com objeto";"Com Vítimas Feridas";"Plena Noite";"Crescente";"Nublado";"Dupla";"Reta";"Sim";6;0;3;0;3;0;3;3;-19,73349;-47,982407;"SPRF-MG";"DEL13-MG";"UOP01-DEL13-MG"
401951;2021-12-15;"quarta-feira";"20:45:00";"MG";381;510,5;"IGARAPE";"Transitar na contramão";"Colisão frontal";"Com Vítimas Feridas";"Plena Noite";"Decrescente";"Garoa/Chuvisco";"Dupla";"Reta";"Sim";2;0;1;0;1;0;1;2;-20,058204;-44,28816;"SPRF-MG";"DEL01-MG";"UOP03-DEL01-MG"
401954;2021-12-15;"quarta-feira";"19:20:00";"MT";174;16;"PONTES E LACERDA";"Pedestre cruzava a pista fora da faixa";"Atropelamento de Pedestre";"Com Vítimas Feridas";"Plena Noite";"Decrescente";"Céu Claro";"Simples";"Reta";"Não";2;0;1;0;1;0;1;2;-15,19263;-59,4232;"SPRF-MT";"DEL03-MT";"UOP01-DEL03-MT"
401958;2021-12-15;"quarta-feira";"21:10:00";"PE";408;64,2;"CARPINA";"Manobra de mudança de faixa";"Colisão traseira";"Com Vítimas Feridas";"Plena Noite";"Crescente";"Céu Claro";"Dupla";"Reta";"Sim";9;0;0;2;7;0;2;3;-7,846511;-35,24029;"SPRF-PE";"DEL01-PE";"UOP01-DEL01-PE"
401961;2021-12-15;"quarta-feira";"18:30:00";"SC";101;104,6;"PENHA";"Desrespeitar a preferência no cruzamento";"Colisão transversal";"Com Vítimas Feridas";"Pleno dia";"Decrescente";"Céu Claro";"Dupla";"Interseção de Vias";"Não";2;0;0;1;1;0;1;2;-26,79848517;-48,67915392;"SPRF-SC";"DEL03-SC";"UOP02-DEL03-SC"
401963;2021-12-15;"quarta-feira";"22:00:00";"SP";381;33;"ATIBAIA";"Velocidade Incompatível";"Capotamento";"Com Vítimas Feridas";"Plena Noite";"Decrescente";"Chuva";"Dupla";"Curva";"Não";1;0;1;0;0;0;1;1;-23,0728028;-46,56673562;"SPRF-SP";"DEL03-SP";"UOP01-DEL03-SP"
401965;2021-12-15;"quarta-feira";"20:25:00";"SC";470;76,2;"INDAIAL";"Objeto estático sobre o leito carroçável";"Saída de leito carroçável";"Com Vítimas Feridas";"Plena Noite";"Decrescente";"Nublado";"Simples";"Reta";"Não";1;0;0;1;0;0;1;1;-26,933308;-49,287426;"SPRF-SC";"DEL04-SC";"UOP01-DEL04-SC"
401966;2021-12-15;"quarta-feira";"22:00:00";"MA";135;12;"SAO LUIS";"Acumulo de areia ou detritos sobre o pavimento";"Saída de leito carroçável";"Com Vítimas Feridas";"Plena Noite";"Crescente";"Céu Claro";"Dupla";"Declive";"Sim";2;0;2;0;0;0;2;1;-2,6731929;-44,2926174;"SPRF-MA";"DEL01-MA";"UOP01-DEL01-MA"
401967;2021-12-15;"quarta-feira";"22:20:00";"RS";285;295,7;"PASSO FUNDO";"Ausência de reação do condutor";"Colisão traseira";"Com Vítimas Feridas";"Plena Noite";"Decrescente";"Céu Claro";"Simples";"Reta";"Sim";2;0;1;0;0;1;1;2;-28,231071;-52,394299;"SPRF-RS";"DEL08-RS";"UOP03-DEL08-RS"
401968;2021-12-15;"quarta-feira";"21:30:00";"PE";116;35,8;"SALGUEIRO";"Falta de elemento de contenção que evite a saída do leito carroçável";"Saída de leito carroçável";"Com Vítimas Feridas";"Plena Noite";"Decrescente";"Céu Claro";"Simples";"Ponte";"Não";4;0;4;0;0;0;4;1;-8,144699;-39,111214;"SPRF-PE";"DEL05-PE";"UOP01-DEL05-PE"
401969;2021-12-11;"sábado";"22:20:00";"GO";40;6,5;"VALPARAISO DE GOIAS";"Ingestão de álcool pelo condutor";"Colisão com objeto";"Sem Vítimas";"Plena Noite";"Crescente";"Nublado";"Dupla";"Reta";"Sim";1;0;0;0;0;1;0;1;-16,100814;-47,977351;"SPRF-DF";"DEL01-DF";"UOP01-DEL01-DF"
401972;2021-12-15;"quarta-feira";"22:10:00";"RO";364;11;"VILHENA";"Condutor deixou de manter distância do veículo da frente";"Colisão traseira";"Com Vítimas Feridas";"Plena Noite";"Decrescente";"Céu Claro";"Simples";"Reta";"Não";3;0;3;0;0;0;3;2;-12,74605898;-60,11270299;"SPRF-RO";"DEL04-RO";"UOP01-DEL04-RO"
401977;2021-12-16;"quinta-feira";"00:35:00";"MG";50;101,1;"UBERLANDIA";"Velocidade Incompatível";"Saída de leito carroçável";"Sem Vítimas";"Plena Noite";"Crescente";"Chuva";"Dupla";"Declive;Curva";"Não";1;0;0;0;1;0;0;1;-19,14483086;-48,16807055;"SPRF-MG";"DEL15-MG";"UOP01-DEL15-MG"
401979;2021-12-16;"quinta-feira";"01:20:00";"SC";101;103,9;"PENHA";"Ingestão de álcool pelo condutor";"Tombamento";"Com Vítimas Feridas";"Plena Noite";"Decrescente";"Nublado";"Dupla";"Reta";"Não";1;0;1;0;0;0;1;1;-26,7832381;-48,68314632;"SPRF-SC";"DEL03-SC";"UOP02-DEL03-SC"
401980;2021-12-16;"quinta-feira";"00:00:00";"MG";116;277,9;"TEOFILO OTONI";"Reação tardia ou ineficiente do condutor";"Colisão lateral mesmo sentido";"Com Vítimas Feridas";"Plena Noite";"Crescente";"Céu Claro";"Simples";"Reta;Interseção de Vias";"Sim";3;0;0;1;2;0;1;2;-17,8673211;-41,51687264;"SPRF-MG";"DEL11-MG";"UOP01-DEL11-MG"
401982;2021-12-16;"quinta-feira";"01:40:00";"ES";101;263,7;"SERRA";"Reação tardia ou ineficiente do condutor";"Colisão com objeto";"Com Vítimas Feridas";"Plena Noite";"Decrescente";"Céu Claro";"Dupla";"Aclive";"Sim";1;0;0;1;0;0;1;1;-20,16554736;-40,27301648;"SPRF-ES";"DEL02-ES";"UOP01-DEL02-ES"
401985;2021-12-16;"quinta-feira";"02:10:00";"PR";373;178;"PONTA GROSSA";"Demais falhas mecânicas ou elétricas";"Incêndio";"Sem Vítimas";"Plena Noite";"Crescente";"Vento";"Dupla";"Reta";"Não";1;0;0;0;0;1;0;1;-25,05025485;-50,23418475;"SPRF-PR";"DEL03-PR";"UOP01-DEL03-PR"
401986;2021-12-16;"quinta-feira";"02:10:00";"SP";116;269;"TABOAO DA SERRA";"Manobra de mudança de faixa";"Colisão lateral mesmo sentido";"Com Vítimas Feridas";"Plena Noite";"Crescente";"Céu Claro";"Múltipla";"Reta";"Sim";2;0;1;0;1;0;1;2;-23,61593059;-46,78826044;"SPRF-SP";"DEL04-SP";"UOP01-DEL04-SP"
401987;2021-12-16;"quinta-feira";"00:43:00";"SC";101;47,9;"JOINVILLE";"Ingestão de álcool e/ou substâncias psicoativas pelo pedestre";"Saída de leito carroçável";"Sem Vítimas";"Plena Noite";"Decrescente";"Céu Claro";"Dupla";"Curva";"Sim";1;0;0;0;1;0;0;1;-26,3744229;-48,8555251;"SPRF-SC";"DEL03-SC";"UOP01-DEL03-SC"
401988;2021-12-15;"quarta-feira";"19:13:00";"PA";316;69;"CASTANHAL";"Animais na Pista";"Tombamento";"Com Vítimas Feridas";"Plena Noite";"Decrescente";"Céu Claro";"Simples";"Reta";"Não";2;0;2;0;0;0;2;1;-1,29277675;-47,87507708;"SPRF-PA";"DEL01-PA";"UOP01-DEL01-PA"
401990;2021-12-16;"quinta-feira";"02:50:00";"SC";282;212;"LAGES";"Ingestão de álcool pelo condutor";"Colisão transversal";"Sem Vítimas";"Plena Noite";"Crescente";"Nublado";"Simples";"Interseção de Vias";"Não";3;0;0;0;3;0;0;2;-27,78274037;-50,25277745;"SPRF-SC";"DEL05-SC";"UOP01-DEL05-SC"
401991;2021-12-16;"quinta-feira";"03:20:00";"MG";40;455,2;"CAETANOPOLIS";"Condutor Dormindo";"Saída de leito carroçável";"Com Vítimas Feridas";"Plena Noite";"Decrescente";"Céu Claro";"Dupla";"Curva;Declive";"Não";2;0;1;0;1;0;1;1;-19,35842;-44,34611;"SPRF-MG";"DEL02-MG";"UOP01-DEL02-MG"
401992;2021-12-15;"quarta-feira";"20:40:00";"RS";290;87;"PORTO ALEGRE";"Animais na Pista";"Atropelamento de Animal";"Com Vítimas Feridas";"Plena Noite";"Decrescente";"Ignorado";"Múltipla";"Reta";"Não";1;0;1;0;0;0;1;1;-29,967838;-51,127197;"SPRF-RS";"DEL01-RS";"UOP01-DEL01-RS"
401993;2021-12-16;"quinta-feira";"03:09:00";"SP";153;62,8;"SAO JOSE DO RIO PRETO";"Velocidade Incompatível";"Colisão traseira";"Com Vítimas Feridas";"Plena Noite";"Decrescente";"Nublado";"Dupla";"Declive";"Sim";2;0;1;0;0;1;1;2;-20,81325404;-49,35675563;"SPRF-SP";"DEL09-SP";"UOP01-DEL09-SP"
401995;2021-12-16;"quinta-feira";"04:00:00";"MG";381;873;"ESTIVA";"Curva acentuada";"Saída de leito carroçável";"Com Vítimas Feridas";"Plena Noite";"Crescente";"Garoa/Chuvisco";"Dupla";"Curva";"Não";4;0;2;0;2;0;2;1;-22,450796;-46,000139;"SPRF-MG";"DEL16-MG";"UOP01-DEL16-MG"
401997;2021-12-16;"quinta-feira";"04:10:00";"SC";101;66,9;"ARAQUARI";"Velocidade Incompatível";"Saída de leito carroçável";"Com Vítimas Feridas";"Amanhecer";"Decrescente";"Nublado";"Dupla";"Curva";"Não";1;0;0;1;0;0;1;1;-26,48593849;-48,73440742;"SPRF-SC";"DEL03-SC";"UOP02-DEL03-SC"
401998;2021-12-16;"quinta-feira";"03:30:00";"MS";60;540,3;"NIOAQUE";"Ingestão de álcool pelo condutor";"Colisão com objeto";"Com Vítimas Feridas";"Plena Noite";"Crescente";"Céu Claro";"Simples";"Ponte";"Não";2;0;1;1;0;0;2;1;-21,14683363;-55,81114211;"SPRF-MS";"DEL05-MS";"UOP01-DEL05-MS"
402000;2021-12-16;"quinta-feira";"04:45:00";"GO";70;0,2;"AGUAS LINDAS DE GOIAS";"Acessar a via sem observar a presença dos outros veículos";"Atropelamento de Pedestre";"Com Vítimas Feridas";"Amanhecer";"Crescente";"Nublado";"Dupla";"Curva";"Não";2;0;1;0;1;0;1;2;-15,783543;-48,2326;"SPRF-DF";"DEL03-DF";"UOP02-DEL03-DF"
402003;2021-12-16;"quinta-feira";"06:20:00";"MG";365;643,1;"UBERLANDIA";"Chuva";"Saída de leito carroçável";"Com Vítimas Feridas";"Pleno dia";"Decrescente";"Chuva";"Dupla";"Curva";"Não";1;0;1;0;0;0;1;1;-18,8808611;-48,49354102;"SPRF-MG";"DEL15-MG";"UOP01-DEL15-MG"
402004;2021-12-15;"quarta-feira";"22:00:00";"MA";135;12;"SAO LUIS";"Acumulo de areia ou detritos sobre o pavimento";"Colisão lateral mesmo sentido";"Sem Vítimas";"Plena Noite";"Crescente";"Céu Claro";"Dupla";"Retorno Regulamentado;Reta;Interseção de Vias";"Sim";2;0;0;0;2;0;0;2;-2,67223553;-44,29173767;"SPRF-MA";"DEL01-MA";"UOP01-DEL01-MA"
402006;2021-12-16;"quinta-feira";"05:50:00";"PE";101;114,5;"ESCADA";"Velocidade Incompatível";"Saída de leito carroçável";"Sem Vítimas";"Pleno dia";"Crescente";"Nublado";"Dupla";"Curva";"Não";1;0;0;0;0;1;0;1;-8,33585626;-35,1333699;"SPRF-PE";"DEL01-PE";"UOP01-DEL01-PE"
402009;2021-12-16;"quinta-feira";"06:00:00";"RJ";116;175;"NOVA IGUACU";"Manobra de mudança de faixa";"Colisão lateral mesmo sentido";"Sem Vítimas";"Pleno dia";"Decrescente";"Céu Claro";"Múltipla";"Reta";"Não";2;0;0;0;2;0;0;2;-22,76409;-43,418313;"SPRF-RJ";"DEL01-RJ";"UOP02-DEL01-RJ"
402012;2021-12-16;"quinta-feira";"06:50:00";"PB";101;28,1;"RIO TINTO";"Velocidade Incompatível";"Saída de leito carroçável";"Com Vítimas Feridas";"Pleno dia";"Crescente";"Céu Claro";"Dupla";"Curva";"Não";2;0;1;1;0;0;2;1;-6,73315199;-35,12593202;"SPRF-PB";"DEL01-PB";"UOP04-DEL01-PB"
402013;2021-12-16;"quinta-feira";"06:40:00";"SP";381;26,5;"ATIBAIA";"Ausência de reação do condutor";"Colisão traseira";"Com Vítimas Feridas";"Amanhecer";"Decrescente";"Garoa/Chuvisco";"Dupla";"Reta";"Não";2;0;1;0;1;0;1;2;-23,02679312;-46,53612988;"SPRF-SP";"DEL03-SP";"UOP01-DEL03-SP"
402014;2021-12-16;"quinta-feira";"05:14:00";"MG";381;612,3;"OLIVEIRA";"Pedestre andava na pista";"Atropelamento de Pedestre";"Com Vítimas Fatais";"Amanhecer";"Decrescente";"Nublado";"Dupla";"Curva";"Não";2;1;0;0;0;1;0;2;-20,69711124;-44,74851608;"SPRF-MG";"DEL04-MG";"UOP01-DEL04-MG"