"id";"data_inversa";"dia_semana";"horario";"uf";"br";"km";"municipio";"causa_acidente";"tipo_acidente";"classificacao_acidente";"fase_dia";"sentido_via";"condicao_metereologica";"tipo_pista";"tracado_via";"uso_solo";"pessoas";"mortos";"feridos_leves";"feridos_graves";"ilesos";"ignorados";"feridos";"veiculos";"latitude";"longitude";"regional";"delegacia";"uop"
402019;2021-12-16;"quinta-feira";"07:00:00";"RJ";116;170;"SAO JOAO DE MERITI";"Manobra de mudança de faixa";"Colisão lateral mesmo sentido";"Com Vítimas Feridas";"Pleno dia";"Decrescente";"Céu Claro";"Múltipla";"Reta";"Sim";2;0;0;1;1;0;1;2;-22,78258933;-43,38542581;"SPRF-RJ";"DEL01-RJ";"UOP02-DEL01-RJ"
402020;2021-12-16;"quinta-feira";"07:30:00";"PR";116;122;"CURITIBA";"Condutor deixou de manter distância do veículo da frente";"Colisão traseira";"Com Vítimas Feridas";"Pleno dia";"Decrescente";"Nublado";"Dupla";"Reta";"Sim";2;0;0;1;1;0;1;2;-25,56857207;-49,31023179;"SPRF-PR";"DEL01-PR";"UOP03-DEL01-PR"
402022;2021-12-16;"quinta-feira";"07:30:00";"SC";101;6;"SAO JOSE";"Reação tardia ou ineficiente do condutor";"Tombamento";"Com Vítimas Feridas";"Pleno dia";"Crescente";"Nublado";"Dupla";"Curva";"Sim";1;0;1;0;0;0;1;1;-27,58474964;-48,61749714;"SPRF-SC";"DEL03-SC";"UOP01-DEL03-SC"
402026;2021-12-16;"quinta-feira";"07:30:00";"MA";316;538,1;"CAXIAS";"Condutor Dormindo";"Queda de ocupante de veículo";"Sem Vítimas";"Pleno dia";"Decrescente";"Céu Claro";"Simples";"Reta";"Não";1;0;0;0;0;1;0;1;-4,845354;-43,460888;"SPRF-MA";"DEL03-MA";"UOP02-DEL03-MA"
402028;2021-12-16;"quinta-feira";"07:55:00";"DF";20;3;"BRASILIA";"Reação tardia ou ineficiente do condutor";"Tombamento";"Com Vítimas Feridas";"Pleno dia";"Decrescente";"Sol";"Dupla";"Reta";"Sim";1;0;1;0;0;0;1;1;-15,679851;-47,832211;"SPRF-DF";"DEL02-DF";"UOP01-DEL02-DF"
402029;2021-12-16;"quinta-feira";"08:30:00";"RN";101;109;"PARNAMIRIM";"Condutor deixou de manter distância do veículo da frente";"Colisão traseira";"Com Vítimas Feridas";"Pleno dia";"Crescente";"Sol";"Dupla";"Reta";"Sim";4;0;1;0;3;0;1;3;-5,937378;-35,26483;"SPRF-RN";"DEL01-RN";"UOP01-DEL01-RN"
402031;2021-12-16;"quinta-feira";"07:30:00";"PE";101;69;"RECIFE";"Velocidade Incompatível";"Colisão traseira";"Com Vítimas Feridas";"Pleno dia";"Decrescente";"Céu Claro";"Dupla";"Reta";"Sim";3;0;2;0;1;0;2;2;-8,05951606;-34,94581024;"SPRF-PE";"DEL01-PE";"UOP01-DEL01-PE"
402032;2021-12-16;"quinta-feira";"08:50:00";"AL";316;271;"SATUBA";"Acessar a via sem observar a presença dos outros veículos";"Colisão transversal";"Com Vítimas Feridas";"Pleno dia";"Decrescente";"Chuva";"Simples";"Reta";"Não";3;0;1;1;1;0;2;2;-9,57122709;-35,81523795;"SPRF-AL";"DEL02-AL";"UOP01-DEL02-AL"
402034;2021-12-16;"quinta-feira";"07:45:00";"RJ";101;454;"MANGARATIBA";"Acessar a via sem observar a presença dos outros veículos";"Colisão lateral mesmo sentido";"Com Vítimas Feridas";"Pleno dia";"Crescente";"Nublado";"Simples";"Reta";"Sim";2;0;1;0;1;0;1;2;-23,0340287;-44,15061917;"SPRF-RJ";"DEL03-RJ";"UOP03-DEL03-RJ"
402036;2021-12-16;"quinta-feira";"07:40:00";"SC";470;33,3;"GASPAR";"Acesso irregular";"Colisão frontal";"Com Vítimas Feridas";"Pleno dia";"Crescente";"Sol";"Dupla";"Reta";"Sim";2;0;1;0;1;0;1;2;-26,906223;-48,940575;"SPRF-SC";"DEL04-SC";"UOP01-DEL04-SC"
402037;2021-12-16;"quinta-feira";"08:40:00";"PR";277;81;"CURITIBA";"Manobra de mudança de faixa";"Colisão traseira";"Com Vítimas Feridas";"Pleno dia";"Crescente";"Nublado";"Dupla";"Reta";"Sim";2;0;1;0;1;0;1;2;-25,56574583;-49,20161727;"SPRF-PR";"DEL01-PR";"UOP01-DEL01-PR"
402039;2021-12-16;"quinta-feira";"07:30:00";"MS";163;212,8;"CAARAPO";"Condutor deixou de manter distância do veículo da frente";"Colisão traseira";"Com Vítimas Feridas";"Pleno dia";"Decrescente";"Céu Claro";"Simples";"Aclive";"Não";2;0;1;0;1;0;1;2;-22,598067;-54,816882;"SPRF-MS";"DEL04-MS";"UOP02-DEL04-MS"
402040;2021-12-16;"quinta-feira";"09:05:00";"RS";116;265;"CANOAS";"Manobra de mudança de faixa";"Colisão lateral mesmo sentido";"Com Vítimas Feridas";"Pleno dia";"Decrescente";"Nublado";"Dupla";"Interseção de Vias";"Sim";3;0;1;0;2;0;1;2;-29,92342302;-51,17780944;"SPRF-RS";"DEL01-RS";"UOP01-DEL01-RS"
402041;2021-12-16;"quinta-feira";"08:18:00";"SP";153;65,4;"SAO JOSE DO RIO PRETO";"Avarias e/ou desgaste excessivo no pneu";"Saída de leito carroçável";"Com Vítimas Feridas";"Pleno dia";"Crescente";"Nublado";"Dupla";"Reta";"Sim";2;0;2;0;0;0;2;1;-20,8355877;-49,36570039;"SPRF-SP";"DEL09-SP";"UOP01-DEL09-SP"
402042;2021-12-16;"quinta-feira";"08:35:00";"RJ";101;305;"SAO GONCALO";"Manobra de mudança de faixa";"Colisão lateral mesmo sentido";"Com Vítimas Feridas";"Pleno dia";"Crescente";"Céu Claro";"Dupla";"Reta";"Sim";3;0;1;0;2;0;1;2;-22,78702832;-42,99589293;"SPRF-RJ";"DEL02-RJ";"UOP02-DEL02-RJ"
402044;2021-12-16;"quinta-feira";"09:33:00";"RJ";101;318;"NITEROI";"Demais falhas mecânicas ou elétricas";"Queda de ocupante de veículo";"Com Vítimas Feridas";"Pleno dia";"Crescente";"Céu Claro";"Simples";"Reta";"Sim";2;0;1;0;1;0;1;1;-22,84562994;-43,09841211;"SPRF-RJ";"DEL02-RJ";"UOP02-DEL02-RJ"
402045;2021-12-16;"quinta-feira";"08:30:00";"SP";153;65;"SAO JOSE DO RIO PRETO";"Demais falhas mecânicas ou elétricas";"Incêndio";"Sem Vítimas";"Pleno dia";"Crescente";"Nublado";"Dupla";"Declive";"Sim";1;0;0;0;1;0;0;1;-20,8355877;-49,36570039;"SPRF-SP";"DEL09-SP";"UOP01-DEL09-SP"
402049;2021-12-16;"quinta-feira";"10:05:00";"PE";101;74,1;"RECIFE";"Pista Escorregadia";"Tombamento";"Com Vítimas Feridas";"Pleno dia";"Decrescente";"Nublado";"Dupla";"Curva";"Não";2;0;2;0;0;0;2;1;-8,10146485;-34,94901577;"SPRF-PE";"DEL01-PE";"UOP01-DEL01-PE"
402050;2021-12-16;"quinta-feira";"10:00:00";"PR";376;4,5;"APUCARANA";"Conversão proibida";"Colisão transversal";"Com Vítimas Feridas";"Pleno dia";"Crescente";"Nublado";"Simples";"Reta;Interseção de Vias";"Sim";2;0;0;1;0;1;1;2;-23,552569;-51,447518;"SPRF-PR";"DEL07-PR";"UOP03-DEL07-PR"
402052;2021-12-16;"quinta-feira";"09:50:00";"RJ";116;41;"TERESOPOLIS";"Velocidade Incompatível";"Saída de leito carroçável";"Com Vítimas Feridas";"Pleno dia";"Crescente";"Céu Claro";"Simples";"Curva";"Não";1;0;1;0;0;0;1;1;-22,13943547;-42,78660142;"SPRF-RJ";"DEL04-RJ";"UOP01-DEL04-RJ"
402054;2021-12-16;"quinta-feira";"10:54:00";"SP";153;62;"SAO JOSE DO RIO PRETO";"Manobra de mudança de faixa";"Colisão lateral mesmo sentido";"Com Vítimas Feridas";"Pleno dia";"Crescente";"Chuva";"Dupla";"Aclive";"Sim";3;0;1;0;2;0;1;3;-20,81325404;-49,35675563;"SPRF-SP";"DEL09-SP";"UOP01-DEL09-SP"
402056;2021-12-16;"quinta-feira";"08:00:00";"TO";153;795;"TALISMA";"Chuva";"Saída de leito carroçável";"Com Vítimas Feridas";"Pleno dia";"Decrescente";"Chuva";"Simples";"Reta;Declive";"Não";5;0;5;0;0;0;5;1;-12,7714991;-49,08834754;"SPRF-TO";"DEL01-TO";"UOP02-DEL01-TO"
402059;2021-12-16;"quinta-feira";"09:20:00";"SC";116;5,5;"MAFRA";"Acessar a via sem observar a presença dos outros veículos";"Colisão frontal";"Com Vítimas Feridas";"Pleno dia";"Crescente";"Céu Claro";"Simples";"Interseção de Vias";"Sim";2;0;1;0;1;0;1;2;-26,14094396;-49,81508303;"SPRF-SC";"DEL06-SC";"UOP01-DEL06-SC"
402060;2021-12-16;"quinta-feira";"11:30:00";"MG";381;490,9;"BETIM";"Condutor deixou de manter distância do veículo da frente";"Colisão traseira";"Com Vítimas Feridas";"Pleno dia";"Decrescente";"Nublado";"Dupla";"Reta";"Sim";2;0;0;1;1;0;1;2;-19,9578265;-44,1501171;"SPRF-MG";"DEL01-MG";"UOP03-DEL01-MG"
402061;2021-12-16;"quinta-feira";"11:50:00";"DF";60;12;"BRASILIA";"Reação tardia ou ineficiente do condutor";"Saída de leito carroçável";"Com Vítimas Feridas";"Pleno dia";"Decrescente";"Sol";"Dupla";"Reta";"Não";1;0;1;0;0;0;1;1;-15,916267;-48,164268;"SPRF-DF";"DEL03-DF";"UOP01-DEL03-DF"
402062;2021-12-16;"quinta-feira";"11:00:00";"RJ";101;200;"CASIMIRO DE ABREU";"Acessar a via sem observar a presença dos outros veículos";"Colisão com objeto";"Com Vítimas Feridas";"Pleno dia";"Decrescente";"Nublado";"Dupla";"Reta";"Não";1;0;1;0;0;0;1;1;-22,48294819;-42,14400217;"SPRF-RJ";"DEL08-RJ";"UOP04-DEL08-RJ"
402063;2021-12-16;"quinta-feira";"12:50:00";"SC";282;16,4;"PALHOCA";"Desrespeitar a preferência no cruzamento";"Colisão frontal";"Com Vítimas Feridas";"Pleno dia";"Crescente";"Nublado";"Simples";"Interseção de Vias";"Sim";2;0;1;0;1;0;1;2;-27,658611;-48,681847;"SPRF-SC";"DEL01-SC";"UOP02-DEL01-SC"
402064;2021-12-16;"quinta-feira";"13:05:00";"SE";101;44,9;"JAPARATUBA";"Velocidade Incompatível";"Capotamento";"Com Vítimas Feridas";"Pleno dia";"Crescente";"Chuva";"Dupla";"Curva";"Não";3;0;0;2;0;1;2;2;-10,555492;-36,971121;"SPRF-SE";"DEL02-SE";"UOP02-DEL02-SE"
402065;2021-12-16;"quinta-feira";"12:40:00";"SC";101;275;"IMBITUBA";"Acessar a via sem observar a presença dos outros veículos";"Colisão lateral sentido oposto";"Com Vítimas Feridas";"Pleno dia";"Decrescente";"Céu Claro";"Simples";"Reta";"Sim";3;0;1;0;2;0;1;2;-28,138086;-48,69218292;"SPRF-SC";"DEL02-SC";"UOP03-DEL02-SC"
402066;2021-12-16;"quinta-feira";"12:35:00";"PB";230;93,8;"GURINHEM";"Condutor Dormindo";"Saída de leito carroçável";"Com Vítimas Feridas";"Pleno dia";"Decrescente";"Sol";"Dupla";"Reta";"Não";4;0;4;0;0;0;4;1;-7,182053;-35,435253;"SPRF-PB";"DEL01-PB";"UOP03-DEL01-PB"
402069;2021-12-16;"quinta-feira";"13:30:00";"SP";116;212;"GUARULHOS";"Avarias e/ou desgaste excessivo no pneu";"Colisão com objeto";"Com Vítimas Feridas";"Pleno dia";"Crescente";"Céu Claro";"Múltipla";"Declive";"Sim";1;0;1;0;0;0;1;1;-23,43608315;-46,42805094;"SPRF-SP";"DEL01-SP";"UOP01-DEL01-SP"
402070;2021-12-16;"quinta-feira";"08:30:00";"ES";262;28,5;"VIANA";"Demais falhas mecânicas ou elétricas";"Incêndio";"Sem Vítimas";"Pleno dia";"Crescente";"Céu Claro";"Simples";"Reta";"Não";1;0;0;0;1;0;0;1;-20,38426904;-40,55863435;"SPRF-ES";"DEL01-ES";"UOP01-DEL01-ES"
402072;2021-12-16;"quinta-feira";"13:40:00";"GO";60;101;"ANAPOLIS";"Condutor deixou de manter distância do veículo da frente";"Colisão traseira";"Com Vítimas Feridas";"Pleno dia";"Decrescente";"Céu Claro";"Dupla";"Reta";"Sim";2;0;0;1;1;0;1;2;-16,4022;-48,9745;"SPRF-GO";"DEL02-GO";"UOP01-DEL02-GO"
402075;2021-12-16;"quinta-feira";"13:00:00";"MT";174;516;"COMODORO";"Demais falhas mecânicas ou elétricas";"Saída de leito carroçável";"Com Vítimas Feridas";"Pleno dia";"Decrescente";"Céu Claro";"Simples";"Reta";"Não";2;0;2;0;0;0;2;1;-13,39807191;-59,85708368;"SPRF-MT";"DEL04-MT";"UOP01-DEL04-MT"
402076;2021-12-16;"quinta-feira";"13:00:00";"RS";472;427,3;"SAO BORJA";"Ausência de reação do condutor";"Saída de leito carroçável";"Com Vítimas Feridas";"Pleno dia";"Crescente";"Céu Claro";"Simples";"Curva";"Não";1;0;1;0;0;0;1;1;-28,8480568;-56,08074188;"SPRF-RS";"DEL12-RS";"UOP01-DEL12-RS"
402077;2021-12-16;"quinta-feira";"14:29:00";"GO";50;114,8;"CRISTALINA";"Ingestão de álcool pelo condutor";"Saída de leito carroçável";"Sem Vítimas";"Pleno dia";"Decrescente";"Chuva";"Dupla";"Reta";"Não";1;0;0;0;1;0;0;1;-16,9309;-47,7117;"SPRF-DF";"DEL01-DF";"UOP02-DEL01-DF"
402079;2021-12-16;"quinta-feira";"14:50:00";"MG";381;500;"BETIM";"Manobra de mudança de faixa";"Colisão lateral mesmo sentido";"Com Vítimas Feridas";"Pleno dia";"Decrescente";"Céu Claro";"Dupla";"Aclive;Reta";"Não";2;0;1;0;1;0;1;2;-19,99883785;-44,21052933;"SPRF-MG";"DEL01-MG";"UOP03-DEL01-MG"
402080;2021-12-16;"quinta-feira";"11:45:00";"SC";280;25;"ARAQUARI";"Acessar a via sem observar a presença dos outros veículos";"Colisão transversal";"Com Vítimas Feridas";"Pleno dia";"Decrescente";"Céu Claro";"Simples";"Reta";"Não";3;0;1;0;2;0;1;2;-26,38352781;-48,72677516;"SPRF-SC";"DEL03-SC";"UOP03-DEL03-SC"
402081;2021-12-16;"quinta-feira";"11:30:00";"RJ";101;297;"ITABORAI";"Reação tardia ou ineficiente do condutor";"Colisão lateral mesmo sentido";"Com Vítimas Feridas";"Pleno dia";"Decrescente";"Céu Claro";"Dupla";"Reta";"Sim";4;0;1;0;3;0;1;3;-22,76942037;-42,91873581;"SPRF-RJ";"DEL02-RJ";"UOP02-DEL02-RJ"
402083;2021-11-22;"segunda-feira";"15:00:00";"MG";251;460;"FRANCISCO SA";"Chuva";"Saída de leito carroçável";"Com Vítimas Feridas";"Pleno dia";"Crescente";"Chuva";"Simples";"Reta";"Não";4;0;4;0;0;0;4;1;-16,41810894;-43,38361011;"SPRF-MG";"DEL12-MG";"UOP01-DEL12-MG"
402084;2021-12-16;"quinta-feira";"13:25:00";"SC";280;49,2;"GUARAMIRIM";"Acessar a via sem observar a presença dos outros veículos";"Colisão lateral mesmo sentido";"Com Vítimas Feridas";"Pleno dia";"Decrescente";"Céu Claro";"Simples";"Reta";"Sim";3;0;2;0;1;0;2;2;-26,45850039;-48,93692786;"SPRF-SC";"DEL03-SC";"UOP03-DEL03-SC"
402088;2021-12-16;"quinta-feira";"14:30:00";"SP";116;482;"CAJATI";"Demais falhas mecânicas ou elétricas";"Queda de ocupante de veículo";"Com Vítimas Feridas";"Pleno dia";"Crescente";"Céu Claro";"Dupla";"Reta";"Não";2;0;1;0;1;0;1;1;-24,72213327;-48,04339385;"SPRF-SP";"DEL05-SP";"UOP01-DEL05-SP"
402089;2021-12-16;"quinta-feira";"15:00:00";"PE";101;93;"CABO DE SANTO AGOSTINHO";"Transitar na contramão";"Colisão transversal";"Sem Vítimas";"Pleno dia";"Decrescente";"Nublado";"Dupla";"Reta";"Não";2;0;0;0;1;1;0;2;-8,245761;-34,994853;"SPRF-PE";"DEL01-PE";"UOP01-DEL01-PE"
402090;2021-12-16;"quinta-feira";"15:50:00";"RS";116;266;"CANOAS";"Reação tardia ou ineficiente do condutor";"Colisão com objeto";"Com Vítimas Feridas";"Pleno dia";"Decrescente";"Nublado";"Dupla";"Reta";"Sim";2;0;1;0;1;0;1;2;-29,93242399;-51,17742077;"SPRF-RS";"DEL01-RS";"UOP01-DEL01-RS"
402091;2021-12-16;"quinta-feira";"16:15:00";"RS";290;11;"OSORIO";"Condutor Dormindo";"Saída de leito carroçável";"Com Vítimas Feridas";"Pleno dia";"Decrescente";"Sol";"Dupla";"Reta";"Não";1;0;1;0;0;0;1;1;-29,888996;-50,383354;"SPRF-RS";"DEL03-RS";"UOP01-DEL03-RS"
402092;2021-12-16;"quinta-feira";"16:30:00";"SP";116;216;"GUARULHOS";"Objeto estático sobre o leito carroçável";"Colisão com objeto";"Com Vítimas Feridas";"Pleno dia";"Crescente";"Nublado";"Múltipla";"Reta";"Sim";1;0;1;0;0;0;1;1;-23,45056589;-46,46258105;"SPRF-SP";"DEL01-SP";"UOP01-DEL01-SP"
402098;2021-12-16;"quinta-feira";"16:45:00";"ES";101;270,7;"SERRA";"Acessar a via sem observar a presença dos outros veículos";"Queda de ocupante de veículo";"Com Vítimas Feridas";"Pleno dia";"Crescente";"Céu Claro";"Dupla";"Reta";"Sim";2;0;1;1;0;0;2;1;-20,22662056;-40,27075088;"SPRF-ES";"DEL02-ES";"UOP01-DEL02-ES"
402099;2021-12-15;"quarta-feira";"23:00:00";"PA";230;253;"NOVO REPARTIMENTO";"Obras na pista";"Saída de leito carroçável";"Com Vítimas Fatais";"Anoitecer";"Decrescente";"Ignorado";"Simples";"Ponte";"Não";2;2;0;0;0;0;0;1;-4,64769039;-49,7672081;"SPRF-PA";"DEL03-PA";"UOP01-DEL03-PA"
402100;2021-12-16;"quinta-feira";"16:40:00";"BA";116;422;"FEIRA DE SANTANA";"Ingestão de álcool pelo condutor";"Colisão traseira";"Sem Vítimas";"Pleno dia";"Crescente";"Céu Claro";"Dupla";"Curva";"Sim";2;0;0;0;2;0;0;2;-12,22963507;-38,96412849;"SPRF-BA";"DEL02-BA";"UOP01-DEL02-BA"
402104;2021-12-16;"quinta-feira";"17:02:00";"PR";376;255,5;"CALIFORNIA";"Transitar na contramão";"Colisão frontal";"Com Vítimas Feridas";"Pleno dia";"Crescente";"Nublado";"Simples";"Aclive;Reta";"Não";3;0;1;2;0;0;3;2;-23,65221651;-51,37428582;"SPRF-PR";"DEL07-PR";"UOP02-DEL07-PR"
402107;2021-12-16;"quinta-feira";"16:40:00";"RJ";101;404;"ITAGUAI";"Entrada inopinada do pedestre";"Atropelamento de Pedestre";"Com Vítimas Feridas";"Pleno dia";"Decrescente";"Garoa/Chuvisco";"Dupla";"Reta";"Sim";2;0;1;0;1;0;1;2;-22,87843791;-43,81314799;"SPRF-RJ";"DEL03-RJ";"UOP01-DEL03-RJ"
402108;2021-12-16;"quinta-feira";"16:00:00";"SP";116;420;"JUQUIA";"Ausência de reação do condutor";"Colisão com objeto";"Sem Vítimas";"Pleno dia";"Crescente";"Céu Claro";"Dupla";"Viaduto";"Não";1;0;0;0;1;0;0;1;-24,35523603;-47,67709399;"SPRF-SP";"DEL05-SP";"UOP01-DEL05-SP"
402109;2021-12-16;"quinta-feira";"17:15:00";"RJ";116;198;"QUEIMADOS";"Reação tardia ou ineficiente do condutor";"Capotamento";"Com Vítimas Feridas";"Anoitecer";"Decrescente";"Chuva";"Dupla";"Reta";"Não";2;0;1;0;1;0;1;1;-22,72952183;-43,57481597;"SPRF-RJ";"DEL01-RJ";"UOP02-DEL01-RJ"
402112;2021-12-16;"quinta-feira";"15:25:00";"MG";116;525,3;"CARATINGA";"Ausência de reação do condutor";"Colisão traseira";"Com Vítimas Feridas";"Pleno dia";"Decrescente";"Céu Claro";"Simples";"Reta";"Não";2;0;1;0;1;0;1;2;-19,76833785;-42,13105238;"SPRF-MG";"DEL06-MG";"UOP02-DEL06-MG"
402113;2021-12-16;"quinta-feira";"17:30:00";"RS";101;21;"TRES CACHOEIRAS";"Reação tardia ou ineficiente do condutor";"Colisão com objeto";"Com Vítimas Feridas";"Pleno dia";"Crescente";"Céu Claro";"Dupla";"Curva";"Não";5;0;5;0;0;0;5;1;-29,43444872;-49,89334896;"SPRF-RS";"DEL03-RS";"UOP02-DEL03-RS"
402114;2021-12-16;"quinta-feira";"16:15:00";"MG";116;530;"CARATINGA";"Acessar a via sem observar a presença dos outros veículos";"Colisão transversal";"Com Vítimas Feridas";"Pleno dia";"Crescente";"Sol";"Simples";"Interseção de Vias";"Sim";2;0;1;0;1;0;1;2;-19,81067298;-42,13539446;"SPRF-MG";"DEL06-MG";"UOP02-DEL06-MG"
402115;2021-12-16;"quinta-feira";"17:40:00";"PB";101;89,8;"JOAO PESSOA";"Desrespeitar a preferência no cruzamento";"Colisão transversal";"Com Vítimas Feridas";"Plena Noite";"Crescente";"Céu Claro";"Dupla";"Interseção de Vias;Retorno Regulamentado;Reta";"Sim";2;0;0;1;1;0;1;2;-7,18112533;-34,9008381;"SPRF-PB";"DEL01-PB";"UOP02-DEL01-PB"
402116;2021-12-16;"quinta-feira";"17:30:00";"SC";282;5;"SAO JOSE";"Manobra de mudança de faixa";"Colisão traseira";"Com Vítimas Feridas";"Pleno dia";"Crescente";"Céu Claro";"Múltipla";"Reta";"Sim";2;0;1;0;1;0;1;2;-27,588425;-48,612919;"SPRF-SC";"DEL01-SC";"UOP01-DEL01-SC"
402117;2021-12-16;"quinta-feira";"17:50:00";"PE";232;223,8;"PESQUEIRA";"Ingestão de álcool pelo condutor";"Saída de leito carroçável";"Com Vítimas Fatais";"Plena Noite";"Crescente";"Céu Claro";"Simples";"Reta";"Sim";1;1;0;0;0;0;0;1;-8,38424613;-36,73921795;"SPRF-PE";"DEL03-PE";"UOP02-DEL03-PE"
402118;2021-12-16;"quinta-feira";"14:12:00";"SC";470;70,4;"INDAIAL";"Conversão proibida";"Colisão lateral mesmo sentido";"Com Vítimas Feridas";"Pleno dia";"Crescente";"Céu Claro";"Simples";"Reta";"Sim";2;0;1;0;1;0;1;2;-26,889374;-49,254478;"SPRF-SC";"DEL04-SC";"UOP01-DEL04-SC"
402119;2021-12-16;"quinta-feira";"18:04:00";"RN";406;168,7;"SAO GONCALO DO AMARANTE";"Retorno proibido";"Colisão transversal";"Com Vítimas Feridas";"Plena Noite";"Crescente";"Céu Claro";"Dupla";"Reta";"Sim";3;0;1;0;1;1;1;3;-5,75269453;-35,31535484;"SPRF-RN";"DEL02-RN";"UOP01-DEL02-RN"
402120;2021-12-16;"quinta-feira";"17:35:00";"PR";277;9,2;"PARANAGUA";"Velocidade Incompatível";"Colisão traseira";"Com Vítimas Feridas";"Pleno dia";"Decrescente";"Céu Claro";"Dupla";"Reta;Aclive";"Não";4;0;1;0;3;0;1;3;-25,566898;-48,608096;"SPRF-PR";"DEL01-PR";"UOP05-DEL01-PR"
402121;2021-12-16;"quinta-feira";"16:20:00";"MT";163;1031;"PEIXOTO DE AZEVEDO";"Acessar a via sem observar a presença dos outros veículos";"Colisão transversal";"Com Vítimas Feridas";"Pleno dia";"Decrescente";"Céu Claro";"Simples";"Interseção de Vias";"Sim";3;0;1;0;2;0;1;2;-10,238225;-54,983509;"SPRF-MT";"DEL06-MT";"NPF/DEL06-MT"
402123;2021-12-16;"quinta-feira";"18:00:00";"MG";40;530,9;"CONTAGEM";"Trafegar com motocicleta (ou similar) entre as faixas";"Colisão lateral mesmo sentido";"Com Vítimas Feridas";"Anoitecer";"Crescente";"Nublado";"Dupla";"Retorno Regulamentado;Reta";"Sim";2;0;1;0;1;0;1;2;-19,92106719;-44,03491974;"SPRF-MG";"DEL01-MG";"UOP02-DEL01-MG"
402124;2021-12-16;"quinta-feira";"18:30:00";"RN";101;105;"PARNAMIRIM";"Acessar a via sem observar a presença dos outros veículos";"Atropelamento de Pedestre";"Com Vítimas Feridas";"Plena Noite";"Crescente";"Céu Claro";"Dupla";"Reta";"Sim";2;0;0;1;1;0;1;2;-5,90165196;-35,25928517;"SPRF-RN";"DEL01-RN";"UOP01-DEL01-RN"
402125;2021-12-16;"quinta-feira";"18:30:00";"PB";230;140,3;"CAMPINA GRANDE";"Pedestre andava na pista";"Atropelamento de Pedestre";"Com Vítimas Fatais";"Plena Noite";"Decrescente";"Céu Claro";"Dupla";"Reta";"Não";2;1;0;1;0;0;1;2;-7,24952265;-35,84205436;"SPRF-PB";"DEL02-PB";"UOP01-DEL02-PB"
402127;2021-12-16;"quinta-feira";"14:30:00";"AM";319;785;"CANUTAMA";"Ausência de reação do condutor";"Saída de leito carroçável";"Sem Vítimas";"Pleno dia";"Crescente";"Céu Claro";"Simples";"Reta";"Não";1;0;0;0;1;0;0;1;-8,30153988;-63,94357349;"SPRF-RO";"DEL01-RO";"UOP01-DEL01-RO"
402128;2021-12-16;"quinta-feira";"16:15:00";"RO";364;420;"JARU";"Ausência de reação do condutor";"Colisão traseira";"Com Vítimas Feridas";"Pleno dia";"Crescente";"Céu Claro";"Simples";"Reta";"Não";3;0;1;0;1;1;1;3;-10,47470369;-62,44575957;"SPRF-RO";"DEL03-RO";"UOP02-DEL03-RO"
402130;2021-12-16;"quinta-feira";"18:00:00";"CE";222;227;"SOBRAL";"Acessar a via sem observar a presença dos outros veículos";"Colisão lateral mesmo sentido";"Com Vítimas Feridas";"Anoitecer";"Crescente";"Céu Claro";"Simples";"Reta";"Sim";4;0;4;0;0;0;4;2;-3,70131589;-40,36817484;"SPRF-CE";"DEL04-CE";"UOP01-DEL04-CE"
402131;2021-12-11;"sábado";"07:45:00";"GO";60;439;"ANAPOLIS";"Avarias e/ou desgaste excessivo no pneu";"Colisão com objeto";"Sem Vítimas";"Pleno dia";"Crescente";"Céu Claro";"Dupla";"Curva";"Sim";1;0;0;0;0;1;0;1;-16,30176764;-48,92559897;"SPRF-GO";"DEL04-GO";"UOP01-DEL04-GO"
402132;2021-12-16;"quinta-feira";"18:00:00";"SC";101;138,8;"BALNEARIO CAMBORIU";"Acumulo de areia ou detritos sobre o pavimento";"Tombamento";"Com Vítimas Feridas";"Plena Noite";"Crescente";"Nublado";"Dupla";"Curva";"Não";1;0;1;0;0;0;1;1;-27,02397426;-48,60761649;"SPRF-SC";"DEL04-SC";"UOP03-DEL04-SC"
402133;2021-12-16;"quinta-feira";"19:00:00";"ES";101;69;"SAO MATEUS";"Transitar no acostamento";"Colisão traseira";"Com Vítimas Feridas";"Plena Noite";"Crescente";"Nublado";"Simples";"Reta";"Não";2;0;1;1;0;0;2;2;-18,73556097;-39,86069526;"SPRF-ES";"DEL04-ES";"UOP02-DEL04-ES"
402134;2021-12-16;"quinta-feira";"19:00:00";"PR";369;512,7;"CASCAVEL";"Avarias e/ou desgaste excessivo no pneu";"Queda de ocupante de veículo";"Com Vítimas Feridas";"Anoitecer";"Decrescente";"Céu Claro";"Simples";"Reta";"Não";2;0;2;0;0;0;2;1;-24,8717;-53,3423;"SPRF-PR";"DEL04-PR";"UOP01-DEL04-PR"
402135;2021-12-16;"quinta-feira";"19:20:00";"MG";50;31,8;"ARAGUARI";"Animais na Pista";"Atropelamento de Animal";"Sem Vítimas";"Plena Noite";"Crescente";"Céu Claro";"Dupla";"Reta";"Não";1;0;0;0;1;0;0;1;-18,62419107;-48,11705236;"SPRF-MG";"DEL15-MG";"UOP02-DEL15-MG"