"id";"data_inversa";"dia_semana";"horario";"uf";"br";"km";"municipio";"causa_acidente";"tipo_acidente";"classificacao_acidente";"fase_dia";"sentido_via";"condicao_metereologica";"tipo_pista";"tracado_via";"uso_solo";"pessoas";"mortos";"feridos_leves";"feridos_graves";"ilesos";"ignorados";"feridos";"veiculos";"latitude";"longitude";"regional";"delegacia";"uop"
402136;2021-12-16;"quinta-feira";"18:50:00";"RJ";101;302;"SAO GONCALO";"Demais falhas mecânicas ou elétricas";"Incêndio";"Sem Vítimas";"Plena Noite";"Decrescente";"Chuva";"Dupla";"Reta";"Sim";1;0;0;0;1;0;0;1;-22,78069318;-42,96706396;"SPRF-RJ";"DEL02-RJ";"UOP02-DEL02-RJ"
402137;2021-12-16;"quinta-feira";"19:30:00";"CE";20;426;"FORTALEZA";"Demais falhas mecânicas ou elétricas";"Tombamento";"Com Vítimas Feridas";"Plena Noite";"Crescente";"Céu Claro";"Dupla";"Reta";"Sim";1;0;1;0;0;0;1;1;-3,86244021;-38,53014171;"SPRF-CE";"DEL01-CE";"UOP02-DEL01-CE"
402138;2021-12-16;"quinta-feira";"18:50:00";"MS";163;538,7;"BANDEIRANTES";"Pedestre andava na pista";"Atropelamento de Pedestre";"Com Vítimas Feridas";"Plena Noite";"Crescente";"Garoa/Chuvisco";"Simples";"Reta";"Não";4;0;0;1;3;0;1;2;-20,00703107;-54,39790883;"SPRF-MS";"DEL01-MS";"UOP02-DEL01-MS"
402140;2021-12-16;"quinta-feira";"20:15:00";"PE";428;182,3;"PETROLINA";"Animais na Pista";"Atropelamento de Animal";"Com Vítimas Feridas";"Plena Noite";"Decrescente";"Céu Claro";"Simples";"Reta";"Não";1;0;1;0;0;0;1;1;-9,31614989;-40,45800722;"SPRF-PE";"DEL06-PE";"UOP01-DEL06-PE"
402141;2021-12-16;"quinta-feira";"12:30:00";"BA";407;125,5;"SENHOR DO BONFIM";"Condutor deixou de manter distância do veículo da frente";"Colisão traseira";"Sem Vítimas";"Pleno dia";"Crescente";"Céu Claro";"Simples";"Declive";"Sim";3;0;0;0;3;0;0;3;-10,44762504;-40,18494809;"SPRF-BA";"DEL04-BA";"UOP01-DEL04-BA"
402142;2021-12-16;"quinta-feira";"18:40:00";"PB";230;16,8;"JOAO PESSOA";"Condutor deixou de manter distância do veículo da frente";"Engavetamento";"Com Vítimas Feridas";"Plena Noite";"Decrescente";"Céu Claro";"Dupla";"Reta";"Sim";5;0;1;0;3;1;1;4;-7,1121;-34,8426;"SPRF-PB";"DEL01-PB";"UOP01-DEL01-PB"
402143;2021-12-16;"quinta-feira";"17:00:00";"PE";232;77,6;"GRAVATA";"Ausência de sinalização";"Colisão traseira";"Com Vítimas Feridas";"Pleno dia";"Crescente";"Céu Claro";"Simples";"Aclive;Reta";"Não";3;0;1;0;2;0;1;3;-8,19343863;-35,54300692;"SPRF-PE";"DEL02-PE";"UOP02-DEL02PE"
402145;2021-12-16;"quinta-feira";"20:55:00";"MG";381;349;"JOAO MONLEVADE";"Ausência de reação do condutor";"Queda de ocupante de veículo";"Com Vítimas Feridas";"Plena Noite";"Decrescente";"Céu Claro";"Simples";"Reta";"Não";1;0;0;1;0;0;1;1;-19,8499239;-43,14868105;"SPRF-MG";"DEL03-MG";"UOP01-DEL03-MG"
402147;2021-12-16;"quinta-feira";"19:30:00";"GO";60;235,5;"CEZARINA";"Transitar na contramão";"Colisão frontal";"Com Vítimas Feridas";"Plena Noite";"Decrescente";"Céu Claro";"Dupla";"Declive";"Não";3;0;3;0;0;0;3;2;-17,0794;-49,8299;"SPRF-GO";"DEL01-GO";"UOP02-DEL01-GO"
402148;2021-12-16;"quinta-feira";"20:00:00";"SC";470;170,4;"POUSO REDONDO";"Chuva";"Saída de leito carroçável";"Com Vítimas Feridas";"Plena Noite";"Crescente";"Chuva";"Simples";"Reta";"Não";1;0;1;0;0;0;1;1;-27,265903;-49,892441;"SPRF-SC";"DEL04-SC";"UOP02-DEL04-SC"
402150;2021-12-16;"quinta-feira";"20:35:00";"MG";381;275,1;"JAGUARACU";"Pista esburacada";"Tombamento";"Com Vítimas Feridas";"Plena Noite";"Decrescente";"Nublado";"Simples";"Curva";"Não";1;0;0;1;0;0;1;1;-19,543263;-42,689963;"SPRF-MG";"DEL03-MG";"UOP02-DEL03-MG"
402151;2021-12-16;"quinta-feira";"20:25:00";"RJ";116;186,5;"QUEIMADOS";"Pedestre cruzava a pista fora da faixa";"Atropelamento de Pedestre";"Com Vítimas Fatais";"Plena Noite";"Decrescente";"Chuva";"Dupla";"Reta";"Não";2;1;0;0;1;0;0;2;-22,73122374;-43,61709595;"SPRF-RJ";"DEL01-RJ";"UOP02-DEL01-RJ"
402152;2021-12-16;"quinta-feira";"21:30:00";"ES";101;139;"LINHARES";"Conversão proibida";"Colisão transversal";"Com Vítimas Feridas";"Plena Noite";"Crescente";"Céu Claro";"Simples";"Reta";"Sim";2;0;0;1;1;0;1;2;-19,3101728;-40,0799666;"SPRF-ES";"DEL04-ES";"UOP01-DEL04-ES"
402154;2021-12-16;"quinta-feira";"22:00:00";"RJ";393;133;"SAPUCAIA";"Demais falhas mecânicas ou elétricas";"Queda de ocupante de veículo";"Com Vítimas Feridas";"Plena Noite";"Crescente";"Chuva";"Simples";"Reta";"Sim";1;0;1;0;0;0;1;1;-21,9787375;-42,89119628;"SPRF-RJ";"DEL05-RJ";"UOP01-DEL05-RJ"
402156;2021-12-16;"quinta-feira";"21:30:00";"PR";116;39,5;"CAMPINA GRANDE DO SUL";"Chuva";"Saída de leito carroçável";"Com Vítimas Feridas";"Plena Noite";"Crescente";"Garoa/Chuvisco";"Dupla";"Curva";"Não";2;0;1;0;1;0;1;1;-25,156168;-48,8613401;"SPRF-PR";"DEL01-PR";"UOP02-DEL01-PR"
402157;2021-12-16;"quinta-feira";"21:30:00";"SC";101;287,7;"IMBITUBA";"Ingestão de álcool pelo condutor";"Colisão traseira";"Com Vítimas Feridas";"Plena Noite";"Crescente";"Chuva";"Dupla";"Curva";"Não";2;0;1;0;1;0;1;2;-28,23766496;-48,70059767;"SPRF-SC";"DEL02-SC";"UOP03-DEL02-SC"
402158;2021-12-16;"quinta-feira";"22:00:00";"MG";381;482;"BETIM";"Pedestre andava na pista";"Atropelamento de Pedestre";"Com Vítimas Feridas";"Plena Noite";"Decrescente";"Chuva";"Dupla";"Reta";"Não";2;0;1;0;0;1;1;2;-19,955532;-44,097209;"SPRF-MG";"DEL01-MG";"UOP03-DEL01-MG"
402159;2021-12-16;"quinta-feira";"21:30:00";"DF";40;6;"BRASILIA";"Reação tardia ou ineficiente do condutor";"Saída de leito carroçável";"Com Vítimas Feridas";"Plena Noite";"Crescente";"Céu Claro";"Dupla";"Reta";"Não";1;0;1;0;0;0;1;1;-16,029741;-47,978867;"SPRF-DF";"DEL01-DF";"UOP01-DEL01-DF"
402161;2021-12-16;"quinta-feira";"22:20:00";"RS";116;249,5;"SAO LEOPOLDO";"Ausência de reação do condutor";"Colisão traseira";"Com Vítimas Feridas";"Plena Noite";"Decrescente";"Nublado";"Dupla";"Reta";"Sim";2;0;1;0;1;0;1;2;-29,7831804;-51,16099063;"SPRF-RS";"DEL01-RS";"UOP02-DEL01-RS"
402162;2021-12-16;"quinta-feira";"14:30:00";"MS";376;95;"IVINHEMA";"Manobra de mudança de faixa";"Capotamento";"Sem Vítimas";"Pleno dia";"Crescente";"Céu Claro";"Simples";"Reta";"Não";1;0;0;0;1;0;0;1;-22,30999473;-54,05591303;"SPRF-MS";"DEL04-MS";"UOP04-DEL04-MS"
402163;2021-12-16;"quinta-feira";"18:00:00";"SC";163;0,3;"DIONISIO CERQUEIRA";"Entrada inopinada do pedestre";"Atropelamento de Pedestre";"Com Vítimas Feridas";"Pleno dia";"Crescente";"Céu Claro";"Simples";"Declive;Reta";"Sim";2;0;0;1;1;0;1;2;-26,26088928;-53,62016916;"SPRF-SC";"DEL07-SC";"UOP03-DEL07-SC"
402164;2021-12-16;"quinta-feira";"21:25:00";"MS";163;258,1;"DOURADOS";"Manobra de mudança de faixa";"Colisão transversal";"Com Vítimas Feridas";"Plena Noite";"Decrescente";"Nublado";"Dupla";"Curva";"Sim";2;0;1;0;0;1;1;2;-22,25859;-54,783592;"SPRF-MS";"DEL04-MS";"UOP01-DEL04-MS"
402166;2021-12-16;"quinta-feira";"22:40:00";"RS";116;39;"VACARIA";"Ausência de reação do condutor";"Colisão traseira";"Com Vítimas Feridas";"Plena Noite";"Decrescente";"Céu Claro";"Simples";"Reta";"Sim";4;0;1;0;0;3;1;3;-28,5120121;-50,93237991;"SPRF-RS";"DEL05-RS";"UOP03-DEL05-RS"
402167;2021-12-16;"quinta-feira";"17:35:00";"PI";316;7;"TERESINA";"Acessar a via sem observar a presença dos outros veículos";"Colisão transversal";"Com Vítimas Feridas";"Anoitecer";"Decrescente";"Céu Claro";"Múltipla";"Reta;Declive";"Sim";2;0;0;2;0;0;2;2;-5,15584638;-42,77173332;"SPRF-PI";"DEL01-PI";"UOP02-DEL01-PI"
402168;2021-12-16;"quinta-feira";"22:50:00";"SE";101;76,8;"MARUIM";"Condutor deixou de manter distância do veículo da frente";"Colisão traseira";"Sem Vítimas";"Plena Noite";"Crescente";"Chuva";"Simples";"Reta";"Sim";2;0;0;0;1;1;0;2;-10,77357687;-37,12583705;"SPRF-SE";"DEL01-SE";"UOP01-DEL01-SE"
402172;2021-12-16;"quinta-feira";"22:50:00";"SC";101;253;"PAULO LOPES";"Ingestão de álcool pelo condutor";"Colisão lateral mesmo sentido";"Com Vítimas Feridas";"Pleno dia";"Decrescente";"Garoa/Chuvisco";"Simples";"Reta";"Não";3;0;1;0;2;0;1;2;-27,96492999;-48,67962057;"SPRF-SC";"DEL02-SC";"UOP03-DEL02-SC"
402173;2021-12-16;"quinta-feira";"18:45:00";"RJ";40;104;"DUQUE DE CAXIAS";"Pista Escorregadia";"Colisão com objeto";"Com Vítimas Feridas";"Plena Noite";"Decrescente";"Chuva";"Múltipla";"Reta";"Sim";3;0;1;1;1;0;2;1;-22,62897902;-43,28579508;"SPRF-RJ";"DEL01-RJ";"UOP01-DEL01-RJ"
402176;2021-12-16;"quinta-feira";"23:50:00";"RS";116;243;"SAO LEOPOLDO";"Condutor deixou de manter distância do veículo da frente";"Colisão traseira";"Sem Vítimas";"Plena Noite";"Crescente";"Nublado";"Dupla";"Viaduto";"Sim";5;0;0;0;5;0;0;5;-29,7317209;-51,14959189;"SPRF-RS";"DEL01-RS";"UOP02-DEL01-RS"
402178;2021-12-16;"quinta-feira";"22:50:00";"MG";381;767,7;"CAMPANHA";"Chuva";"Colisão com objeto";"Sem Vítimas";"Plena Noite";"Decrescente";"Chuva";"Dupla";"Reta";"Não";1;0;0;0;1;0;0;1;-21,75185324;-45,39265266;"SPRF-MG";"DEL16-MG";"UOP02-DEL16-MG"
402179;2021-12-17;"sexta-feira";"00:25:00";"SC";470;134,1;"RIO DO SUL";"Ausência de sinalização";"Saída de leito carroçável";"Com Vítimas Feridas";"Plena Noite";"Crescente";"Céu Claro";"Simples";"Rotatória;Interseção de Vias;Retorno Regulamentado";"Sim";25;0;2;0;23;0;2;1;-27,17448388;-49,58910942;"SPRF-SC";"DEL04-SC";"UOP02-DEL04-SC"
402184;2021-12-17;"sexta-feira";"00:30:00";"PR";277;722,6;"FOZ DO IGUACU";"Ingestão de álcool pelo condutor";"Colisão traseira";"Sem Vítimas";"Plena Noite";"Decrescente";"Céu Claro";"Dupla";"Reta";"Sim";2;0;0;0;2;0;0;2;-25,49494908;-54,52095097;"SPRF-PR";"DEL05-PR";"UOP03-DEL05-PR"
402185;2021-12-17;"sexta-feira";"01:30:00";"RS";116;257;"ESTEIO";"Reação tardia ou ineficiente do condutor";"Colisão traseira";"Com Vítimas Feridas";"Plena Noite";"Crescente";"Céu Claro";"Simples";"Aclive;Curva;Viaduto";"Sim";2;0;1;0;1;0;1;2;-29,85262195;-51,17968329;"SPRF-RS";"DEL01-RS";"UOP02-DEL01-RS"
402186;2021-12-17;"sexta-feira";"02:40:00";"BA";116;451;"ANTONIO CARDOSO";"Animais na Pista";"Atropelamento de Animal";"Com Vítimas Feridas";"Plena Noite";"Crescente";"Céu Claro";"Dupla";"Reta";"Não";2;0;1;0;1;0;1;1;-12,385248;-39,135998;"SPRF-BA";"DEL02-BA";"UOP01-DEL02-BA"
402187;2021-12-17;"sexta-feira";"02:20:00";"RS";290;69;"GRAVATAI";"Acessar a via sem observar a presença dos outros veículos";"Atropelamento de Pedestre";"Com Vítimas Feridas";"Plena Noite";"Crescente";"Nublado";"Dupla";"Reta";"Não";3;0;0;1;2;0;1;2;-29,94551484;-50,94847625;"SPRF-RS";"DEL03-RS";"UOP01-DEL03-RS"
402188;2021-12-17;"sexta-feira";"02:30:00";"RS";290;105,8;"ELDORADO DO SUL";"Objeto estático sobre o leito carroçável";"Tombamento";"Com Vítimas Feridas";"Plena Noite";"Crescente";"Céu Claro";"Dupla";"Reta";"Sim";1;0;0;1;0;0;1;1;-29,99608;-51,285023;"SPRF-RS";"DEL02-RS";"UOP01-DEL02-RS"
402189;2021-12-17;"sexta-feira";"01:20:00";"SC";470;320;"CAMPOS NOVOS";"Ausência de reação do condutor";"Tombamento";"Com Vítimas Feridas";"Plena Noite";"Decrescente";"Céu Claro";"Simples";"Reta";"Não";1;0;1;0;0;0;1;1;-27,41375;-51,23394;"SPRF-SC";"DEL07-SC";"UOP06-DEL07-SC"
402192;2021-12-17;"sexta-feira";"03:00:00";"SP";116;206;"GUARULHOS";"Acumulo de água sobre o pavimento";"Saída de leito carroçável";"Sem Vítimas";"Pleno dia";"Decrescente";"Chuva";"Dupla";"Reta";"Sim";2;0;0;0;0;2;0;2;-23,41722629;-46,37510292;"SPRF-SP";"DEL01-SP";"UOP01-DEL01-SP"
402193;2021-12-17;"sexta-feira";"03:25:00";"PR";116;134;"FAZENDA RIO GRANDE";"Condutor Dormindo";"Saída de leito carroçável";"Com Vítimas Feridas";"Plena Noite";"Crescente";"Céu Claro";"Dupla";"Curva";"Não";1;0;0;1;0;0;1;1;-25,67510803;-49,3157007;"SPRF-PR";"DEL01-PR";"UOP03-DEL01-PR"
402194;2021-12-16;"quinta-feira";"15:30:00";"BA";367;28,1;"PORTO SEGURO";"Acessar a via sem observar a presença dos outros veículos";"Colisão frontal";"Com Vítimas Feridas";"Pleno dia";"Crescente";"Céu Claro";"Simples";"Reta";"Sim";2;0;1;0;1;0;1;2;-16,41760283;-39,10888793;"SPRF-BA";"DEL09-BA";"UOP01-DEL09-BA"
402195;2021-12-17;"sexta-feira";"00:05:00";"RO";435;88;"COLORADO DO OESTE";"Velocidade Incompatível";"Capotamento";"Com Vítimas Feridas";"Plena Noite";"Crescente";"Céu Claro";"Simples";"Aclive";"Não";1;0;1;0;0;0;1;1;-13,138199;-60,545055;"SPRF-RO";"DEL04-RO";"UOP02-DEL04-RO"
402196;2021-12-16;"quinta-feira";"22:00:00";"PI";135;592,3;"CORRENTE";"Acessar a via sem observar a presença dos outros veículos";"Colisão frontal";"Com Vítimas Feridas";"Plena Noite";"Crescente";"Céu Claro";"Simples";"Reta";"Sim";5;0;4;0;0;1;4;2;-10,45468196;-45,17614609;"SPRF-PI";"DEL03-PI";"UOP02-DEL03-PI"
402197;2021-12-17;"sexta-feira";"02:30:00";"GO";60;127,3;"GOIANAPOLIS";"Ingestão de álcool pelo condutor";"Saída de leito carroçável";"Sem Vítimas";"Plena Noite";"Crescente";"Nublado";"Dupla";"Reta;Aclive;Retorno Regulamentado";"Não";1;0;0;0;1;0;0;1;-16,5498;-49,1518;"SPRF-GO";"DEL01-GO";"UOP01-DEL01-GO"
402202;2021-12-17;"sexta-feira";"03:50:00";"SC";116;225;"CORREIA PINTO";"Ingestão de álcool pelo condutor";"Colisão com objeto";"Com Vítimas Feridas";"Plena Noite";"Decrescente";"Nublado";"Simples";"Rotatória";"Não";1;0;0;1;0;0;1;1;-27,62814411;-50,34128666;"SPRF-SC";"DEL05-SC";"UOP03-DEL05-SC"
402204;2021-12-17;"sexta-feira";"06:00:00";"MG";381;531;"ITATIAIUCU";"Velocidade Incompatível";"Saída de leito carroçável";"Com Vítimas Feridas";"Pleno dia";"Decrescente";"Chuva";"Dupla";"Curva";"Não";2;0;1;0;1;0;1;1;-20,18182886;-44,37895835;"SPRF-MG";"DEL04-MG";"UOP03-DEL04-MG"
402205;2021-12-17;"sexta-feira";"06:00:00";"DF";70;16,2;"BRASILIA";"Ausência de reação do condutor";"Saída de leito carroçável";"Sem Vítimas";"Pleno dia";"Crescente";"Nublado";"Dupla";"Rotatória";"Não";1;0;0;0;0;1;0;1;-15,796144;-48,194225;"SPRF-DF";"DEL03-DF";"UOP02-DEL03-DF"
402206;2021-12-17;"sexta-feira";"04:54:00";"RS";158;333;"SANTA MARIA";"Ingestão de álcool pelo condutor";"Saída de leito carroçável";"Sem Vítimas";"Amanhecer";"Crescente";"Céu Claro";"Simples";"Reta";"Sim";1;0;0;0;0;1;0;1;-29,70846948;-53,86426102;"SPRF-RS";"DEL09-RS";"UOP01-DEL09-RS"
402207;2021-12-17;"sexta-feira";"03:00:00";"SC";101;137,1;"BALNEARIO CAMBORIU";"Ausência de reação do condutor";"Colisão com objeto";"Sem Vítimas";"Plena Noite";"Decrescente";"Nublado";"Dupla";"Reta";"Não";1;0;0;0;0;1;0;1;-27,0157238;-48,61192763;"SPRF-SC";"DEL04-SC";"UOP03-DEL04-SC"
402209;2021-12-17;"sexta-feira";"06:45:00";"SP";116;217;"GUARULHOS";"Condutor deixou de manter distância do veículo da frente";"Colisão traseira";"Com Vítimas Feridas";"Pleno dia";"Crescente";"Chuva";"Múltipla";"Reta";"Sim";2;0;1;0;1;0;1;2;-23,45423824;-46,47119028;"SPRF-SP";"DEL01-SP";"UOP01-DEL01-SP"
402210;2021-12-17;"sexta-feira";"06:55:00";"RS";116;243;"SAO LEOPOLDO";"Acessar a via sem observar a presença dos outros veículos";"Colisão lateral mesmo sentido";"Com Vítimas Feridas";"Pleno dia";"Crescente";"Céu Claro";"Múltipla";"Reta";"Sim";2;0;1;0;0;1;1;2;-29,73196199;-51,14952004;"SPRF-RS";"DEL01-RS";"UOP02-DEL01-RS"
402214;2021-12-17;"sexta-feira";"06:40:00";"PR";277;149;"ARAUCARIA";"Ausência de reação do condutor";"Queda de ocupante de veículo";"Com Vítimas Feridas";"Pleno dia";"Decrescente";"Céu Claro";"Dupla";"Reta";"Sim";1;0;1;0;0;0;1;1;-25,58544141;-49,39956502;"SPRF-PR";"DEL01-PR";"UOP03-DEL03-PR"
402216;2021-12-17;"sexta-feira";"07:30:00";"ES";101;270;"SERRA";"Mal súbito do condutor";"Colisão traseira";"Com Vítimas Feridas";"Pleno dia";"Crescente";"Sol";"Múltipla";"Reta";"Sim";2;0;1;0;1;0;1;2;-20,22662056;-40,27075088;"SPRF-ES";"DEL02-ES";"UOP01-DEL02-ES"
402217;2021-12-17;"sexta-feira";"07:45:00";"SP";116;158;"SAO JOSE DOS CAMPOS";"Reação tardia ou ineficiente do condutor";"Colisão lateral mesmo sentido";"Com Vítimas Feridas";"Pleno dia";"Decrescente";"Céu Claro";"Dupla";"Reta";"Não";2;0;1;0;1;0;1;2;-23,26072137;-45,95179176;"SPRF-SP";"DEL02-SP";"UOP01-DEL02-SP"
402218;2021-12-17;"sexta-feira";"08:00:00";"MG";381;501;"BETIM";"Condutor deixou de manter distância do veículo da frente";"Colisão traseira";"Sem Vítimas";"Pleno dia";"Decrescente";"Chuva";"Dupla";"Reta";"Sim";2;0;0;0;2;0;0;2;-20,01000188;-44,21805105;"SPRF-MG";"DEL01-MG";"UOP03-DEL01-MG"
402219;2021-12-17;"sexta-feira";"08:00:00";"RJ";101;26,3;"CAMPOS DOS GOYTACAZES";"Condutor Dormindo";"Capotamento";"Com Vítimas Feridas";"Pleno dia";"Crescente";"Nublado";"Simples";"Curva";"Não";3;0;2;0;1;0;2;1;-21,43164906;-41,34301207;"SPRF-RJ";"DEL08-RJ";"UOP01-DEL08-RJ"
402220;2021-12-17;"sexta-feira";"07:00:00";"RJ";116;177;"NOVA IGUACU";"Manobra de mudança de faixa";"Colisão lateral mesmo sentido";"Com Vítimas Feridas";"Pleno dia";"Decrescente";"Céu Claro";"Múltipla";"Reta";"Sim";3;0;1;0;2;0;1;2;-22,78055198;-43,39208599;"SPRF-RJ";"DEL01-RJ";"UOP02-DEL01-RJ"
402221;2021-12-17;"sexta-feira";"07:30:00";"MG";262;820;"UBERABA";"Acessar a via sem observar a presença dos outros veículos";"Colisão transversal";"Sem Vítimas";"Pleno dia";"Crescente";"Nublado";"Dupla";"Retorno Regulamentado";"Não";4;0;0;0;4;0;0;2;-19,7626417;-48,13569294;"SPRF-MG";"DEL13-MG";"UOP01-DEL13-MG"
402222;2021-12-17;"sexta-feira";"07:30:00";"MS";267;481,1;"JARDIM";"Acessar a via sem observar a presença dos outros veículos";"Colisão lateral sentido oposto";"Com Vítimas Feridas";"Pleno dia";"Decrescente";"Céu Claro";"Simples";"Reta";"Sim";3;0;1;0;2;0;1;2;-21,4813848;-56,14073753;"SPRF-MS";"DEL05-MS";"UOP01-DEL05-MS"
402223;2021-12-17;"sexta-feira";"08:10:00";"SC";101;123;"ITAJAI";"Ausência de reação do condutor";"Colisão transversal";"Com Vítimas Feridas";"Pleno dia";"Decrescente";"Céu Claro";"Múltipla";"Interseção de Vias";"Sim";1;0;1;0;0;0;1;1;-26,93668609;-48,69876905;"SPRF-SC";"DEL04-SC";"UOP04-DEL04-SC"
402224;2021-12-17;"sexta-feira";"08:10:00";"SP";101;49,6;"UBATUBA";"Condutor deixou de manter distância do veículo da frente";"Colisão traseira";"Com Vítimas Feridas";"Pleno dia";"Decrescente";"Nublado";"Simples";"Reta";"Sim";3;0;1;0;2;0;1;2;-23,4477727;-45,0800679;"SPRF-SP";"DEL06-SP";"UOP01-DEL06-SP"
402225;2021-12-17;"sexta-feira";"07:40:00";"PR";376;602;"CURITIBA";"Ausência de reação do condutor";"Colisão com objeto";"Com Vítimas Feridas";"Pleno dia";"Crescente";"Garoa/Chuvisco";"Dupla";"Interseção de Vias";"Sim";2;0;1;0;0;1;1;2;-25,54329052;-49,30719981;"SPRF-PR";"DEL01-PR";"UOP01-DEL01-PR"
402231;2021-12-17;"sexta-feira";"09:00:00";"PE";407;128,5;"PETROLINA";"Ausência de reação do condutor";"Colisão traseira";"Com Vítimas Feridas";"Pleno dia";"Crescente";"Céu Claro";"Dupla";"Curva";"Sim";2;0;1;0;1;0;1;2;-9,39387565;-40,51133888;"SPRF-PE";"DEL06-PE";"UOP01-DEL06-PE"
402232;2021-12-17;"sexta-feira";"06:40:00";"MG";40;325,7;"TRES MARIAS";"Avarias e/ou desgaste excessivo no pneu";"Colisão com objeto";"Com Vítimas Feridas";"Pleno dia";"Decrescente";"Chuva";"Simples";"Declive";"Não";3;0;2;1;0;0;3;1;-18,53791631;-45,04349525;"SPRF-MG";"DEL14-MG";"UOP02-DEL14-MG"
402233;2021-12-17;"sexta-feira";"08:30:00";"RN";406;166,6;"SAO GONCALO DO AMARANTE";"Acesso irregular";"Colisão transversal";"Com Vítimas Feridas";"Pleno dia";"Decrescente";"Céu Claro";"Dupla";"Reta";"Não";2;0;1;0;0;1;1;2;-5,7466896;-35,33149685;"SPRF-RN";"DEL02-RN";"UOP01-DEL02-RN"
402234;2021-12-17;"sexta-feira";"08:45:00";"GO";20;138,5;"FLORES DE GOIAS";"Ultrapassagem Indevida";"Colisão lateral mesmo sentido";"Com Vítimas Feridas";"Pleno dia";"Crescente";"Céu Claro";"Simples";"Reta";"Não";3;0;2;0;0;1;2;2;-14,786891;-46,694374;"SPRF-DF";"DEL02-DF";"UOP03-DEL02-DF"
402235;2021-12-17;"sexta-feira";"09:00:00";"ES";101;268,9;"SERRA";"Pedestre cruzava a pista fora da faixa";"Atropelamento de Pedestre";"Com Vítimas Feridas";"Pleno dia";"Crescente";"Sol";"Múltipla";"Reta";"Sim";2;0;0;2;0;0;2;2;-20,20842;-40,269405;"SPRF-ES";"DEL02-ES";"UOP01-DEL02-ES"
402236;2021-12-17;"sexta-feira";"08:20:00";"PR";476;118;"COLOMBO";"Transitar na contramão";"Colisão frontal";"Com Vítimas Feridas";"Pleno dia";"Decrescente";"Nublado";"Múltipla";"Reta";"Sim";2;0;1;0;1;0;1;2;-25,35497257;-49,18026567;"SPRF-PR";"DEL01-PR";"UOP02-DEL01-PR"
402237;2021-12-17;"sexta-feira";"09:50:00";"MG";381;493;"BETIM";"Frear bruscamente";"Tombamento";"Com Vítimas Feridas";"Pleno dia";"Decrescente";"Chuva";"Dupla";"Reta";"Não";1;0;1;0;0;0;1;1;-19,97670801;-44,19962698;"SPRF-MG";"DEL01-MG";"UOP03-DEL01-MG"
402241;2021-12-17;"sexta-feira";"07:33:00";"MG";381;921,3;"ITAPEVA";"Reação tardia ou ineficiente do condutor";"Colisão com objeto";"Com Vítimas Feridas";"Pleno dia";"Crescente";"Nublado";"Dupla";"Curva";"Não";2;0;2;0;0;0;2;1;-22,7680939;-46,20854399;"SPRF-MG";"DEL16-MG";"UOP03-DEL16-MG"
402242;2021-12-17;"sexta-feira";"09:30:00";"PR";163;247;"TOLEDO";"Condutor deixou de manter distância do veículo da frente";"Colisão lateral mesmo sentido";"Com Vítimas Feridas";"Pleno dia";"Decrescente";"Céu Claro";"Simples";"Em Obras;Reta";"Não";7;0;2;0;5;0;2;3;-24,717822;-53,711597;"SPRF-PR";"DEL06-PR";"UOP02-DEL06-PR"
402248;2021-12-17;"sexta-feira";"10:30:00";"PR";158;530;"PATO BRANCO";"Desrespeitar a preferência no cruzamento";"Colisão transversal";"Com Vítimas Feridas";"Pleno dia";"Decrescente";"Sol";"Simples";"Rotatória;Interseção de Vias";"Sim";3;0;1;0;2;0;1;2;-26,19442709;-52,67299292;"SPRF-PR";"DEL02-PR";"UOP01-DEL02-PR"
402250;2021-12-17;"sexta-feira";"11:15:00";"ES";101;298;"VIANA";"Manobra de mudança de faixa";"Colisão lateral mesmo sentido";"Com Vítimas Feridas";"Pleno dia";"Crescente";"Céu Claro";"Dupla";"Reta";"Sim";2;0;0;1;1;0;1;2;-20,35374444;-40,4156433;"SPRF-ES";"DEL01-ES";"UOP01-DEL01-ES"
402251;2021-12-17;"sexta-feira";"09:00:00";"MG";381;909,7;"CAMANDUCAIA";"Objeto estático sobre o leito carroçável";"Eventos atípicos";"Sem Vítimas";"Pleno dia";"Crescente";"Chuva";"Dupla";"Reta;Declive";"Não";2;0;0;0;2;0;0;1;-22,69264121;-46,11037171;"SPRF-MG";"DEL16-MG";"UOP03-DEL16-MG"
402252;2021-12-17;"sexta-feira";"11:30:00";"SC";101;120;"ITAJAI";"Condutor deixou de manter distância do veículo da frente";"Colisão traseira";"Com Vítimas Feridas";"Pleno dia";"Decrescente";"Céu Claro";"Múltipla";"Reta";"Sim";2;0;1;0;1;0;1;2;-26,912758;-48,711998;"SPRF-SC";"DEL04-SC";"UOP04-DEL04-SC"
402253;2021-12-17;"sexta-feira";"11:00:00";"SP";116;219;"GUARULHOS";"Manobra de mudança de faixa";"Tombamento";"Com Vítimas Feridas";"Pleno dia";"Crescente";"Garoa/Chuvisco";"Múltipla";"Curva";"Sim";2;0;2;0;0;0;2;1;-23,46143954;-46,48885316;"SPRF-SP";"DEL01-SP";"UOP01-DEL01-SP"
402254;2021-12-17;"sexta-feira";"11:10:00";"RN";110;47,3;"MOSSORO";"Condutor deixou de manter distância do veículo da frente";"Colisão traseira";"Sem Vítimas";"Pleno dia";"Crescente";"Céu Claro";"Simples";"Reta";"Sim";3;0;0;0;3;0;0;2;-5,20600616;-37,32918262;"SPRF-RN";"DEL04-RN";"UOP01-DEL04-RN"