"id";"data_inversa";"dia_semana";"horario";"uf";"br";"km";"municipio";"causa_acidente";"tipo_acidente";"classificacao_acidente";"fase_dia";"sentido_via";"condicao_metereologica";"tipo_pista";"tracado_via";"uso_solo";"pessoas";"mortos";"feridos_leves";"feridos_graves";"ilesos";"ignorados";"feridos";"veiculos";"latitude";"longitude";"regional";"delegacia";"uop"
402374;2021-12-17;"sexta-feira";"15:55:00";"BA";110;275;"INHAMBUPE";"Acostamento em desnível";"Saída de leito carroçável";"Com Vítimas Feridas";"Pleno dia";"Decrescente";"Céu Claro";"Simples";"Reta";"Não";2;0;2;0;0;0;2;1;-11,6744979;-38,31183625;"SPRF-BA";"DEL01-BA";"UOP04-DEL01-BA"
402375;2021-12-17;"sexta-feira";"18:50:00";"MT";163;119,5;"RONDONOPOLIS";"Reação tardia ou ineficiente do condutor";"Colisão traseira";"Com Vítimas Feridas";"Plena Noite";"Crescente";"Nublado";"Dupla";"Reta";"Sim";2;0;1;0;1;0;1;2;-16,49349718;-54,64701533;"SPRF-MT";"DEL02-MT";"UOP01-DEL02-MT"
402378;2021-12-17;"sexta-feira";"21:00:00";"BA";324;605;"SIMOES FILHO";"Demais falhas mecânicas ou elétricas";"Queda de ocupante de veículo";"Com Vítimas Feridas";"Plena Noite";"Decrescente";"Céu Claro";"Dupla";"Reta";"Não";2;0;2;0;0;0;2;2;-12,78605114;-38,40972508;"SPRF-BA";"DEL01-BA";"UOP01-DEL01-BA"
402379;2021-12-17;"sexta-feira";"20:55:00";"PE";101;159,9;"AGUA PRETA";"Reação tardia ou ineficiente do condutor";"Saída de leito carroçável";"Com Vítimas Feridas";"Plena Noite";"Crescente";"Chuva";"Dupla";"Curva";"Não";3;0;3;0;0;0;3;1;-8,55252537;-35,41389482;"SPRF-PE";"DEL01-PE";"UOP01-DEL01-PE"
402380;2021-12-17;"sexta-feira";"20:50:00";"PB";101;78;"SANTA RITA";"Transitar na contramão";"Colisão frontal";"Com Vítimas Fatais";"Plena Noite";"Decrescente";"Céu Claro";"Simples";"Reta";"Não";2;1;0;0;1;0;0;2;-7,10808295;-34,96293885;"SPRF-PB";"DEL01-PB";"UOP04-DEL01-PB"
402382;2021-12-17;"sexta-feira";"21:15:00";"SC";101;204;"SAO JOSE";"Acessar a via sem observar a presença dos outros veículos";"Colisão transversal";"Com Vítimas Feridas";"Plena Noite";"Decrescente";"Chuva";"Dupla";"Reta";"Sim";2;0;1;0;1;0;1;2;-27,57413014;-48,61363083;"SPRF-SC";"DEL01-SC";"UOP01-DEL01-SC"
402383;2021-12-16;"quinta-feira";"13:00:00";"PA";316;66;"CASTANHAL";"Acessar a via sem observar a presença dos outros veículos";"Colisão transversal";"Com Vítimas Feridas";"Pleno dia";"Decrescente";"Sol";"Dupla";"Reta";"Sim";2;0;1;0;1;0;1;2;-1,29533525;-47,90182499;"SPRF-PA";"DEL01-PA";"UOP01-DEL01-PA"
402384;2021-12-17;"sexta-feira";"11:00:00";"MT";163;114;"RONDONOPOLIS";"Velocidade Incompatível";"Saída de leito carroçável";"Sem Vítimas";"Pleno dia";"Crescente";"Chuva";"Dupla";"Reta";"Não";1;0;0;0;0;1;0;1;-16,54595325;-54,67086252;"SPRF-MT";"DEL02-MT";"UOP01-DEL02-MT"
402385;2021-12-17;"sexta-feira";"21:15:00";"SC";470;141,6;"RIO DO SUL";"Transitar na contramão";"Colisão frontal";"Com Vítimas Feridas";"Plena Noite";"Crescente";"Céu Claro";"Simples";"Reta";"Sim";2;0;1;0;1;0;1;2;-27,21050887;-49,6519053;"SPRF-SC";"DEL04-SC";"UOP02-DEL04-SC"
402386;2021-12-17;"sexta-feira";"21:25:00";"RN";101;102;"PARNAMIRIM";"Ingestão de álcool pelo condutor";"Colisão com objeto";"Com Vítimas Feridas";"Plena Noite";"Crescente";"Céu Claro";"Múltipla";"Reta";"Sim";3;0;1;0;2;0;1;2;-5,88858217;-35,24018997;"SPRF-RN";"DEL01-RN";"UOP01-DEL01-RN"
402388;2021-12-17;"sexta-feira";"21:53:00";"DF";40;8;"BRASILIA";"Transitar no acostamento";"Atropelamento de Pedestre";"Com Vítimas Feridas";"Pleno dia";"Crescente";"Chuva";"Dupla";"Reta;Declive";"Não";2;0;0;1;0;1;1;2;-16,038666;-47,979691;"SPRF-DF";"DEL01-DF";"UOP01-DEL01-DF"
402389;2021-12-17;"sexta-feira";"21:20:00";"SE";0;0;"NOSSA SENHORA DO SOCORRO";"Condutor deixou de manter distância do veículo da frente";"Colisão traseira";"Sem Vítimas";"Plena Noite";"Não Informado";"Céu Claro";"Dupla";"Reta";"Sim";2;0;0;0;2;0;0;2;-10,886912;-37,132862;"SPRF-SE";"DEL01-SE";"UOP01-DEL01-SE"
402391;2021-12-17;"sexta-feira";"19:40:00";"RJ";101;513;"ANGRA DOS REIS";"Pedestre andava na pista";"Atropelamento de Pedestre";"Com Vítimas Feridas";"Plena Noite";"Decrescente";"Chuva";"Simples";"Curva";"Sim";2;0;1;0;1;0;1;2;-22,97495006;-44,4478251;"SPRF-RJ";"DEL03-RJ";"UOP02-DEL03-RJ"
402393;2021-12-17;"sexta-feira";"21:25:00";"PR";116;105,5;"SAO JOSE DOS PINHAIS";"Velocidade Incompatível";"Capotamento";"Com Vítimas Feridas";"Plena Noite";"Crescente";"Céu Claro";"Dupla";"Reta;Declive";"Não";1;0;1;0;0;0;1;1;-25,56635207;-49,16833598;"SPRF-PR";"DEL01-PR";"UOP01-DEL01-PR"
402395;2021-12-17;"sexta-feira";"22:20:00";"MG";40;400;"CURVELO";"Ausência de reação do condutor";"Colisão com objeto";"Com Vítimas Feridas";"Plena Noite";"Decrescente";"Chuva";"Simples";"Ponte";"Não";6;0;1;2;3;0;3;3;-19,03082912;-44,65194919;"SPRF-MG";"DEL02-MG";"UOP01-DEL02-MG"
402397;2021-12-17;"sexta-feira";"20:35:00";"RN";427;97,4;"CAICO";"Reação tardia ou ineficiente do condutor";"Colisão lateral mesmo sentido";"Com Vítimas Feridas";"Plena Noite";"Decrescente";"Céu Claro";"Simples";"Reta";"Sim";2;0;1;0;0;1;1;2;-6,47026134;-37,08569175;"SPRF-RN";"DEL03-RN";"UOP01-DEL03-RN"
402399;2021-12-17;"sexta-feira";"18:00:00";"MG";365;809;"GURINHATA";"Avarias e/ou desgaste excessivo no pneu";"Saída de leito carroçável";"Com Vítimas Feridas";"Anoitecer";"Crescente";"Chuva";"Simples";"Aclive";"Não";2;0;1;0;1;0;1;1;-18,8965422;-49,96307373;"SPRF-MG";"DEL15-MG";"UOP03-DEL15-MG"
402400;2021-12-17;"sexta-feira";"22:32:00";"ES";101;61;"SAO MATEUS";"Condutor desrespeitou a iluminação vermelha do semáforo";"Colisão traseira";"Sem Vítimas";"Plena Noite";"Crescente";"Céu Claro";"Simples";"Rotatória;Reta";"Sim";2;0;0;0;2;0;0;2;-18,68153217;-39,86364755;"SPRF-ES";"DEL04-ES";"UOP02-DEL04-ES"
402401;2021-12-17;"sexta-feira";"21:00:00";"SC";101;213;"PALHOCA";"Reação tardia ou ineficiente do condutor";"Tombamento";"Com Vítimas Feridas";"Pleno dia";"Crescente";"Chuva";"Dupla";"Reta";"Sim";1;0;1;0;0;0;1;1;-27,63697369;-48,66514142;"SPRF-SC";"DEL01-SC";"UOP02-DEL01-SC"
402404;2021-12-17;"sexta-feira";"22:30:00";"SP";381;89;"SAO PAULO";"Reação tardia ou ineficiente do condutor";"Queda de ocupante de veículo";"Com Vítimas Feridas";"Plena Noite";"Crescente";"Céu Claro";"Múltipla";"Reta";"Sim";1;0;1;0;0;0;1;1;-23,48469299;-46,55983288;"SPRF-SP";"DEL03-SP";"UOP01-DEL03-SP"
402407;2021-12-17;"sexta-feira";"19:35:00";"AC";364;135;"RIO BRANCO";"Condutor deixou de manter distância do veículo da frente";"Colisão traseira";"Sem Vítimas";"Plena Noite";"Decrescente";"Céu Claro";"Dupla";"Aclive";"Sim";3;0;0;0;3;0;0;2;-9,97967089;-67,84795761;"SPRF-AC";"DEL01-AC";"UOP01-DEL01-AC"
402408;2021-12-17;"sexta-feira";"22:30:00";"MS";163;488,5;"CAMPO GRANDE";"Transitar na contramão";"Colisão frontal";"Com Vítimas Feridas";"Plena Noite";"Decrescente";"Nublado";"Simples";"Reta";"Não";6;0;0;1;5;0;1;2;-20,41637298;-54,54777596;"SPRF-MS";"DEL01-MS";"UOP02-DEL01-MS"
402409;2021-12-17;"sexta-feira";"11:30:00";"PR";277;666;"MEDIANEIRA";"Condutor Dormindo";"Colisão com objeto";"Com Vítimas Feridas";"Plena Noite";"Decrescente";"Céu Claro";"Dupla";"Aclive";"Não";1;0;1;0;0;0;1;1;-25,26086511;-54,04611894;"SPRF-PR";"DEL05-PR";"UOP02-DEL05-PR"
402410;2021-12-17;"sexta-feira";"21:20:00";"PR";376;217;"JANDAIA DO SUL";"Desrespeitar a preferência no cruzamento";"Colisão transversal";"Com Vítimas Feridas";"Plena Noite";"Decrescente";"Céu Claro";"Simples";"Interseção de Vias";"Sim";2;0;0;1;1;0;1;2;-23,5978436;-51,62416462;"SPRF-PR";"DEL09-PR";"UOP01-DEL09-PR"
402412;2021-12-18;"sábado";"00:00:00";"RS";101;78,2;"OSORIO";"Mal súbito do condutor";"Saída de leito carroçável";"Com Vítimas Feridas";"Plena Noite";"Crescente";"Nublado";"Dupla";"Reta";"Não";1;0;1;0;0;0;1;1;-29,81058704;-50,24122892;"SPRF-RS";"DEL03-RS";"UOP01-DEL03-RS"
402413;2021-12-18;"sábado";"00:10:00";"PR";277;80;"CURITIBA";"Ingestão de álcool pelo condutor";"Colisão traseira";"Com Vítimas Feridas";"Plena Noite";"Decrescente";"Nublado";"Dupla";"Curva";"Sim";5;0;3;0;2;0;3;2;-25,4767332;-49,20632601;"SPRF-PR";"DEL01-PR";"UOP01-DEL01-PR"
402414;2021-12-18;"sábado";"00:05:00";"RS";471;171,2;"RIO PARDO";"Ingestão de álcool e/ou substâncias psicoativas pelo pedestre";"Tombamento";"Com Vítimas Feridas";"Plena Noite";"Decrescente";"Céu Claro";"Simples";"Curva";"Sim";1;0;1;0;0;0;1;1;-29,95701676;-52,37182617;"SPRF-RS";"DEL02-RS";"UOP03-DEL02-RS"
402415;2021-12-18;"sábado";"00:34:00";"RN";101;136;"ARES";"Mal súbito do condutor";"Tombamento";"Com Vítimas Feridas";"Plena Noite";"Crescente";"Céu Claro";"Dupla";"Reta";"Não";1;0;0;1;0;0;1;1;-6,17193583;-35,21976075;"SPRF-RN";"DEL01-RN";"UOP01-DEL01-RN"
402416;2021-12-17;"sexta-feira";"23:50:00";"MG";116;764,7;"LEOPOLDINA";"Conversão proibida";"Colisão transversal";"Sem Vítimas";"Plena Noite";"Crescente";"Chuva";"Simples";"Reta";"Sim";2;0;0;0;2;0;0;2;-21,52171912;-42,64030314;"SPRF-MG";"DEL07-MG";"UOP01-DEL07-MG"
402417;2021-12-17;"sexta-feira";"18:30:00";"PE";232;30,8;"MORENO";"Entrada inopinada do pedestre";"Atropelamento de Pedestre";"Com Vítimas Feridas";"Plena Noite";"Decrescente";"Nublado";"Dupla";"Curva;Declive";"Não";2;0;0;1;1;0;1;2;-8,106288;-35,158959;"SPRF-PE";"DEL01-PE";"UOP01-DEL01-PE"
402418;2021-12-18;"sábado";"00:40:00";"SE";101;170,8;"SANTA LUZIA DO ITANHY";"Ausência de reação do condutor";"Colisão frontal";"Com Vítimas Feridas";"Plena Noite";"Crescente";"Garoa/Chuvisco";"Simples";"Reta";"Não";3;0;1;0;1;1;1;2;-11,32878328;-37,56697367;"SPRF-SE";"DEL02-SE";"UOP01-DEL02-SE"
402419;2021-12-18;"sábado";"00:20:00";"RS";290;467,2;"ROSARIO DO SUL";"Ausência de reação do condutor";"Saída de leito carroçável";"Com Vítimas Feridas";"Plena Noite";"Crescente";"Céu Claro";"Simples";"Reta";"Não";2;0;2;0;0;0;2;1;-30,238178;-54,787453;"SPRF-RS";"DEL11-RS";"UOP02-DEL11-RS"
402421;2021-12-17;"sexta-feira";"19:20:00";"PE";101;73;"RECIFE";"Transitar na contramão";"Colisão frontal";"Com Vítimas Feridas";"Plena Noite";"Crescente";"Céu Claro";"Dupla";"Reta";"Sim";2;0;0;1;1;0;1;2;-8,093369;-34,947464;"SPRF-PE";"DEL01-PE";"UOP01-DEL01-PE"
402422;2021-12-18;"sábado";"01:00:00";"RS";392;671,7;"SALVADOR DAS MISSOES";"Ausência de reação do condutor";"Saída de leito carroçável";"Com Vítimas Feridas";"Plena Noite";"Crescente";"Céu Claro";"Simples";"Reta";"Não";2;0;1;1;0;0;2;1;-28,12164987;-54,85149622;"SPRF-RS";"DEL10-RS";"UOP01-DEL10-RS"
402425;2021-12-18;"sábado";"01:45:00";"PR";277;579;"CASCAVEL";"Ingestão de álcool pelo condutor";"Capotamento";"Sem Vítimas";"Plena Noite";"Decrescente";"Céu Claro";"Simples";"Curva";"Não";1;0;0;0;1;0;0;1;-24,98298977;-53,359282;"SPRF-PR";"DEL04-PR";"UOP01-DEL04-PR"
402426;2021-12-17;"sexta-feira";"20:50:00";"RS";470;163;"VILA FLORES";"Manobra de mudança de faixa";"Saída de leito carroçável";"Com Vítimas Feridas";"Anoitecer";"Crescente";"Céu Claro";"Simples";"Aclive";"Não";1;0;1;0;0;0;1;1;-28,82878563;-51,57879674;"SPRF-RS";"DEL06-RS";"UOP02-DEL06-RS"
402428;2021-12-18;"sábado";"00:30:00";"SC";101;207;"SAO JOSE";"Ingestão de álcool pelo condutor";"Colisão transversal";"Sem Vítimas";"Plena Noite";"Decrescente";"Céu Claro";"Dupla";"Reta";"Sim";3;0;0;0;3;0;0;2;-27,59193546;-48,61824557;"SPRF-SC";"DEL01-SC";"UOP01-DEL01-SC"
402429;2021-12-18;"sábado";"02:00:00";"MG";381;489,2;"BETIM";"Velocidade Incompatível";"Saída de leito carroçável";"Sem Vítimas";"Plena Noite";"Crescente";"Garoa/Chuvisco";"Dupla";"Reta";"Sim";1;0;0;0;0;1;0;1;-19,96245618;-44,16455495;"SPRF-MG";"DEL01-MG";"UOP03-DEL01-MG"
402430;2021-12-18;"sábado";"01:10:00";"PR";116;158;"MANDIRITUBA";"Pedestre andava na pista";"Atropelamento de Pedestre";"Com Vítimas Feridas";"Plena Noite";"Decrescente";"Céu Claro";"Simples";"Curva";"Não";2;0;1;0;1;0;1;2;-25,86502418;-49,42287356;"SPRF-PR";"DEL01-PR";"UOP03-DEL01-PR"
402431;2021-12-18;"sábado";"00:30:00";"RO";319;62;"PORTO VELHO";"Condutor desrespeitou a iluminação vermelha do semáforo";"Colisão transversal";"Sem Vítimas";"Plena Noite";"Decrescente";"Céu Claro";"Dupla";"Interseção de Vias;Reta";"Sim";3;0;0;0;3;0;0;2;-8,755644;-63,88648;"SPRF-RO";"DEL01-RO";"UOP01-DEL01-RO"
402432;2021-12-18;"sábado";"01:40:00";"SC";101;41,8;"JOINVILLE";"Ingestão de álcool pelo condutor";"Saída de leito carroçável";"Sem Vítimas";"Plena Noite";"Crescente";"Garoa/Chuvisco";"Dupla";"Reta";"Sim";1;0;0;0;1;0;0;1;-26,28215489;-48,88973081;"SPRF-SC";"DEL03-SC";"UOP01-DEL03-SC"
402433;2021-12-18;"sábado";"02:30:00";"MG";381;861,5;"POUSO ALEGRE";"Velocidade Incompatível";"Colisão com objeto";"Com Vítimas Feridas";"Plena Noite";"Decrescente";"Nublado";"Dupla";"Curva";"Não";5;0;1;0;4;0;1;1;-22,36795485;-45,93285817;"SPRF-MG";"DEL16-MG";"UOP01-DEL16-MG"
402435;2021-12-18;"sábado";"01:30:00";"SC";101;130,5;"CAMBORIU";"Acumulo de água sobre o pavimento";"Capotamento";"Com Vítimas Feridas";"Plena Noite";"Decrescente";"Chuva";"Dupla";"Reta";"Não";2;0;0;2;0;0;2;1;-26,98407618;-48,66977107;"SPRF-SC";"DEL04-SC";"UOP03-DEL04-SC"
402436;2021-12-18;"sábado";"00:30:00";"RO";364;343;"JI-PARANA";"Reação tardia ou ineficiente do condutor";"Colisão traseira";"Com Vítimas Feridas";"Plena Noite";"Crescente";"Nublado";"Múltipla";"Reta";"Sim";1;0;1;0;0;0;1;1;-10,8787851919;-61,9449901218;"SPRF-RO";"DEL02-RO";"UOP01-DEL02-RO"
402437;2021-12-18;"sábado";"02:40:00";"PE";104;59,7;"CARUARU";"Acessar a via sem observar a presença dos outros veículos";"Colisão transversal";"Sem Vítimas";"Plena Noite";"Decrescente";"Céu Claro";"Dupla";"Reta";"Sim";2;0;0;0;2;0;0;2;-8,2349;-35,9764;"SPRF-PE";"DEL02-PE";"UOP01-DEL02-PE"
402438;2021-12-18;"sábado";"02:57:00";"MG";381;568,1;"ITAGUARA";"Velocidade Incompatível";"Capotamento";"Com Vítimas Feridas";"Plena Noite";"Crescente";"Chuva";"Dupla";"Reta";"Não";1;0;0;1;0;0;1;1;-20,42649228;-44,54458383;"SPRF-MG";"DEL04-MG";"UOP03-DEL04-MG"
402439;2021-12-18;"sábado";"02:30:00";"BA";324;610;"SIMOES FILHO";"Ausência de reação do condutor";"Tombamento";"Com Vítimas Feridas";"Plena Noite";"Decrescente";"Céu Claro";"Dupla";"Reta";"Não";1;0;1;0;0;0;1;1;-12,82931703;-38,41113193;"SPRF-BA";"DEL01-BA";"UOP01-DEL01-BA"
402440;2021-12-18;"sábado";"02:15:00";"MG";262;665,3;"IBIA";"Condutor Dormindo";"Saída de leito carroçável";"Com Vítimas Feridas";"Plena Noite";"Crescente";"Garoa/Chuvisco";"Simples";"Curva";"Não";2;0;2;0;0;0;2;1;-19,55527617;-46,75704315;"SPRF-MG";"DEL08-MG";"UOP01-DEL08-MG"
402441;2021-12-18;"sábado";"02:00:00";"PR";116;92,9;"SAO JOSE DOS PINHAIS";"Chuva";"Queda de ocupante de veículo";"Com Vítimas Feridas";"Plena Noite";"Crescente";"Garoa/Chuvisco";"Dupla";"Viaduto";"Não";1;0;1;0;0;0;1;1;-25,47691403;-49,09767498;"SPRF-PR";"DEL01-PR";"UOP01-DEL01-PR"
402442;2021-12-18;"sábado";"03:00:00";"SP";116;223,6;"GUARULHOS";"Ingestão de álcool pelo condutor";"Colisão com objeto";"Sem Vítimas";"Plena Noite";"Decrescente";"Nublado";"Múltipla";"Reta";"Não";1;0;0;0;1;0;0;1;-23,47559815;-46,5246609;"SPRF-SP";"DEL01-SP";"UOP01-DEL01-SP"
402443;2021-12-18;"sábado";"03:45:00";"RS";392;98;"MORRO REDONDO";"Pista Escorregadia";"Saída de leito carroçável";"Com Vítimas Feridas";"Plena Noite";"Crescente";"Céu Claro";"Simples";"Reta";"Não";1;0;1;0;0;0;1;1;-31,54809087;-52,5614389;"SPRF-RS";"DEL07-RS";"UOP01-DEL07-RS"
402446;2021-12-18;"sábado";"03:30:00";"SP";116;207;"GUARULHOS";"Ingestão de álcool pelo condutor";"Colisão com objeto";"Com Vítimas Feridas";"Plena Noite";"Decrescente";"Nublado";"Dupla";"Reta";"Sim";1;0;1;0;0;0;1;1;-23,41972188;-46,38419203;"SPRF-SP";"DEL01-SP";"UOP01-DEL01-SP"
402447;2021-12-17;"sexta-feira";"20:15:00";"SC";101;418;"ARARANGUA";"Conversão proibida";"Colisão frontal";"Com Vítimas Feridas";"Plena Noite";"Crescente";"Chuva";"Múltipla";"Reta";"Sim";3;0;1;1;1;0;2;2;-28,98044384;-49,53709515;"SPRF-SC";"DEL02-SC";"UOP02-DEL02-SC"
402448;2021-12-18;"sábado";"04:40:00";"ES";101;267;"SERRA";"Transitar na contramão";"Colisão frontal";"Com Vítimas Feridas";"Amanhecer";"Decrescente";"Céu Claro";"Múltipla";"Reta";"Sim";3;0;0;1;1;1;1;3;-20,19930999;-40,26884609;"SPRF-ES";"DEL02-ES";"UOP01-DEL02-ES"
402449;2021-12-18;"sábado";"04:40:00";"SC";101;123;"ITAJAI";"Ingestão de álcool pelo condutor";"Colisão traseira";"Com Vítimas Feridas";"Amanhecer";"Crescente";"Nublado";"Múltipla";"Interseção de Vias";"Sim";3;0;0;1;2;0;1;3;-26,93668609;-48,69876905;"SPRF-SC";"DEL04-SC";"UOP04-DEL04-SC"
402451;2021-12-18;"sábado";"04:30:00";"MA";10;257,9;"IMPERATRIZ";"Manobra de mudança de faixa";"Colisão frontal";"Com Vítimas Feridas";"Amanhecer";"Decrescente";"Céu Claro";"Simples";"Reta";"Sim";3;0;0;2;1;0;2;2;-5,48878358;-47,47199893;"SPRF-MA";"DEL04-MA";"UOP01-DEL04-MA"
402454;2021-12-18;"sábado";"05:10:00";"PR";277;586;"CASCAVEL";"Ausência de reação do condutor";"Tombamento";"Com Vítimas Feridas";"Amanhecer";"Crescente";"Céu Claro";"Dupla";"Reta";"Sim";1;0;1;0;0;0;1;1;-24,96727813;-53,42613816;"SPRF-PR";"DEL04-PR";"UOP01-DEL04-PR"
402455;2021-12-18;"sábado";"05:00:00";"DF";70;9;"BRASILIA";"Acessar a via sem observar a presença dos outros veículos";"Colisão transversal";"Com Vítimas Feridas";"Amanhecer";"Crescente";"Chuva";"Dupla";"Reta";"Sim";3;0;0;1;1;1;1;2;-15,784615;-48,132023;"SPRF-DF";"DEL03-DF";"UOP02-DEL03-DF"
402458;2021-12-18;"sábado";"05:45:00";"RS";158;328;"SANTA MARIA";"Ingestão de álcool pelo condutor";"Saída de leito carroçável";"Com Vítimas Feridas";"Pleno dia";"Decrescente";"Céu Claro";"Simples";"Reta";"Sim";1;0;0;1;0;0;1;1;-29,71112906;-53,81968204;"SPRF-RS";"DEL09-RS";"UOP01-DEL09-RS"
402459;2021-12-18;"sábado";"03:30:00";"PR";376;170,1;"MARINGA";"Velocidade Incompatível";"Capotamento";"Com Vítimas Feridas";"Plena Noite";"Crescente";"Céu Claro";"Dupla";"Reta";"Sim";1;0;1;0;0;0;1;1;-23,41595703;-51,97950402;"SPRF-PR";"DEL09-PR";"UOP01-DEL09-PR"
402462;2021-12-18;"sábado";"05:50:00";"SP";116;224;"GUARULHOS";"Chuva";"Incêndio";"Sem Vítimas";"Amanhecer";"Decrescente";"Nublado";"Múltipla";"Reta";"Sim";1;0;0;0;1;0;0;1;-23,48071896;-46,53271603;"SPRF-SP";"DEL01-SP";"UOP01-DEL01-SP"
402463;2021-12-18;"sábado";"06:00:00";"SP";381;22;"BRAGANCA PAULISTA";"Reação tardia ou ineficiente do condutor";"Colisão com objeto";"Sem Vítimas";"Amanhecer";"Decrescente";"Céu Claro";"Múltipla";"Reta";"Não";2;0;0;0;2;0;0;1;-22,99697186;-46,5163051;"SPRF-SP";"DEL03-SP";"UOP01-DEL03-SP"
402464;2021-12-18;"sábado";"06:30:00";"PR";277;729;"FOZ DO IGUACU";"Ingestão de álcool ou de substâncias psicoativas pelo pedestre";"Atropelamento de Pedestre";"Com Vítimas Feridas";"Pleno dia";"Decrescente";"Céu Claro";"Dupla";"Reta";"Sim";3;0;2;1;0;0;3;2;-25,50749887;-54,58379896;"SPRF-PR";"DEL05-PR";"UOP03-DEL05-PR"
402465;2021-12-18;"sábado";"03:10:00";"SC";101;93;"BARRA VELHA";"Reação tardia ou ineficiente do condutor";"Colisão com objeto";"Sem Vítimas";"Plena Noite";"Decrescente";"Nublado";"Dupla";"Reta";"Não";1;0;0;0;1;0;0;1;-26,6899011;-48,69663873;"SPRF-SC";"DEL03-SC";"UOP02-DEL03-SC"
402466;2021-12-18;"sábado";"06:30:00";"MG";40;527;"CONTAGEM";"Reação tardia ou ineficiente do condutor";"Colisão traseira";"Com Vítimas Feridas";"Pleno dia";"Decrescente";"Céu Claro";"Múltipla";"Curva";"Sim";4;0;1;2;1;0;3;3;-19,90391714;-44,0487876;"SPRF-MG";"DEL01-MG";"UOP02-DEL01-MG"
402467;2021-12-17;"sexta-feira";"20:50:00";"RJ";116;139;"DUQUE DE CAXIAS";"Ingestão de álcool pelo condutor";"Colisão traseira";"Sem Vítimas";"Plena Noite";"Decrescente";"Céu Claro";"Dupla";"Reta";"Sim";2;0;0;0;2;0;0;2;-22,64655224;-43,20138601;"SPRF-RJ";"DEL04-RJ";"UOP02-DEL04-RJ"
402468;2021-12-18;"sábado";"05:00:00";"SC";280;136;"RIO NEGRINHO";"Velocidade Incompatível";"Colisão traseira";"Com Vítimas Feridas";"Pleno dia";"Decrescente";"Céu Claro";"Simples";"Reta";"Não";2;0;1;0;1;0;1;2;-26,270102;-49,58121;"SPRF-SC";"DEL06-SC";"UOP03-DEL06-SC"
402471;2021-12-18;"sábado";"05:50:00";"RO";364;341,5;"JI-PARANA";"Transitar na contramão";"Colisão frontal";"Com Vítimas Feridas";"Amanhecer";"Crescente";"Nublado";"Dupla";"Ponte";"Sim";2;0;0;1;1;0;1;2;-10,88987987;-61,93126772;"SPRF-RO";"DEL02-RO";"UOP01-DEL02-RO"
402472;2021-12-18;"sábado";"06:00:00";"PR";277;167;"PALMEIRA";"Ingestão de álcool pelo condutor";"Capotamento";"Sem Vítimas";"Amanhecer";"Crescente";"Céu Claro";"Simples";"Rotatória;Interseção de Vias";"Não";1;0;0;0;1;0;0;1;-25,46815033;-49,9043132;"SPRF-PR";"DEL01-PR";"UOP03-DEL03-PR"
402474;2021-12-18;"sábado";"07:10:00";"MG";40;636,9;"CONSELHEIRO LAFAIETE";"Velocidade Incompatível";"Saída de leito carroçável";"Com Vítimas Feridas";"Pleno dia";"Crescente";"Céu Claro";"Simples";"Reta";"Não";2;0;2;0;0;0;2;1;-20,70680192;-43,79284622;"SPRF-MG";"DEL05-MG";"UOP02-DEL05-MG"
402475;2021-12-18;"sábado";"01:25:00";"RJ";101;396;"ITAGUAI";"Pedestre andava na pista";"Atropelamento de Pedestre";"Com Vítimas Feridas";"Plena Noite";"Crescente";"Nublado";"Dupla";"Reta";"Sim";2;0;0;1;0;1;1;2;-22,87854523;-43,73100666;"SPRF-RJ";"DEL03-RJ";"UOP01-DEL03-RJ"
402477;2021-12-18;"sábado";"06:30:00";"MT";158;765,5;"BARRA DO GARCAS";"Avarias e/ou desgaste excessivo no pneu";"Saída de leito carroçável";"Com Vítimas Feridas";"Amanhecer";"Crescente";"Garoa/Chuvisco";"Simples";"Reta";"Não";2;0;1;1;0;0;2;1;-15,62531698;-52,20765246;"SPRF-MT";"DEL07-MT";"UOP01-DEL07-MT"
402478;2021-12-14;"terça-feira";"07:20:00";"BA";324;528;"FEIRA DE SANTANA";"Reação tardia ou ineficiente do condutor";"Colisão lateral mesmo sentido";"Com Vítimas Feridas";"Pleno dia";"Crescente";"Céu Claro";"Dupla";"Reta";"Não";3;0;2;0;1;0;2;2;-12,31728191;-38,87612093;"SPRF-BA";"DEL01-BA";"UOP03-DEL01-BA"
402480;2021-12-18;"sábado";"07:09:00";"MG";381;943,2;"EXTREMA";"Velocidade Incompatível";"Engavetamento";"Com Vítimas Feridas";"Amanhecer";"Decrescente";"Nublado";"Dupla";"Reta";"Sim";5;0;1;0;4;0;1;4;-22,87018424;-46,3581479;"SPRF-MG";"DEL16-MG";"UOP03-DEL16-MG"
402481;2021-12-18;"sábado";"07:10:00";"MS";436;5;"APARECIDA DO TABOADO";"Manobra de mudança de faixa";"Colisão frontal";"Com Vítimas Feridas";"Pleno dia";"Crescente";"Céu Claro";"Simples";"Reta";"Não";2;0;2;0;0;0;2;2;-20,087124;-51,09403;"SPRF-MS";"DEL08-MS";"UOP01-DEL08-MS"
402483;2021-12-18;"sábado";"07:10:00";"RR";401;1;"BOA VISTA";"Ingestão de álcool pelo condutor";"Colisão lateral mesmo sentido";"Sem Vítimas";"Pleno dia";"Decrescente";"Céu Claro";"Múltipla";"Reta";"Sim";2;0;0;0;2;0;0;2;2,80353674;-60,68457697;"SPRF-RR";"DEL01-RR";"UOP01-DEL01-RR"