"id";"data_inversa";"dia_semana";"horario";"uf";"br";"km";"municipio";"causa_acidente";"tipo_acidente";"classificacao_acidente";"fase_dia";"sentido_via";"condicao_metereologica";"tipo_pista";"tracado_via";"uso_solo";"pessoas";"mortos";"feridos_leves";"feridos_graves";"ilesos";"ignorados";"feridos";"veiculos";"latitude";"longitude";"regional";"delegacia";"uop"
402484;2021-12-17;"sexta-feira";"13:30:00";"MG";262;35;"MANHUACU";"Acesso irregular";"Colisão frontal";"Com Vítimas Feridas";"Pleno dia";"Decrescente";"Nublado";"Simples";"Reta";"Sim";2;0;1;0;1;0;1;2;-20,2592562;-42,01698194;"SPRF-MG";"DEL06-MG";"UOP03-DEL06-MG"
402485;2021-12-18;"sábado";"08:20:00";"PE";232;133,8;"CARUARU";"Reação tardia ou ineficiente do condutor";"Saída de leito carroçável";"Com Vítimas Feridas";"Pleno dia";"Crescente";"Céu Claro";"Dupla";"Reta";"Sim";1;0;1;0;0;0;1;1;-8,30607988;-36,01576003;"SPRF-PE";"DEL02-PE";"UOP03-DEL02-PE"
402487;2021-12-18;"sábado";"09:15:00";"RN";406;143,2;"CEARA-MIRIM";"Animais na Pista";"Colisão traseira";"Com Vítimas Feridas";"Pleno dia";"Decrescente";"Céu Claro";"Simples";"Declive;Reta";"Não";3;0;3;0;0;0;3;2;-5,64816875;-35,49487003;"SPRF-RN";"DEL02-RN";"UOP01-DEL02-RN"
402488;2021-12-18;"sábado";"09:00:00";"MG";116;559;"MANHUACU";"Acessar a via sem observar a presença dos outros veículos";"Colisão transversal";"Com Vítimas Feridas";"Pleno dia";"Crescente";"Céu Claro";"Simples";"Interseção de Vias";"Não";2;0;2;0;0;0;2;2;-20,02244485;-42,16688102;"SPRF-MG";"DEL06-MG";"UOP03-DEL06-MG"
402489;2021-12-18;"sábado";"08:30:00";"MG";40;709,9;"BARBACENA";"Demais falhas mecânicas ou elétricas";"Colisão com objeto";"Sem Vítimas";"Pleno dia";"Crescente";"Céu Claro";"Dupla";"Curva";"Não";2;0;0;0;2;0;0;1;-21,245065;-43,687532;"SPRF-MG";"DEL05-MG";"UOP02-DEL05-MG"
402490;2021-12-18;"sábado";"09:20:00";"PR";369;193,3;"APUCARANA";"Reação tardia ou ineficiente do condutor";"Colisão traseira";"Com Vítimas Feridas";"Pleno dia";"Decrescente";"Céu Claro";"Dupla";"Reta";"Não";2;0;1;1;0;0;2;2;-23,48352;-51,423799;"SPRF-PR";"DEL07-PR";"UOP02-DEL07-PR"
402499;2021-12-18;"sábado";"10:15:00";"MG";153;190;"FRUTAL";"Obras na pista";"Colisão traseira";"Com Vítimas Feridas";"Pleno dia";"Crescente";"Céu Claro";"Simples";"Em Obras";"Não";4;0;0;1;3;0;1;2;-19,94033745;-48,95790887;"SPRF-MG";"DEL13-MG";"UOP02-DEL13-MG"
402500;2021-12-18;"sábado";"10:20:00";"RS";158;327,6;"SANTA MARIA";"Reação tardia ou ineficiente do condutor";"Saída de leito carroçável";"Com Vítimas Feridas";"Pleno dia";"Crescente";"Céu Claro";"Simples";"Reta";"Sim";1;0;1;0;0;0;1;1;-29,71037523;-53,821536;"SPRF-RS";"DEL09-RS";"UOP01-DEL09-RS"
402501;2021-12-18;"sábado";"08:40:00";"BA";101;925;"MUCURI";"Condutor Dormindo";"Capotamento";"Com Vítimas Feridas";"Pleno dia";"Decrescente";"Céu Claro";"Simples";"Reta";"Não";1;0;1;0;0;0;1;1;-18,12239798;-39,89045705;"SPRF-BA";"DEL09-BA";"UOP02-DEL09-BA"
402503;2021-12-18;"sábado";"10:00:00";"SP";116;299;"SAO LOURENCO DA SERRA";"Velocidade Incompatível";"Capotamento";"Sem Vítimas";"Pleno dia";"Decrescente";"Garoa/Chuvisco";"Dupla";"Curva";"Sim";1;0;0;0;1;0;0;1;-23,79881101;-46,91523899;"SPRF-SP";"DEL04-SP";"UOP01-DEL04-SP"
402504;2021-12-18;"sábado";"07:00:00";"MG";381;799;"SAO GONCALO DO SAPUCAI";"Velocidade Incompatível";"Saída de leito carroçável";"Com Vítimas Feridas";"Pleno dia";"Crescente";"Chuva";"Dupla";"Declive;Curva";"Não";3;0;2;0;1;0;2;1;-21,97237106;-45,63123585;"SPRF-MG";"DEL16-MG";"UOP02-DEL16-MG"
402505;2021-12-17;"sexta-feira";"23:55:00";"BA";407;175;"PONTO NOVO";"Ingestão de álcool pelo condutor";"Saída de leito carroçável";"Com Vítimas Feridas";"Plena Noite";"Decrescente";"Céu Claro";"Simples";"Reta";"Não";1;0;1;0;0;0;1;1;-10,88405899;-40,10993487;"SPRF-BA";"DEL04-BA";"UOP02-DEL04-BA"
402506;2021-12-18;"sábado";"10:10:00";"MG";381;598,3;"CARMOPOLIS DE MINAS";"Velocidade Incompatível";"Saída de leito carroçável";"Com Vítimas Feridas";"Pleno dia";"Crescente";"Chuva";"Dupla";"Reta;Aclive";"Não";1;0;1;0;0;0;1;1;-20,59519;-44,706397;"SPRF-MG";"DEL04-MG";"UOP01-DEL04-MG"
402511;2021-12-18;"sábado";"09:20:00";"RO";319;60;"PORTO VELHO";"Reação tardia ou ineficiente do condutor";"Colisão traseira";"Com Vítimas Feridas";"Pleno dia";"Crescente";"Nublado";"Múltipla";"Reta;Interseção de Vias";"Sim";3;0;1;0;2;0;1;2;-8,766685;-63,884052;"SPRF-RO";"DEL01-RO";"UOP01-DEL01-RO"
402512;2021-12-18;"sábado";"09:30:00";"DF";80;10,7;"BRASILIA";"Ultrapassagem Indevida";"Colisão transversal";"Com Vítimas Feridas";"Pleno dia";"Decrescente";"Nublado";"Simples";"Reta";"Não";2;0;0;1;1;0;1;2;-15,73092049;-48,1751132;"SPRF-DF";"DEL03-DF";"UOP02-DEL03-DF"
402513;2021-12-18;"sábado";"10:30:00";"ES";262;39;"DOMINGOS MARTINS";"Reação tardia ou ineficiente do condutor";"Colisão frontal";"Com Vítimas Feridas";"Pleno dia";"Crescente";"Chuva";"Simples";"Curva";"Não";9;0;2;0;7;0;2;4;-20,3802679;-40,63000864;"SPRF-ES";"DEL01-ES";"UOP01-DEL01-ES"
402514;2021-12-18;"sábado";"11:00:00";"DF";20;19;"BRASILIA";"Acessar a via sem observar a presença dos outros veículos";"Colisão lateral mesmo sentido";"Sem Vítimas";"Pleno dia";"Crescente";"Nublado";"Dupla";"Declive";"Sim";2;0;0;0;2;0;0;2;-15,612175;-47,700928;"SPRF-DF";"DEL02-DF";"UOP01-DEL02-DF"
402515;2021-12-18;"sábado";"11:10:00";"ES";262;2;"CARIACICA";"Chuva";"Tombamento";"Com Vítimas Feridas";"Pleno dia";"Decrescente";"Chuva";"Múltipla";"Curva";"Sim";1;0;0;1;0;0;1;1;-20,33275688;-40,36077696;"SPRF-ES";"DEL01-ES";"UOP01-DEL01-ES"
402517;2021-12-18;"sábado";"09:20:00";"RJ";101;228;"SILVA JARDIM";"Acumulo de água sobre o pavimento";"Colisão com objeto";"Sem Vítimas";"Pleno dia";"Decrescente";"Chuva";"Dupla";"Reta";"Não";1;0;0;0;1;0;0;1;-22,56241824;-42,35993577;"SPRF-RJ";"DEL02-RJ";"UOP03-DEL02-RJ"
402518;2021-12-18;"sábado";"09:30:00";"RJ";101;249;"SILVA JARDIM";"Chuva";"Colisão com objeto";"Sem Vítimas";"Pleno dia";"Crescente";"Chuva";"Dupla";"Curva";"Não";1;0;0;0;1;0;0;1;-22,66899692;-42,50868109;"SPRF-RJ";"DEL02-RJ";"UOP03-DEL02-RJ"
402520;2021-12-18;"sábado";"10:20:00";"MG";381;520,6;"IGARAPE";"Velocidade Incompatível";"Engavetamento";"Com Vítimas Feridas";"Pleno dia";"Decrescente";"Nublado";"Dupla";"Curva;Aclive";"Não";4;0;1;0;3;0;1;3;-20,13363702;-44,309515;"SPRF-MG";"DEL04-MG";"UOP03-DEL04-MG"
402521;2021-12-18;"sábado";"11:30:00";"RJ";393;230;"VASSOURAS";"Acessar a via sem observar a presença dos outros veículos";"Colisão transversal";"Com Vítimas Fatais";"Pleno dia";"Decrescente";"Nublado";"Simples";"Reta";"Não";3;1;0;2;0;0;2;2;-22,35978921;-43,60229587;"SPRF-RJ";"DEL05-RJ";"UOP03-DEL05-RJ"
402522;2021-12-18;"sábado";"07:50:00";"CE";222;56,2;"SAO GONCALO DO AMARANTE";"Condutor deixou de manter distância do veículo da frente";"Colisão traseira";"Com Vítimas Feridas";"Pleno dia";"Decrescente";"Céu Claro";"Simples";"Reta";"Não";6;0;4;0;2;0;4;2;-3,6696788;-39,04523401;"SPRF-CE";"DEL01-CE";"UOP03-DEL01-CE"
402523;2021-12-18;"sábado";"11:15:00";"MA";222;672,9;"ACAILANDIA";"Condutor deixou de manter distância do veículo da frente";"Colisão traseira";"Com Vítimas Feridas";"Pleno dia";"Crescente";"Céu Claro";"Simples";"Declive";"Sim";2;0;0;1;1;0;1;2;-4,92508085;-47,43821808;"SPRF-MA";"DEL04-MA";"UOP03-DEL04-MA"
402524;2021-12-18;"sábado";"11:20:00";"MS";163;444,1;"CAMPO GRANDE";"Ultrapassagem Indevida";"Saída de leito carroçável";"Com Vítimas Feridas";"Pleno dia";"Crescente";"Nublado";"Simples";"Declive";"Não";3;0;1;1;1;0;2;1;-20,77690106;-54,52577118;"SPRF-MS";"DEL01-MS";"UOP01-DEL01-MS"
402525;2021-12-18;"sábado";"11:30:00";"RO";319;62;"PORTO VELHO";"Acessar a via sem observar a presença dos outros veículos";"Colisão transversal";"Com Vítimas Feridas";"Pleno dia";"Crescente";"Nublado";"Dupla";"Interseção de Vias";"Sim";3;0;2;0;1;0;2;2;-8,75141913;-63,88762593;"SPRF-RO";"DEL01-RO";"UOP01-DEL01-RO"
402526;2021-12-18;"sábado";"12:20:00";"RJ";101;196;"CASIMIRO DE ABREU";"Chuva";"Colisão transversal";"Com Vítimas Feridas";"Pleno dia";"Decrescente";"Chuva";"Dupla";"Curva";"Não";3;0;1;0;2;0;1;3;-22,49207101;-42,10926701;"SPRF-RJ";"DEL08-RJ";"UOP04-DEL08-RJ"
402528;2021-12-18;"sábado";"12:30:00";"RS";470;213,5;"BENTO GONCALVES";"Acessar a via sem observar a presença dos outros veículos";"Colisão transversal";"Com Vítimas Feridas";"Pleno dia";"Crescente";"Céu Claro";"Simples";"Reta";"Sim";3;0;1;0;2;0;1;2;-29,14802633;-51,53139537;"SPRF-RS";"DEL06-RS";"UOP01-DEL06-RS"
402531;2021-12-18;"sábado";"07:00:00";"MG";262;33,8;"MANHUACU";"Velocidade Incompatível";"Tombamento";"Com Vítimas Feridas";"Pleno dia";"Crescente";"Nublado";"Simples";"Declive;Curva";"Sim";1;0;0;1;0;0;1;1;-20,25550548;-42,00465315;"SPRF-MG";"DEL06-MG";"UOP03-DEL06-MG"
402532;2021-12-18;"sábado";"08:50:00";"MG";116;790,2;"ALEM PARAIBA";"Avarias e/ou desgaste excessivo no pneu";"Saída de leito carroçável";"Com Vítimas Feridas";"Pleno dia";"Decrescente";"Chuva";"Simples";"Curva;Aclive";"Não";2;0;1;1;0;0;2;1;-21,67548514;-42,73250632;"SPRF-MG";"DEL07-MG";"UOP01-DEL07-MG"
402533;2021-12-18;"sábado";"12:45:00";"MG";381;504;"BETIM";"Manobra de mudança de faixa";"Colisão lateral mesmo sentido";"Com Vítimas Feridas";"Pleno dia";"Decrescente";"Céu Claro";"Dupla";"Reta";"Não";2;0;1;0;0;1;1;2;-20,04164508;-44,26386697;"SPRF-MG";"DEL01-MG";"UOP03-DEL01-MG"
402534;2021-12-18;"sábado";"12:26:00";"SP";153;11,7;"ICEM";"Frear bruscamente";"Saída de leito carroçável";"Com Vítimas Feridas";"Pleno dia";"Crescente";"Nublado";"Simples";"Reta";"Não";5;0;1;0;4;0;1;1;-20,40386008;-49,24534986;"SPRF-SP";"DEL09-SP";"UOP01-DEL09-SP"
402535;2021-12-18;"sábado";"10:10:00";"MG";267;24,1;"ARGIRITA";"Chuva";"Colisão frontal";"Com Vítimas Feridas";"Pleno dia";"Crescente";"Chuva";"Simples";"Declive;Curva";"Não";3;0;2;1;0;0;3;2;-21,61499977;-42,8097229;"SPRF-MG";"DEL07-MG";"UOP01-DEL07-MG"
402536;2021-12-18;"sábado";"13:00:00";"MG";365;69,3;"JEQUITAI";"Velocidade Incompatível";"Saída de leito carroçável";"Com Vítimas Feridas";"Pleno dia";"Crescente";"Chuva";"Simples";"Reta;Aclive";"Não";3;0;3;0;0;0;3;1;-17,07222805;-44,33952581;"SPRF-MG";"DEL12-MG";"UOP01-DEL12-MG"
402537;2021-12-18;"sábado";"13:50:00";"RJ";101;96,7;"CAMPOS DOS GOYTACAZES";"Chuva";"Colisão com objeto";"Com Vítimas Feridas";"Pleno dia";"Decrescente";"Chuva";"Dupla";"Curva";"Não";2;0;2;0;0;0;2;1;-21,86928639;-41,55659304;"SPRF-RJ";"DEL08-RJ";"UOP02-DEL08-RJ"
402539;2021-12-18;"sábado";"11:30:00";"RN";101;85,6;"SAO GONCALO DO AMARANTE";"Manobra de mudança de faixa";"Colisão lateral mesmo sentido";"Com Vítimas Feridas";"Pleno dia";"Crescente";"Céu Claro";"Dupla";"Ponte";"Não";2;0;1;0;0;1;1;2;-5,777664;-35,24937;"SPRF-RN";"DEL02-RN";"UOP01-DEL02-RN"
402540;2021-12-18;"sábado";"12:30:00";"PE";232;427,9;"SERRA TALHADA";"Ultrapassagem Indevida";"Saída de leito carroçável";"Com Vítimas Feridas";"Pleno dia";"Decrescente";"Céu Claro";"Simples";"Declive";"Não";1;0;1;0;0;0;1;1;-8,00237807;-38,447033;"SPRF-PE";"DEL04-PE";"UOP01-DEL04-PE"
402541;2021-12-18;"sábado";"02:10:00";"SC";280;114,6;"SAO BENTO DO SUL";"Transitar na contramão";"Colisão frontal";"Com Vítimas Fatais";"Plena Noite";"Crescente";"Nevoeiro/Neblina";"Simples";"Curva";"Não";5;1;1;0;0;3;1;3;-26,276803;-49,4197252;"SPRF-SC";"DEL06-SC";"UOP03-DEL06-SC"
402542;2021-12-18;"sábado";"09:05:00";"RJ";101;391;"RIO DE JANEIRO";"Ausência de reação do condutor";"Colisão traseira";"Com Vítimas Feridas";"Pleno dia";"Decrescente";"Chuva";"Dupla";"Reta";"Não";7;0;6;0;0;1;6;2;-22,894827;-43,68492;"SPRF-RJ";"DEL03-RJ";"UOP01-DEL03-RJ"
402544;2021-12-18;"sábado";"14:00:00";"SC";101;135,3;"BALNEARIO CAMBORIU";"Trafegar com motocicleta (ou similar) entre as faixas";"Colisão traseira";"Com Vítimas Feridas";"Pleno dia";"Crescente";"Céu Claro";"Dupla";"Reta";"Sim";2;0;1;0;1;0;1;2;-27,0050108;-48,62677494;"SPRF-SC";"DEL04-SC";"UOP03-DEL04-SC"
402546;2021-12-18;"sábado";"14:00:00";"PE";104;20,6;"TAQUARITINGA DO NORTE";"Ausência de reação do condutor";"Saída de leito carroçável";"Com Vítimas Feridas";"Pleno dia";"Crescente";"Céu Claro";"Simples";"Curva";"Não";5;0;2;0;3;0;2;1;-7,962674;-36,124897;"SPRF-PE";"DEL02-PE";"UOP01-DEL02-PE"
402547;2021-12-18;"sábado";"14:40:00";"ES";101;363;"ANCHIETA";"Chuva";"Saída de leito carroçável";"Sem Vítimas";"Pleno dia";"Crescente";"Chuva";"Simples";"Curva";"Não";1;0;0;0;1;0;0;1;-20,72058178;-40,73858925;"SPRF-ES";"DEL03-ES";"UOP01-DEL03-ES"
402548;2021-12-18;"sábado";"07:50:00";"SC";163;115,3;"DIONISIO CERQUEIRA";"Velocidade Incompatível";"Saída de leito carroçável";"Com Vítimas Feridas";"Pleno dia";"Decrescente";"Céu Claro";"Simples";"Declive;Reta";"Não";1;0;1;0;0;0;1;1;-26,36827905;-53,53348015;"SPRF-SC";"DEL07-SC";"UOP03-DEL07-SC"
402549;2021-12-18;"sábado";"14:30:00";"PR";116;15;"CAMPINA GRANDE DO SUL";"Pista Escorregadia";"Saída de leito carroçável";"Com Vítimas Feridas";"Pleno dia";"Crescente";"Chuva";"Dupla";"Curva";"Não";3;0;1;0;2;0;1;1;-25,09832756;-48,68266005;"SPRF-PR";"DEL01-PR";"UOP02-DEL01-PR"
402550;2021-12-18;"sábado";"14:50:00";"SP";116;34,3;"CACHOEIRA PAULISTA";"Manobra de mudança de faixa";"Colisão lateral mesmo sentido";"Com Vítimas Feridas";"Pleno dia";"Crescente";"Céu Claro";"Dupla";"Reta";"Não";2;0;1;0;1;0;1;2;-22,65447396;-44,95940103;"SPRF-SP";"DEL08-SP";"UOP02-DEL08-SP"
402551;2021-12-18;"sábado";"10:30:00";"MG";381;178;"GOVERNADOR VALADARES";"Condutor deixou de manter distância do veículo da frente";"Colisão traseira";"Com Vítimas Feridas";"Pleno dia";"Crescente";"Céu Claro";"Simples";"Reta";"Não";3;0;0;1;1;1;1;2;-19,02403311;-42,14619668;"SPRF-MG";"DEL06-MG";"UOP01-DEL06-MG"
402552;2021-12-18;"sábado";"13:38:00";"SC";101;89,2;"BARRA VELHA";"Ingestão de álcool pelo condutor";"Colisão com objeto";"Com Vítimas Feridas";"Pleno dia";"Crescente";"Sol";"Múltipla";"Reta";"Sim";1;0;1;0;0;0;1;1;-26,65175997;-48,68721921;"SPRF-SC";"DEL03-SC";"UOP02-DEL03-SC"
402554;2021-12-18;"sábado";"14:00:00";"BA";101;490;"ITAJUIPE";"Acumulo de água sobre o pavimento";"Saída de leito carroçável";"Com Vítimas Feridas";"Pleno dia";"Crescente";"Nublado";"Simples";"Aclive";"Não";2;0;2;0;0;0;2;1;-14,70316498;-39,36401367;"SPRF-BA";"DEL05-BA";"UOP01-DEL05-BA"
402556;2021-12-18;"sábado";"15:45:00";"SC";101;118,9;"ITAJAI";"Reação tardia ou ineficiente do condutor";"Engavetamento";"Com Vítimas Feridas";"Pleno dia";"Crescente";"Nublado";"Múltipla";"Reta";"Sim";3;0;1;0;1;1;1;3;-26,895859;-48,71903;"SPRF-SC";"DEL04-SC";"UOP04-DEL04-SC"
402558;2021-12-18;"sábado";"14:50:00";"PA";316;109;"SANTA MARIA DO PARA";"Acessar a via sem observar a presença dos outros veículos";"Colisão transversal";"Com Vítimas Feridas";"Pleno dia";"Crescente";"Nublado";"Simples";"Reta";"Não";2;0;1;0;1;0;1;2;-1,32781713;-47,5277589;"SPRF-PA";"DEL01-PA";"UOP02-DEL01-PA"
402559;2021-12-18;"sábado";"15:45:00";"SP";101;51;"UBATUBA";"Trafegar com motocicleta (ou similar) entre as faixas";"Colisão transversal";"Com Vítimas Feridas";"Pleno dia";"Decrescente";"Chuva";"Simples";"Reta";"Sim";2;0;1;0;1;0;1;2;-23,45964129;-45,06761497;"SPRF-SP";"DEL06-SP";"UOP01-DEL06-SP"
402560;2021-12-18;"sábado";"14:30:00";"GO";20;105;"VILA BOA";"Ausência de reação do condutor";"Saída de leito carroçável";"Com Vítimas Feridas";"Pleno dia";"Crescente";"Nublado";"Dupla";"Retorno Regulamentado";"Não";4;0;1;1;2;0;2;1;-14,918053;-46,957489;"SPRF-DF";"DEL02-DF";"UOP01-DEL02-DF"
402561;2021-12-18;"sábado";"15:22:00";"ES";101;253,4;"SERRA";"Ingestão de álcool pelo condutor";"Atropelamento de Pedestre";"Com Vítimas Feridas";"Pleno dia";"Crescente";"Chuva";"Simples";"Reta";"Sim";4;0;2;0;1;1;2;2;-20,10336754;-40,33383553;"SPRF-ES";"DEL02-ES";"UOP01-DEL02-ES"
402562;2021-12-18;"sábado";"15:40:00";"PR";116;21;"ANTONINA";"Chuva";"Saída de leito carroçável";"Sem Vítimas";"Pleno dia";"Crescente";"Chuva";"Dupla";"Reta";"Não";1;0;0;0;0;1;0;1;-25,10427672;-48,73857029;"SPRF-PR";"DEL01-PR";"UOP02-DEL01-PR"
402566;2021-12-18;"sábado";"14:40:00";"BA";324;620;"SALVADOR";"Manobra de mudança de faixa";"Colisão traseira";"Com Vítimas Feridas";"Pleno dia";"Decrescente";"Céu Claro";"Dupla";"Reta";"Sim";2;0;1;0;1;0;1;2;-12,90482172;-38,45556535;"SPRF-BA";"DEL01-BA";"UOP01-DEL01-BA"
402567;2021-12-18;"sábado";"15:00:00";"SC";101;217;"PALHOCA";"Velocidade Incompatível";"Colisão lateral mesmo sentido";"Sem Vítimas";"Pleno dia";"Decrescente";"Garoa/Chuvisco";"Múltipla";"Reta";"Sim";2;0;0;0;1;1;0;2;-27,66779034;-48,67393586;"SPRF-SC";"DEL01-SC";"UOP02-DEL01-SC"
402569;2021-12-18;"sábado";"15:50:00";"SC";101;142,6;"ITAPEMA";"Manobra de mudança de faixa";"Colisão lateral mesmo sentido";"Com Vítimas Feridas";"Pleno dia";"Crescente";"Nublado";"Simples";"Reta";"Sim";2;0;0;1;1;0;1;2;-27,056089;-48,599449;"SPRF-SC";"DEL04-SC";"UOP03-DEL04-SC"
402572;2021-12-18;"sábado";"13:50:00";"AC";364;137;"RIO BRANCO";"Reação tardia ou ineficiente do condutor";"Colisão traseira";"Com Vítimas Feridas";"Pleno dia";"Decrescente";"Nublado";"Dupla";"Reta";"Sim";2;0;1;0;1;0;1;2;-9,96935404;-67,85264513;"SPRF-AC";"DEL01-AC";"UOP01-DEL01-AC"
402573;2021-12-18;"sábado";"16:00:00";"MG";262;361,4;"BETIM";"Ingestão de álcool pelo condutor";"Saída de leito carroçável";"Sem Vítimas";"Pleno dia";"Crescente";"Nublado";"Dupla";"Reta";"Sim";1;0;0;0;1;0;0;1;-19,97906129;-44,21765208;"SPRF-MG";"DEL01-MG";"UOP03-DEL01-MG"
402574;2021-12-18;"sábado";"15:20:00";"PR";369;139;"IBIPORA";"Condutor deixou de manter distância do veículo da frente";"Colisão traseira";"Com Vítimas Feridas";"Pleno dia";"Decrescente";"Céu Claro";"Dupla";"Reta";"Sim";2;0;0;1;1;0;1;2;-23,27894798;-51,06610537;"SPRF-PR";"DEL07-PR";"UOP01-DEL07-PR"
402575;2021-12-18;"sábado";"15:55:00";"RS";116;114,5;"SAO MARCOS";"Frear bruscamente";"Colisão traseira";"Com Vítimas Fatais";"Pleno dia";"Decrescente";"Céu Claro";"Simples";"Declive";"Sim";2;1;0;0;1;0;0;2;-28,96397179;-51,0753428;"SPRF-RS";"DEL05-RS";"UOP01-DEL05-RS"
402576;2021-12-18;"sábado";"15:30:00";"MG";116;265,5;"TEOFILO OTONI";"Demais falhas na via";"Saída de leito carroçável";"Com Vítimas Feridas";"Pleno dia";"Decrescente";"Garoa/Chuvisco";"Simples";"Declive";"Não";4;0;3;0;1;0;3;1;-17,762903;-41,50256799;"SPRF-MG";"DEL11-MG";"UOP01-DEL11-MG"
402577;2021-12-18;"sábado";"15:45:00";"ES";101;148,3;"LINHARES";"Ingestão de álcool pelo condutor";"Colisão traseira";"Com Vítimas Feridas";"Pleno dia";"Crescente";"Chuva";"Múltipla";"Reta";"Sim";2;0;1;0;1;0;1;2;-19,39237483;-40,0667578;"SPRF-ES";"DEL04-ES";"UOP01-DEL04-ES"
402578;2021-12-18;"sábado";"16:55:00";"GO";40;5,9;"VALPARAISO DE GOIAS";"Manobra de mudança de faixa";"Colisão traseira";"Com Vítimas Feridas";"Plena Noite";"Decrescente";"Garoa/Chuvisco";"Dupla";"Reta";"Não";3;0;1;0;0;2;1;3;-16,093134;-47,982236;"SPRF-DF";"DEL01-DF";"UOP01-DEL01-DF"
402580;2021-12-17;"sexta-feira";"18:00:00";"RJ";101;341;"RIO DE JANEIRO";"Frear bruscamente";"Colisão lateral mesmo sentido";"Sem Vítimas";"Anoitecer";"Decrescente";"Nublado";"Múltipla";"Reta";"Sim";4;0;0;0;4;0;0;1;-22,85273598;-43,24772929;"SPRF-RJ";"DEL01-RJ";"UOP01-DEL01-RJ"
402581;2021-12-18;"sábado";"16:45:00";"PR";277;717,3;"SANTA TEREZINHA DE ITAIPU";"Mal súbito do condutor";"Saída de leito carroçável";"Com Vítimas Feridas";"Pleno dia";"Crescente";"Sol";"Dupla";"Declive";"Não";1;0;1;0;0;0;1;1;-25,47637493;-54,47651902;"SPRF-PR";"DEL05-PR";"UOP01-DEL05-PR"
402582;2021-12-18;"sábado";"16:50:00";"RJ";40;21;"TRES RIOS";"Transitar na contramão";"Colisão lateral sentido oposto";"Com Vítimas Feridas";"Pleno dia";"Decrescente";"Céu Claro";"Dupla";"Reta";"Não";2;0;1;0;1;0;1;2;-22,11423526;-43,15858581;"SPRF-RJ";"DEL05-RJ";"UOP02-DEL05-RJ"
402583;2021-12-18;"sábado";"17:05:00";"PR";277;41,8;"MORRETES";"Demais falhas mecânicas ou elétricas";"Incêndio";"Sem Vítimas";"Pleno dia";"Crescente";"Chuva";"Dupla";"Curva";"Não";1;0;0;0;1;0;0;1;-25,57183811;-48,83586205;"SPRF-PR";"DEL01-PR";"UOP05-DEL01-PR"
402584;2021-12-18;"sábado";"16:30:00";"PE";104;66;"CARUARU";"Condutor deixou de manter distância do veículo da frente";"Colisão traseira";"Com Vítimas Feridas";"Pleno dia";"Crescente";"Céu Claro";"Dupla";"Reta";"Sim";2;0;1;0;1;0;1;2;-8,29410689;-35,98674774;"SPRF-PE";"DEL02-PE";"UOP01-DEL02-PE"
402585;2021-12-18;"sábado";"14:45:00";"GO";20;219,4;"POSSE";"Chuva";"Saída de leito carroçável";"Com Vítimas Feridas";"Pleno dia";"Crescente";"Chuva";"Simples";"Reta";"Não";1;0;1;0;0;0;1;1;-14,206588;-46,333511;"SPRF-DF";"DEL02-DF";"UOP03-DEL02-DF"
402586;2021-12-18;"sábado";"12:45:00";"MG";262;426,2;"SAO GONCALO DO PARA";"Velocidade Incompatível";"Saída de leito carroçável";"Com Vítimas Feridas";"Pleno dia";"Crescente";"Sol";"Dupla";"Declive";"Não";2;0;1;1;0;0;2;1;-19,89007734;-44,83280182;"SPRF-MG";"DEL08-MG";"UOP03-DEL08-MG"
402590;2021-12-18;"sábado";"14:00:00";"GO";70;365;"GOIAS";"Acessar a via sem observar a presença dos outros veículos";"Colisão transversal";"Com Vítimas Feridas";"Pleno dia";"Crescente";"Céu Claro";"Simples";"Interseção de Vias";"Não";2;0;1;0;1;0;1;2;-15,89534882;-50,44062194;"SPRF-GO";"DEL04-GO";"UOP01-DEL04-GO"
402592;2021-12-18;"sábado";"16:00:00";"PR";116;69;"CAMPINA GRANDE DO SUL";"Chuva";"Colisão com objeto";"Sem Vítimas";"Pleno dia";"Decrescente";"Nublado";"Dupla";"Reta";"Não";1;0;0;0;0;1;0;1;-25,33112288;-49,03156015;"SPRF-PR";"DEL01-PR";"UOP02-DEL01-PR"
402594;2021-12-18;"sábado";"17:50:00";"RS";290;107;"ELDORADO DO SUL";"Condutor deixou de manter distância do veículo da frente";"Engavetamento";"Sem Vítimas";"Pleno dia";"Decrescente";"Céu Claro";"Dupla";"Curva";"Sim";4;0;0;0;4;0;0;3;-30,00215458;-51,30708575;"SPRF-RS";"DEL02-RS";"UOP01-DEL02-RS"
402595;2021-12-18;"sábado";"18:15:00";"SE";235;2;"ARACAJU";"Ingestão de álcool pelo condutor";"Colisão traseira";"Com Vítimas Feridas";"Plena Noite";"Crescente";"Céu Claro";"Dupla";"Reta";"Sim";2;0;1;0;1;0;1;2;-10,9062;-37,1034;"SPRF-SE";"DEL01-SE";"UOP01-DEL01-SE"
402596;2021-12-18;"sábado";"17:40:00";"SC";101;257,1;"PAULO LOPES";"Velocidade Incompatível";"Saída de leito carroçável";"Com Vítimas Feridas";"Anoitecer";"Decrescente";"Chuva";"Múltipla";"Declive;Curva";"Não";5;0;4;1;0;0;5;1;-27,99895525;-48,68886536;"SPRF-SC";"DEL02-SC";"UOP03-DEL02-SC"
402598;2021-12-18;"sábado";"18:00:00";"ES";101;177;"ARACRUZ";"Acumulo de água sobre o pavimento";"Capotamento";"Com Vítimas Feridas";"Plena Noite";"Decrescente";"Chuva";"Simples";"Curva";"Sim";2;0;1;0;1;0;1;1;-19,602874;-40,203264;"SPRF-ES";"DEL04-ES";"UOP01-DEL04-ES"