"id";"data_inversa";"dia_semana";"horario";"uf";"br";"km";"municipio";"causa_acidente";"tipo_acidente";"classificacao_acidente";"fase_dia";"sentido_via";"condicao_metereologica";"tipo_pista";"tracado_via";"uso_solo";"pessoas";"mortos";"feridos_leves";"feridos_graves";"ilesos";"ignorados";"feridos";"veiculos";"latitude";"longitude";"regional";"delegacia";"uop"
402599;2021-12-18;"sábado";"15:20:00";"SC";280;25;"ARAQUARI";"Retorno proibido";"Colisão lateral mesmo sentido";"Com Vítimas Feridas";"Pleno dia";"Decrescente";"Garoa/Chuvisco";"Simples";"Reta";"Sim";3;0;1;1;1;0;2;2;-26,38352781;-48,72677516;"SPRF-SC";"DEL03-SC";"UOP03-DEL03-SC"
402600;2021-12-18;"sábado";"12:20:00";"SP";116;481;"JACUPIRANGA";"Chuva";"Saída de leito carroçável";"Com Vítimas Feridas";"Pleno dia";"Decrescente";"Chuva";"Dupla";"Reta";"Não";2;0;2;0;0;0;2;1;-24,71686773;-48,03567012;"SPRF-SP";"DEL05-SP";"UOP01-DEL05-SP"
402604;2021-12-18;"sábado";"16:30:00";"CE";20;421,3;"MARACANAU";"Ausência de reação do condutor";"Saída de leito carroçável";"Com Vítimas Feridas";"Pleno dia";"Decrescente";"Sol";"Dupla";"Reta";"Não";3;0;2;1;0;0;3;1;-3,76999035;-38,67006282;"SPRF-CE";"DEL01-CE";"UOP02-DEL01-CE"
402606;2021-12-18;"sábado";"18:30:00";"MG";40;168;"JOAO PINHEIRO";"Velocidade Incompatível";"Saída de leito carroçável";"Com Vítimas Feridas";"Anoitecer";"Crescente";"Chuva";"Dupla";"Curva";"Não";1;0;1;0;0;0;1;1;-17,92333075;-46,07469484;"SPRF-MG";"DEL14-MG";"UOP02-DEL14-MG"
402607;2021-12-18;"sábado";"18:45:00";"CE";20;432,5;"EUSEBIO";"Manobra de mudança de faixa";"Colisão transversal";"Com Vítimas Feridas";"Plena Noite";"Decrescente";"Céu Claro";"Dupla";"Reta";"Sim";3;0;1;1;1;0;2;2;-3,86657054;-38,47595475;"SPRF-CE";"DEL01-CE";"UOP02-DEL01-CE"
402608;2021-12-18;"sábado";"18:20:00";"RS";470;175;"VERANOPOLIS";"Ingestão de álcool pelo condutor";"Saída de leito carroçável";"Com Vítimas Feridas";"Pleno dia";"Crescente";"Céu Claro";"Simples";"Reta";"Sim";2;0;2;0;0;0;2;1;-28,91926201;-51,53914905;"SPRF-RS";"DEL06-RS";"UOP02-DEL06-RS"
402609;2021-12-18;"sábado";"18:30:00";"ES";101;336,7;"GUARAPARI";"Acumulo de água sobre o pavimento";"Saída de leito carroçável";"Com Vítimas Feridas";"Plena Noite";"Decrescente";"Chuva";"Simples";"Reta";"Não";1;0;0;1;0;0;1;1;-20,62834446;-40,53656038;"SPRF-ES";"DEL03-ES";"UOP01-DEL03-ES"
402610;2021-12-18;"sábado";"19:00:00";"PB";101;99;"ALHANDRA";"Acessar a via sem observar a presença dos outros veículos";"Saída de leito carroçável";"Com Vítimas Feridas";"Plena Noite";"Decrescente";"Céu Claro";"Dupla";"Retorno Regulamentado;Reta;Interseção de Vias";"Não";5;0;2;0;2;1;2;2;-7,25903036;-34,9355793;"SPRF-PB";"DEL01-PB";"UOP02-DEL01-PB"
402612;2021-12-18;"sábado";"19:25:00";"PB";230;7,7;"CABEDELO";"Deficiência do Sistema de Iluminação/Sinalização";"Saída de leito carroçável";"Com Vítimas Feridas";"Plena Noite";"Crescente";"Céu Claro";"Simples";"Curva";"Sim";2;0;1;1;0;0;2;1;-7,026;-34,8385;"SPRF-PB";"DEL01-PB";"UOP01-DEL01-PB"
402613;2021-12-18;"sábado";"15:20:00";"AC";364;189;"BUJARI";"Demais falhas na via";"Saída de leito carroçável";"Sem Vítimas";"Pleno dia";"Crescente";"Céu Claro";"Simples";"Declive";"Não";1;0;0;0;1;0;0;1;-9,66583795;-68,19660694;"SPRF-AC";"DEL01-AC";"UOP01-DEL01-AC"
402615;2021-12-18;"sábado";"12:00:00";"SP";101;43,9;"UBATUBA";"Reação tardia ou ineficiente do condutor";"Colisão traseira";"Sem Vítimas";"Pleno dia";"Decrescente";"Céu Claro";"Simples";"Reta";"Sim";3;0;0;0;3;0;0;2;-23,41217537;-45,05739148;"SPRF-SP";"DEL06-SP";"UOP01-DEL06-SP"
402616;2021-12-18;"sábado";"18:15:00";"PR";376;2,1;"MANDAGUARI";"Condutor deixou de manter distância do veículo da frente";"Colisão traseira";"Com Vítimas Feridas";"Anoitecer";"Crescente";"Céu Claro";"Simples";"Reta";"Sim";3;0;1;0;2;0;1;2;-23,51504302;-51,69668198;"SPRF-PR";"DEL09-PR";"UOP01-DEL09-PR"
402618;2021-12-18;"sábado";"17:50:00";"MG";381;928,9;"ITAPEVA";"Velocidade Incompatível";"Saída de leito carroçável";"Com Vítimas Feridas";"Anoitecer";"Crescente";"Nublado";"Dupla";"Curva";"Sim";4;0;3;0;1;0;3;1;-22,79911462;-46,26123692;"SPRF-MG";"DEL16-MG";"UOP03-DEL16-MG"
402619;2021-12-18;"sábado";"19:00:00";"PE";101;76,1;"RECIFE";"Animais na Pista";"Atropelamento de Animal";"Com Vítimas Feridas";"Plena Noite";"Decrescente";"Nublado";"Dupla";"Reta";"Sim";1;0;1;0;0;0;1;1;-8,11813811;-34,94329214;"SPRF-PE";"DEL01-PE";"UOP01-DEL01-PE"
402620;2021-12-18;"sábado";"12:40:00";"MG";381;601;"CARMOPOLIS DE MINAS";"Velocidade Incompatível";"Colisão lateral mesmo sentido";"Com Vítimas Feridas";"Pleno dia";"Crescente";"Chuva";"Dupla";"Curva";"Não";8;0;2;0;6;0;2;2;-20,63243704;-44,73521221;"SPRF-MG";"DEL04-MG";"UOP01-DEL04-MG"
402621;2021-12-18;"sábado";"17:40:00";"BA";116;852;"VITORIA DA CONQUISTA";"Demais falhas mecânicas ou elétricas";"Saída de leito carroçável";"Com Vítimas Feridas";"Pleno dia";"Crescente";"Céu Claro";"Simples";"Reta";"Não";3;0;3;0;0;0;3;1;-15,00472006;-40,93943486;"SPRF-BA";"DEL08-BA";"UOP01-DEL08-BA"
402623;2021-12-18;"sábado";"20:10:00";"MG";381;355,3;"JOAO MONLEVADE";"Ingestão de álcool e/ou substâncias psicoativas pelo pedestre";"Atropelamento de Pedestre";"Com Vítimas Feridas";"Plena Noite";"Decrescente";"Nublado";"Simples";"Reta";"Não";3;0;1;0;2;0;1;2;-19,84112398;-43,199388;"SPRF-MG";"DEL03-MG";"UOP01-DEL03-MG"
402624;2021-12-18;"sábado";"19:20:00";"GO";153;601,7;"MORRINHOS";"Acumulo de água sobre o pavimento";"Saída de leito carroçável";"Com Vítimas Feridas";"Plena Noite";"Decrescente";"Chuva";"Dupla";"Reta";"Não";2;0;2;0;0;0;2;1;-17,5606;-49,2023;"SPRF-GO";"DEL03-GO";"UOP01-DEL03-GO"
402627;2021-12-18;"sábado";"18:00:00";"SC";480;124,7;"CHAPECO";"Acessar a via sem observar a presença dos outros veículos";"Colisão lateral mesmo sentido";"Com Vítimas Feridas";"Pleno dia";"Crescente";"Sol";"Múltipla";"Reta";"Não";3;0;1;0;2;0;1;3;-27,00359519;-52,64391044;"SPRF-SC";"DEL07-SC";"UOP01-DEL07-SC"
402628;2021-12-18;"sábado";"19:10:00";"BA";418;87,5;"NOVA VICOSA";"Ingestão de álcool pelo condutor";"Colisão traseira";"Com Vítimas Feridas";"Plena Noite";"Crescente";"Céu Claro";"Simples";"Reta";"Sim";2;0;1;0;1;0;1;2;-17,88709248;-39,83068288;"SPRF-BA";"DEL09-BA";"UOP02-DEL09-BA"
402629;2021-12-18;"sábado";"16:00:00";"RJ";40;91;"PETROPOLIS";"Velocidade Incompatível";"Saída de leito carroçável";"Com Vítimas Feridas";"Pleno dia";"Crescente";"Nublado";"Simples";"Declive;Curva";"Não";3;0;1;0;2;0;1;1;-22,54903566;-43,24229724;"SPRF-RJ";"DEL06-RJ";"UOP01-DEL06-RJ"
402630;2021-12-18;"sábado";"20:05:00";"DF";70;8;"BRASILIA";"Pedestre cruzava a pista fora da faixa";"Atropelamento de Pedestre";"Com Vítimas Feridas";"Plena Noite";"Crescente";"Nublado";"Dupla";"Reta";"Sim";2;0;0;1;1;0;1;2;-15,78404592;-48,12997699;"SPRF-DF";"DEL03-DF";"UOP02-DEL03-DF"
402631;2021-12-18;"sábado";"19:00:00";"PR";373;457,9;"CHOPINZINHO";"Ingestão de álcool pelo condutor";"Colisão transversal";"Sem Vítimas";"Anoitecer";"Decrescente";"Céu Claro";"Simples";"Reta";"Não";13;0;0;0;12;1;0;2;-25,91872183;-52,38606413;"SPRF-PR";"DEL02-PR";"UOP01-DEL02-PR"
402633;2021-12-18;"sábado";"18:55:00";"MG";356;269,9;"MURIAE";"Reação tardia ou ineficiente do condutor";"Colisão com objeto";"Sem Vítimas";"Plena Noite";"Decrescente";"Chuva";"Simples";"Curva";"Não";1;0;0;0;1;0;0;1;-21,12665618;-42,33310204;"SPRF-MG";"DEL07-MG";"UOP02-DEL07-MG"
402636;2021-12-18;"sábado";"19:05:00";"PI";343;348;"TERESINA";"Ausência de reação do condutor";"Colisão frontal";"Com Vítimas Feridas";"Plena Noite";"Crescente";"Céu Claro";"Dupla";"Reta";"Sim";3;0;0;1;1;1;1;2;-5,118706;-42,786411;"SPRF-PI";"DEL01-PI";"UOP01-DEL01-PI"
402637;2021-12-18;"sábado";"20:30:00";"PB";230;50;"CRUZ DO ESPIRITO SANTO";"Ausência de reação do condutor";"Saída de leito carroçável";"Sem Vítimas";"Plena Noite";"Decrescente";"Céu Claro";"Dupla";"Reta";"Não";1;0;0;0;0;1;0;1;-7,18811293;-35,05905104;"SPRF-PB";"DEL01-PB";"UOP03-DEL01-PB"
402638;2021-12-18;"sábado";"20:20:00";"CE";222;9,1;"CAUCAIA";"Velocidade Incompatível";"Saída de leito carroçável";"Com Vítimas Feridas";"Plena Noite";"Decrescente";"Céu Claro";"Dupla";"Reta";"Não";2;0;2;0;0;0;2;1;-3,75774612;-38,64611294;"SPRF-CE";"DEL01-CE";"UOP01-DEL01-CE"
402639;2021-12-18;"sábado";"19:30:00";"PE";101;46;"IGARASSU";"Manobra de mudança de faixa";"Colisão lateral mesmo sentido";"Sem Vítimas";"Plena Noite";"Crescente";"Céu Claro";"Dupla";"Reta";"Sim";2;0;0;0;2;0;0;2;-7,87406004;-34,90588126;"SPRF-PE";"DEL01-PE";"UOP02-DEL01-PE"
402640;2021-12-18;"sábado";"18:50:00";"PR";153;20,2;"JACAREZINHO";"Manobra de mudança de faixa";"Tombamento";"Com Vítimas Feridas";"Plena Noite";"Crescente";"Céu Claro";"Simples";"Aclive";"Sim";1;0;1;0;0;0;1;1;-23,15816552;-49,95960461;"SPRF-PR";"DEL07-PR";"UOP04-DEL07-PR"
402641;2021-12-18;"sábado";"20:40:00";"SC";101;327,5;"CAPIVARI DE BAIXO";"Ausência de reação do condutor";"Colisão traseira";"Com Vítimas Feridas";"Plena Noite";"Crescente";"Nublado";"Dupla";"Reta";"Não";6;0;1;0;5;0;1;3;-28,43023306;-48,95205197;"SPRF-SC";"DEL02-SC";"UOP01-DEL02-SC"
402642;2021-12-18;"sábado";"20:20:00";"RR";174;504;"BOA VISTA";"Acessar a via sem observar a presença dos outros veículos";"Atropelamento de Pedestre";"Com Vítimas Feridas";"Plena Noite";"Decrescente";"Céu Claro";"Dupla";"Reta";"Sim";2;0;0;2;0;0;2;2;2,81984746;-60,69472075;"SPRF-RR";"DEL01-RR";"UOP01-DEL01-RR"
402643;2021-12-18;"sábado";"19:50:00";"SC";101;93;"BARRA VELHA";"Acessar a via sem observar a presença dos outros veículos";"Colisão traseira";"Com Vítimas Feridas";"Plena Noite";"Crescente";"Garoa/Chuvisco";"Dupla";"Reta";"Não";4;0;0;1;0;3;1;3;-26,6899011;-48,69663873;"SPRF-SC";"DEL03-SC";"UOP02-DEL03-SC"
402644;2021-12-18;"sábado";"21:30:00";"SE";101;38,3;"CAPELA";"Velocidade Incompatível";"Colisão traseira";"Com Vítimas Feridas";"Plena Noite";"Crescente";"Céu Claro";"Dupla";"Reta";"Não";3;0;1;0;1;1;1;2;-10,51013504;-36,94596282;"SPRF-SE";"DEL02-SE";"UOP02-DEL02-SE"
402645;2021-12-18;"sábado";"21:00:00";"MG";381;494;"BETIM";"Velocidade Incompatível";"Colisão com objeto";"Com Vítimas Feridas";"Plena Noite";"Decrescente";"Céu Claro";"Dupla";"Reta";"Sim";1;0;1;0;0;0;1;1;-19,985563;-44,20318;"SPRF-MG";"DEL01-MG";"UOP03-DEL01-MG"
402647;2021-12-18;"sábado";"08:45:00";"SP";116;222,5;"GUARULHOS";"Trafegar com motocicleta (ou similar) entre as faixas";"Tombamento";"Com Vítimas Feridas";"Plena Noite";"Decrescente";"Céu Claro";"Múltipla";"Reta";"Sim";1;0;1;0;0;0;1;1;-23,47093408;-46,51631097;"SPRF-SP";"DEL01-SP";"UOP01-DEL01-SP"
402648;2021-12-18;"sábado";"21:40:00";"ES";101;126,3;"SOORETAMA";"Pedestre andava na pista";"Atropelamento de Pedestre";"Com Vítimas Feridas";"Plena Noite";"Crescente";"Chuva";"Múltipla";"Reta";"Sim";2;0;1;1;0;0;2;2;-19,193953;-40,0951;"SPRF-ES";"DEL04-ES";"UOP01-DEL04-ES"
402649;2021-12-18;"sábado";"19:30:00";"PR";116;62;"CAMPINA GRANDE DO SUL";"Desrespeitar a preferência no cruzamento";"Colisão transversal";"Com Vítimas Feridas";"Plena Noite";"Crescente";"Garoa/Chuvisco";"Dupla";"Retorno Regulamentado;Reta";"Não";3;0;1;0;1;1;1;3;-25,30561332;-48,9732999;"SPRF-PR";"DEL01-PR";"UOP02-DEL01-PR"
402650;2021-12-18;"sábado";"20:50:00";"GO";50;105;"CRISTALINA";"Reação tardia ou ineficiente do condutor";"Saída de leito carroçável";"Com Vítimas Feridas";"Plena Noite";"Decrescente";"Chuva";"Dupla";"Reta";"Não";1;0;1;0;0;0;1;1;-16,9309;-47,7117;"SPRF-DF";"DEL01-DF";"UOP02-DEL01-DF"
402652;2021-12-18;"sábado";"17:30:00";"SP";116;499;"CAJATI";"Reação tardia ou ineficiente do condutor";"Saída de leito carroçável";"Com Vítimas Feridas";"Pleno dia";"Crescente";"Chuva";"Dupla";"Curva";"Não";2;0;2;0;0;0;2;1;-24,78228753;-48,17695233;"SPRF-SP";"DEL05-SP";"UOP02-DEL05-SP"
402653;2021-12-18;"sábado";"21:55:00";"PR";116;124,6;"FAZENDA RIO GRANDE";"Acessar a via sem observar a presença dos outros veículos";"Atropelamento de Pedestre";"Com Vítimas Fatais";"Plena Noite";"Crescente";"Céu Claro";"Dupla";"Reta";"Sim";2;1;0;0;1;0;0;2;-25,58620703;-49,31436887;"SPRF-PR";"DEL01-PR";"UOP03-DEL01-PR"
402654;2021-12-18;"sábado";"14:30:00";"SC";282;374;"ERVAL VELHO";"Velocidade Incompatível";"Saída de leito carroçável";"Com Vítimas Feridas";"Pleno dia";"Crescente";"Céu Claro";"Simples";"Curva";"Não";1;0;1;0;0;0;1;1;-27,236115;-51,452618;"SPRF-SC";"DEL07-SC";"UOP05-DEL07-SC"
402655;2021-12-18;"sábado";"17:15:00";"PI";316;314;"PICOS";"Ingestão de álcool pelo condutor";"Colisão lateral mesmo sentido";"Com Vítimas Feridas";"Pleno dia";"Decrescente";"Céu Claro";"Dupla";"Reta";"Sim";2;0;1;0;1;0;1;2;-7,0776992;-41,44117384;"SPRF-PI";"DEL04-PI";"UOP01-DEL04-PI"
402658;2021-12-18;"sábado";"21:30:00";"RJ";116;171,6;"SAO JOAO DE MERITI";"Entrada inopinada do pedestre";"Atropelamento de Pedestre";"Com Vítimas Feridas";"Plena Noite";"Decrescente";"Nublado";"Dupla";"Reta";"Sim";2;0;1;0;1;0;1;2;-22,8060415;-43,34289573;"SPRF-RJ";"DEL01-RJ";"UOP02-DEL01-RJ"
402659;2021-12-18;"sábado";"21:55:00";"RS";471;174,5;"RIO PARDO";"Ingestão de álcool e/ou substâncias psicoativas pelo pedestre";"Colisão com objeto";"Com Vítimas Feridas";"Plena Noite";"Crescente";"Céu Claro";"Dupla";"Rotatória";"Sim";1;0;1;0;0;0;1;1;-29,9868015;-52,36850208;"SPRF-RS";"DEL02-RS";"UOP03-DEL02-RS"
402660;2021-12-18;"sábado";"19:30:00";"MG";40;623,3;"CONSELHEIRO LAFAIETE";"Transitar na contramão";"Colisão frontal";"Com Vítimas Feridas";"Plena Noite";"Decrescente";"Chuva";"Simples";"Curva";"Não";3;0;0;3;0;0;3;2;-20,609742;-43,806903;"SPRF-MG";"DEL05-MG";"UOP02-DEL05-MG"
402661;2021-12-18;"sábado";"20:00:00";"MT";70;514;"VARZEA GRANDE";"Conversão proibida";"Colisão transversal";"Com Vítimas Feridas";"Plena Noite";"Crescente";"Céu Claro";"Simples";"Reta";"Sim";2;0;1;1;0;0;2;2;-15,70610741;-56,13413226;"SPRF-MT";"DEL01-MT";"UOP02-DEL01-MT"
402662;2021-12-18;"sábado";"21:50:00";"SC";101;40;"JOINVILLE";"Velocidade Incompatível";"Colisão com objeto";"Com Vítimas Feridas";"Plena Noite";"Decrescente";"Chuva";"Dupla";"Curva";"Sim";1;0;1;0;0;0;1;1;-26,31569677;-48,87354434;"SPRF-SC";"DEL03-SC";"UOP01-DEL03-SC"
402663;2021-12-18;"sábado";"22:15:00";"GO";60;26;"ALEXANIA";"Chuva";"Saída de leito carroçável";"Sem Vítimas";"Plena Noite";"Crescente";"Chuva";"Dupla";"Reta";"Não";1;0;0;0;1;0;0;1;-16,0963;-48,5202;"SPRF-DF";"DEL03-DF";"UOP01-DEL03-DF"
402664;2021-12-18;"sábado";"16:30:00";"RS";153;26,5;"TRES ARROIOS";"Manobra de mudança de faixa";"Colisão traseira";"Com Vítimas Feridas";"Pleno dia";"Crescente";"Céu Claro";"Simples";"Reta";"Não";3;0;0;1;1;1;1;3;-27,50701395;-52,13446103;"SPRF-RS";"DEL08-RS";"UOP04-DEL08-RS"
402667;2021-12-18;"sábado";"23:00:00";"PR";369;158;"CAMBE";"Ingestão de álcool pelo condutor";"Colisão com objeto";"Sem Vítimas";"Plena Noite";"Crescente";"Céu Claro";"Dupla";"Reta";"Sim";1;0;0;0;0;1;0;1;-23,28433771;-51,2438339;"SPRF-PR";"DEL07-PR";"UOP01-DEL07-PR"
402668;2021-12-18;"sábado";"22:50:00";"MG";381;492;"BETIM";"Velocidade Incompatível";"Saída de leito carroçável";"Com Vítimas Feridas";"Plena Noite";"Crescente";"Garoa/Chuvisco";"Dupla";"Reta";"Sim";4;0;3;0;1;0;3;1;-19,97490091;-44,19004301;"SPRF-MG";"DEL01-MG";"UOP03-DEL01-MG"
402669;2021-12-18;"sábado";"22:00:00";"MG";381;492;"BETIM";"Demais falhas mecânicas ou elétricas";"Tombamento";"Com Vítimas Feridas";"Plena Noite";"Crescente";"Céu Claro";"Dupla";"Reta";"Sim";2;0;2;0;0;0;2;1;-19,97490091;-44,19004301;"SPRF-MG";"DEL01-MG";"UOP03-DEL01-MG"
402670;2021-12-18;"sábado";"22:00:00";"BA";116;334;"TEOFILANDIA";"Animais na Pista";"Atropelamento de Animal";"Com Vítimas Fatais";"Plena Noite";"Crescente";"Céu Claro";"Simples";"Declive";"Não";1;1;0;0;0;0;0;1;-11,45137809;-38,98392878;"SPRF-BA";"DEL02-BA";"UOP01-DEL02-BA"
402673;2021-12-18;"sábado";"21:50:00";"SC";163;114;"GUARUJA DO SUL";"Ingestão de álcool pelo condutor";"Colisão lateral sentido oposto";"Sem Vítimas";"Plena Noite";"Decrescente";"Céu Claro";"Simples";"Reta";"Não";2;0;0;0;0;2;0;2;-26,37430012;-53,52974653;"SPRF-SC";"DEL07-SC";"UOP03-DEL07-SC"
402674;2021-12-18;"sábado";"21:10:00";"RO";319;49;"PORTO VELHO";"Avarias e/ou desgaste excessivo no pneu";"Saída de leito carroçável";"Com Vítimas Feridas";"Plena Noite";"Decrescente";"Chuva";"Simples";"Reta";"Não";17;0;6;0;0;11;6;1;-8,71621618;-63,98255435;"SPRF-RO";"DEL01-RO";"UOP01-DEL01-RO"
402675;2021-12-18;"sábado";"22:40:00";"AL";104;83,2;"RIO LARGO";"Acumulo de areia ou detritos sobre o pavimento";"Queda de ocupante de veículo";"Com Vítimas Feridas";"Plena Noite";"Crescente";"Céu Claro";"Simples";"Curva";"Não";2;0;1;1;0;0;2;1;-9,44165773;-35,83538341;"SPRF-AL";"DEL01-AL";"UOP01-DEL01-AL"
402676;2021-12-18;"sábado";"20:30:00";"RJ";101;489;"ANGRA DOS REIS";"Pedestre cruzava a pista fora da faixa";"Atropelamento de Pedestre";"Com Vítimas Fatais";"Plena Noite";"Decrescente";"Nublado";"Simples";"Reta";"Não";3;1;0;0;1;1;0;2;-22,95605138;-44,30404997;"SPRF-RJ";"DEL03-RJ";"UOP03-DEL03-RJ"
402677;2021-12-18;"sábado";"22:20:00";"RN";101;100,4;"PARNAMIRIM";"Mal súbito do condutor";"Queda de ocupante de veículo";"Com Vítimas Feridas";"Plena Noite";"Decrescente";"Vento";"Múltipla";"Reta";"Sim";1;0;0;1;0;0;1;1;-5,88106901;-35,22542396;"SPRF-RN";"DEL01-RN";"UOP01-DEL01-RN"
402678;2021-12-18;"sábado";"10:50:00";"CE";222;297;"TIANGUA";"Ausência de reação do condutor";"Tombamento";"Com Vítimas Feridas";"Pleno dia";"Decrescente";"Céu Claro";"Simples";"Curva";"Não";1;0;1;0;0;0;1;1;-3,65826065;-40,92482891;"SPRF-CE";"DEL04-CE";"UOP02-DEL04-CE"
402679;2021-12-18;"sábado";"23:00:00";"MS";163;251,2;"DOURADOS";"Demais falhas mecânicas ou elétricas";"Tombamento";"Com Vítimas Feridas";"Plena Noite";"Crescente";"Céu Claro";"Simples";"Reta";"Não";2;0;2;0;0;0;2;1;-22,29688701;-54,82117014;"SPRF-MS";"DEL04-MS";"UOP01-DEL04-MS"
402680;2021-12-18;"sábado";"21:30:00";"BA";324;322;"JACOBINA";"Velocidade Incompatível";"Colisão com objeto";"Com Vítimas Feridas";"Plena Noite";"Crescente";"Céu Claro";"Simples";"Curva";"Não";2;0;0;2;0;0;2;1;-11,2591668;-40,28997992;"SPRF-BA";"DEL04-BA";"UOP02-DEL04-BA"
402681;2021-12-18;"sábado";"23:00:00";"PE";232;181;"BELO JARDIM";"Reação tardia ou ineficiente do condutor";"Saída de leito carroçável";"Com Vítimas Feridas";"Plena Noite";"Crescente";"Céu Claro";"Simples";"Reta";"Sim";2;0;2;0;0;0;2;1;-8,34627974;-36,43776285;"SPRF-PE";"DEL02-PE";"UOP03-DEL02-PE"
402682;2021-12-19;"domingo";"00:01:00";"PE";428;183,8;"PETROLINA";"Condutor deixou de manter distância do veículo da frente";"Colisão traseira";"Com Vítimas Feridas";"Plena Noite";"Crescente";"Céu Claro";"Simples";"Em Obras;Reta";"Sim";2;0;1;0;0;1;1;2;-9,30816981;-40,45390137;"SPRF-PE";"DEL06-PE";"UOP01-DEL06-PE"
402684;2021-12-18;"sábado";"23:00:00";"SC";470;63;"INDAIAL";"Pedestre cruzava a pista fora da faixa";"Atropelamento de Pedestre";"Com Vítimas Fatais";"Plena Noite";"Decrescente";"Céu Claro";"Simples";"Reta;Declive";"Sim";3;1;0;0;0;2;0;2;-26,872396;-49,19228;"SPRF-SC";"DEL04-SC";"UOP01-DEL04-SC"
402685;2021-12-19;"domingo";"00:15:00";"SC";116;212;"PONTE ALTA";"Ingestão de álcool pelo condutor";"Saída de leito carroçável";"Sem Vítimas";"Plena Noite";"Decrescente";"Garoa/Chuvisco";"Simples";"Curva";"Não";1;0;0;0;1;0;0;1;-27,51804376;-50,36466561;"SPRF-SC";"DEL05-SC";"UOP03-DEL05-SC"
402686;2021-12-19;"domingo";"00:30:00";"ES";101;146;"LINHARES";"Chuva";"Colisão traseira";"Sem Vítimas";"Plena Noite";"Decrescente";"Chuva";"Dupla";"Interseção de Vias";"Sim";2;0;0;0;2;0;0;2;-19,36990998;-40,06560718;"SPRF-ES";"DEL04-ES";"UOP01-DEL04-ES"
402687;2021-12-18;"sábado";"22:30:00";"RS";287;334;"SAO VICENTE DO SUL";"Ausência de reação do condutor";"Saída de leito carroçável";"Com Vítimas Feridas";"Plena Noite";"Crescente";"Céu Claro";"Simples";"Curva";"Não";2;0;1;1;0;0;2;1;-29,647536781;-54,6780316294;"SPRF-RS";"DEL12-RS";"UOP02-DEL12-RS"
402688;2021-12-18;"sábado";"18:10:00";"MS";463;0,6;"DOURADOS";"Velocidade Incompatível";"Queda de ocupante de veículo";"Com Vítimas Feridas";"Anoitecer";"Crescente";"Céu Claro";"Simples";"Declive";"Sim";1;0;0;1;0;0;1;1;-22,25897406;-54,80774403;"SPRF-MS";"DEL04-MS";"UOP01-DEL04-MS"
402689;2021-12-19;"domingo";"00:05:00";"PR";163;184,2;"SANTA TEREZA DO OESTE";"Ingestão de álcool pelo condutor";"Tombamento";"Com Vítimas Feridas";"Plena Noite";"Crescente";"Céu Claro";"Simples";"Interseção de Vias";"Não";1;0;0;1;0;0;1;1;-25,14869351;-53,59236354;"SPRF-PR";"DEL05-PR";"UOP05-DEL05-PR"
402690;2021-12-19;"domingo";"00:15:00";"PE";101;154,9;"RIBEIRAO";"Demais falhas mecânicas ou elétricas";"Saída de leito carroçável";"Sem Vítimas";"Plena Noite";"Crescente";"Céu Claro";"Dupla";"Curva";"Não";1;0;0;0;1;0;0;1;-8,52860711;-35,38883966;"SPRF-PE";"DEL01-PE";"UOP01-DEL01-PE"
402691;2021-12-19;"domingo";"00:30:00";"SP";116;102,9;"PINDAMONHANGABA";"Ausência de reação do condutor";"Saída de leito carroçável";"Com Vítimas Feridas";"Plena Noite";"Decrescente";"Nublado";"Dupla";"Reta";"Não";1;0;0;1;0;0;1;1;-22,99497994;-45,48951403;"SPRF-SP";"DEL08-SP";"UOP01-DEL08-SP"
402692;2021-12-19;"domingo";"01:20:00";"SC";101;206,8;"SAO JOSE";"Ingestão de álcool pelo condutor";"Colisão com objeto";"Com Vítimas Feridas";"Plena Noite";"Crescente";"Nublado";"Dupla";"Reta";"Sim";1;0;1;0;0;0;1;1;-27,59193546;-48,61824557;"SPRF-SC";"DEL01-SC";"UOP01-DEL01-SC"
402693;2021-12-19;"domingo";"01:30:00";"SP";116;218,8;"GUARULHOS";"Ingestão de álcool pelo condutor";"Colisão transversal";"Com Vítimas Feridas";"Plena Noite";"Crescente";"Céu Claro";"Múltipla";"Curva";"Sim";3;0;1;0;2;0;1;2;-23,45850712;-46,48290753;"SPRF-SP";"DEL01-SP";"UOP01-DEL01-SP"
402694;2021-12-19;"domingo";"01:10:00";"RJ";101;476;"ANGRA DOS REIS";"Velocidade Incompatível";"Capotamento";"Com Vítimas Feridas";"Plena Noite";"Decrescente";"Chuva";"Simples";"Declive;Curva";"Não";1;0;1;0;0;0;1;1;-23,0055431;-44,26195833;"SPRF-RJ";"DEL03-RJ";"UOP03-DEL03-RJ"
402695;2021-12-18;"sábado";"23:00:00";"BA";324;603,2;"SIMOES FILHO";"Condutor deixou de manter distância do veículo da frente";"Colisão lateral mesmo sentido";"Com Vítimas Feridas";"Plena Noite";"Decrescente";"Céu Claro";"Dupla";"Curva";"Não";2;0;1;0;0;1;1;2;-12,78563943;-38,41003072;"SPRF-BA";"DEL01-BA";"UOP01-DEL01-BA"
402696;2021-12-19;"domingo";"00:01:00";"MG";40;503,8;"ESMERALDAS";"Reação tardia ou ineficiente do condutor";"Colisão traseira";"Sem Vítimas";"Plena Noite";"Crescente";"Céu Claro";"Dupla";"Declive";"Sim";2;0;0;0;2;0;0;2;-19,72987888;-44,15253368;"SPRF-MG";"DEL02-MG";"UOP01-DEL02-MG"