"id";"data_inversa";"dia_semana";"horario";"uf";"br";"km";"municipio";"causa_acidente";"tipo_acidente";"classificacao_acidente";"fase_dia";"sentido_via";"condicao_metereologica";"tipo_pista";"tracado_via";"uso_solo";"pessoas";"mortos";"feridos_leves";"feridos_graves";"ilesos";"ignorados";"feridos";"veiculos";"latitude";"longitude";"regional";"delegacia";"uop"
402698;2021-12-19;"domingo";"00:50:00";"SP";153;37,5;"ONDA VERDE";"Ingestão de álcool pelo condutor";"Saída de leito carroçável";"Sem Vítimas";"Plena Noite";"Decrescente";"Nublado";"Simples";"Reta";"Não";1;0;0;0;1;0;0;1;-20,60205671;-49,32005167;"SPRF-SP";"DEL09-SP";"UOP01-DEL09-SP"
402699;2021-12-19;"domingo";"00:50:00";"GO";153;626;"MORRINHOS";"Condutor Dormindo";"Saída de leito carroçável";"Com Vítimas Feridas";"Plena Noite";"Crescente";"Céu Claro";"Dupla";"Reta";"Não";3;0;2;0;1;0;2;1;-17,7719;-49,1732;"SPRF-GO";"DEL03-GO";"UOP01-DEL03-GO"
402700;2021-12-19;"domingo";"01:05:00";"RS";386;283,7;"SAO JOSE DO HERVAL";"Transitar na contramão";"Colisão frontal";"Com Vítimas Fatais";"Plena Noite";"Crescente";"Nevoeiro/Neblina";"Simples";"Reta";"Não";4;1;0;2;1;0;2;2;-29,0436;-52,297913;"SPRF-RS";"DEL04-RS";"UOP03-DEL04-RS"
402701;2021-12-19;"domingo";"01:00:00";"PR";376;455,3;"TIBAGI";"Condutor Dormindo";"Saída de leito carroçável";"Com Vítimas Feridas";"Plena Noite";"Crescente";"Céu Claro";"Dupla";"Curva";"Não";1;0;1;0;0;0;1;1;-24,911284;-50,416763;"SPRF-PR";"DEL03-PR";"UOP02-DEL03-PR"
402702;2021-12-19;"domingo";"00:47:00";"RJ";40;83;"PETROPOLIS";"Ingestão de álcool pelo condutor";"Capotamento";"Com Vítimas Feridas";"Plena Noite";"Crescente";"Nublado";"Simples";"Declive;Curva";"Não";3;0;1;0;2;0;1;1;-22,52169483;-43,23737025;"SPRF-RJ";"DEL06-RJ";"UOP01-DEL06-RJ"
402703;2021-12-19;"domingo";"03:20:00";"PR";376;512,7;"PONTA GROSSA";"Transitar na contramão";"Colisão frontal";"Com Vítimas Feridas";"Plena Noite";"Decrescente";"Nublado";"Dupla";"Reta";"Não";4;0;4;0;0;0;4;2;-25,25986852;-49,98092888;"SPRF-PR";"DEL03-PR";"UOP01-DEL03-PR"
402704;2021-12-19;"domingo";"03:30:00";"PR";476;140;"CURITIBA";"Ingestão de álcool pelo condutor";"Colisão traseira";"Com Vítimas Fatais";"Plena Noite";"Crescente";"Nublado";"Dupla";"Reta";"Sim";3;1;1;0;0;1;1;3;-25,520693;-49,294121;"SPRF-PR";"DEL01-PR";"UOP03-DEL01-PR"
402705;2021-12-19;"domingo";"03:30:00";"RJ";116;49;"TERESOPOLIS";"Condutor Dormindo";"Saída de leito carroçável";"Com Vítimas Feridas";"Plena Noite";"Crescente";"Céu Claro";"Simples";"Curva";"Não";3;0;0;3;0;0;3;1;-22,17771398;-42,84707003;"SPRF-RJ";"DEL04-RJ";"UOP01-DEL04-RJ"
402706;2021-12-19;"domingo";"03:20:00";"MG";40;458,7;"CAETANOPOLIS";"Ausência de reação do condutor";"Colisão traseira";"Com Vítimas Fatais";"Plena Noite";"Crescente";"Nublado";"Dupla";"Aclive;Reta";"Não";2;1;0;0;0;1;0;2;-19,380294;-44,33825395;"SPRF-MG";"DEL02-MG";"UOP01-DEL02-MG"
402707;2021-12-18;"sábado";"20:00:00";"GO";60;89;"ANAPOLIS";"Ingestão de álcool pelo condutor";"Saída de leito carroçável";"Sem Vítimas";"Plena Noite";"Decrescente";"Chuva";"Simples";"Reta";"Sim";1;0;0;0;1;0;0;1;-16,3367;-48,8957;"SPRF-GO";"DEL02-GO";"UOP01-DEL02-GO"
402709;2021-12-19;"domingo";"04:00:00";"SC";470;141,9;"RIO DO SUL";"Velocidade Incompatível";"Saída de leito carroçável";"Sem Vítimas";"Plena Noite";"Crescente";"Nublado";"Simples";"Curva";"Não";1;0;0;0;0;1;0;1;-27,226065;-49,666161;"SPRF-SC";"DEL04-SC";"UOP02-DEL04-SC"
402710;2021-12-19;"domingo";"05:30:00";"PR";476;138;"CURITIBA";"Acessar a via sem observar a presença dos outros veículos";"Capotamento";"Com Vítimas Feridas";"Amanhecer";"Crescente";"Nublado";"Simples";"Reta";"Sim";3;0;1;0;1;1;1;3;-25,509325;-49,286788;"SPRF-PR";"DEL01-PR";"UOP03-DEL01-PR"
402711;2021-12-19;"domingo";"02:30:00";"MG";262;146;"RIO CASCA";"Pista esburacada";"Saída de leito carroçável";"Com Vítimas Feridas";"Plena Noite";"Crescente";"Chuva";"Simples";"Curva";"Não";3;0;1;0;2;0;1;1;-20,02822107;-42,74065423;"SPRF-MG";"DEL03-MG";"UOP03-DEL03-MG"
402712;2021-12-19;"domingo";"04:35:00";"PR";116;179,1;"ARAPONGAS";"Demais falhas mecânicas ou elétricas";"Tombamento";"Com Vítimas Feridas";"Amanhecer";"Decrescente";"Céu Claro";"Dupla";"Reta";"Sim";1;0;1;0;0;0;1;1;-23,36287416;-51,40122403;"SPRF-PR";"DEL01-PR";"UOP03-DEL01-PR"
402713;2021-12-19;"domingo";"04:30:00";"AP";210;102;"PORTO GRANDE";"Acessar a via sem observar a presença dos outros veículos";"Colisão transversal";"Com Vítimas Fatais";"Plena Noite";"Crescente";"Céu Claro";"Simples";"Reta";"Não";6;2;1;3;0;0;4;2;0,69357935;-51,3794179;"SPRF-AP";"DEL01-AP";"UOP01-DEL01-AP"
402715;2021-12-19;"domingo";"04:15:00";"RS";386;352;"ESTRELA";"Ausência de reação do condutor";"Saída de leito carroçável";"Com Vítimas Feridas";"Plena Noite";"Decrescente";"Céu Claro";"Dupla";"Reta";"Sim";1;0;1;0;0;0;1;1;-29,491436;-51,95174;"SPRF-RS";"DEL04-RS";"UOP02-DEL04-RS"
402716;2021-12-18;"sábado";"21:20:00";"SC";101;292,7;"IMBITUBA";"Velocidade Incompatível";"Saída de leito carroçável";"Com Vítimas Feridas";"Plena Noite";"Decrescente";"Céu Claro";"Dupla";"Curva";"Não";1;0;1;0;0;0;1;1;-28,2856298;-48,70438133;"SPRF-SC";"DEL02-SC";"UOP03-DEL02-SC"
402718;2021-12-19;"domingo";"04:40:00";"RS";101;8,3;"TORRES";"Reação tardia ou ineficiente do condutor";"Colisão traseira";"Com Vítimas Feridas";"Amanhecer";"Decrescente";"Céu Claro";"Dupla";"Reta";"Sim";2;0;1;0;1;0;1;2;-29,36042487;-49,80779711;"SPRF-RS";"DEL03-RS";"UOP02-DEL03-RS"
402719;2021-12-19;"domingo";"05:10:00";"PB";230;64,1;"SAO MIGUEL DE TAIPU";"Reação tardia ou ineficiente do condutor";"Colisão com objeto";"Com Vítimas Feridas";"Pleno dia";"Decrescente";"Céu Claro";"Dupla";"Em Obras";"Não";16;0;3;0;13;0;3;1;-7,1911;-35,1832;"SPRF-PB";"DEL01-PB";"UOP03-DEL01-PB"
402721;2021-12-19;"domingo";"04:00:00";"PA";230;113;"MARABA";"Ingestão de álcool pelo condutor";"Colisão lateral sentido oposto";"Sem Vítimas";"Plena Noite";"Decrescente";"Chuva";"Simples";"Declive";"Não";2;0;0;0;2;0;0;2;-5,36689576;-49,05750094;"SPRF-PA";"DEL03-PA";"UOP01-DEL03-PA"
402724;2021-12-19;"domingo";"04:00:00";"CE";20;338,4;"CARIDADE";"Reação tardia ou ineficiente do condutor";"Queda de ocupante de veículo";"Com Vítimas Feridas";"Plena Noite";"Crescente";"Céu Claro";"Simples";"Reta";"Não";2;0;0;2;0;0;2;1;-4,15303942;-39,12931388;"SPRF-CE";"DEL02-CE";"UOP01-DEL02-CE"
402725;2021-12-19;"domingo";"01:30:00";"RS";116;149,9;"CAXIAS DO SUL";"Manobra de mudança de faixa";"Colisão lateral mesmo sentido";"Com Vítimas Feridas";"Plena Noite";"Decrescente";"Céu Claro";"Dupla";"Reta";"Não";2;0;1;0;0;1;1;2;-29,15996905;-51,15645292;"SPRF-RS";"DEL05-RS";"UOP01-DEL05-RS"
402727;2021-12-19;"domingo";"06:00:00";"SC";280;133,3;"RIO NEGRINHO";"Ingestão de álcool pelo condutor";"Colisão frontal";"Com Vítimas Feridas";"Amanhecer";"Crescente";"Céu Claro";"Simples";"Declive;Curva";"Não";9;0;5;4;0;0;9;2;-26,274631;-49,5707014;"SPRF-SC";"DEL06-SC";"UOP03-DEL06-SC"
402728;2021-12-19;"domingo";"04:30:00";"MT";364;203,1;"RONDONOPOLIS";"Demais falhas mecânicas ou elétricas";"Colisão com objeto";"Sem Vítimas";"Plena Noite";"Decrescente";"Nublado";"Dupla";"Reta";"Não";1;0;0;0;1;0;0;1;-16,47555256;-54,65344724;"SPRF-MT";"DEL02-MT";"UOP01-DEL02-MT"
402729;2021-12-19;"domingo";"06:00:00";"PR";376;597;"CURITIBA";"Ingestão de álcool pelo condutor";"Saída de leito carroçável";"Com Vítimas Feridas";"Pleno dia";"Crescente";"Céu Claro";"Dupla";"Reta";"Sim";1;0;1;0;0;0;1;1;-25,510571;-49,338848;"SPRF-PR";"DEL01-PR";"UOP01-DEL01-PR"
402730;2021-12-19;"domingo";"03:45:00";"MS";262;259,9;"RIBAS DO RIO PARDO";"Ingestão de álcool pelo condutor";"Colisão frontal";"Com Vítimas Feridas";"Amanhecer";"Decrescente";"Nublado";"Simples";"Aclive;Curva";"Não";5;0;5;0;0;0;5;2;-20,40617896;-53,92851101;"SPRF-MS";"DEL01-MS";"UOP01-DEL01-MS"
402731;2021-12-19;"domingo";"05:00:00";"MG";365;17,3;"MONTES CLAROS";"Chuva";"Tombamento";"Com Vítimas Feridas";"Amanhecer";"Crescente";"Chuva";"Simples";"Curva";"Não";14;0;1;0;13;0;1;1;-16,87724015;-43,993381;"SPRF-MG";"DEL12-MG";"UOP01-DEL12-MG"
402732;2021-12-17;"sexta-feira";"16:15:00";"MG";153;74;"MONTE ALEGRE DE MINAS";"Manobra de mudança de faixa";"Colisão frontal";"Com Vítimas Feridas";"Pleno dia";"Decrescente";"Nublado";"Simples";"Reta";"Não";5;0;2;0;3;0;2;2;-19,01386516;-49,01652635;"SPRF-MG";"DEL15-MG";"UOP03-DEL15-MG"
402733;2021-12-19;"domingo";"06:10:00";"RJ";101;297;"ITABORAI";"Velocidade Incompatível";"Colisão com objeto";"Sem Vítimas";"Pleno dia";"Crescente";"Céu Claro";"Dupla";"Reta";"Sim";1;0;0;0;0;1;0;1;-22,76942037;-42,91873581;"SPRF-RJ";"DEL02-RJ";"UOP02-DEL02-RJ"
402734;2021-12-18;"sábado";"22:00:00";"MT";364;440;"VARZEA GRANDE";"Ultrapassagem Indevida";"Colisão com objeto";"Sem Vítimas";"Plena Noite";"Crescente";"Nublado";"Simples";"Ponte";"Não";1;0;0;0;0;1;0;1;-15,6031459;-56,20415568;"SPRF-MT";"DEL01-MT";"UOP02-DEL01-MT"
402735;2021-12-19;"domingo";"05:00:00";"SC";282;164;"BOM RETIRO";"Ausência de reação do condutor";"Saída de leito carroçável";"Com Vítimas Feridas";"Amanhecer";"Crescente";"Garoa/Chuvisco";"Simples";"Reta";"Não";3;0;1;0;2;0;1;1;-27,733187;-49,792793;"SPRF-SC";"DEL05-SC";"UOP01-DEL05-SC"
402736;2021-12-19;"domingo";"06:00:00";"RJ";101;460;"ANGRA DOS REIS";"Condutor Dormindo";"Saída de leito carroçável";"Com Vítimas Fatais";"Amanhecer";"Decrescente";"Chuva";"Simples";"Curva";"Não";1;1;0;0;0;0;0;1;-23,03143796;-44,19451568;"SPRF-RJ";"DEL03-RJ";"UOP03-DEL03-RJ"
402737;2021-12-19;"domingo";"05:00:00";"PE";316;109;"BODOCO";"Condutor Dormindo";"Saída de leito carroçável";"Com Vítimas Feridas";"Amanhecer";"Crescente";"Nublado";"Simples";"Reta";"Não";1;0;1;0;0;0;1;1;-7,96936046;-39,87239278;"SPRF-PE";"DEL05-PE";"UOP02-DEL05-PE"
402738;2021-12-19;"domingo";"01:00:00";"SP";116;306;"SAO LOURENCO DA SERRA";"Condutor Dormindo";"Capotamento";"Sem Vítimas";"Plena Noite";"Decrescente";"Céu Claro";"Dupla";"Reta";"Não";1;0;0;0;0;1;0;1;-23,8486091;-46,93801566;"SPRF-SP";"DEL04-SP";"UOP01-DEL04-SP"
402739;2021-12-19;"domingo";"06:25:00";"PE";232;40,2;"VITORIA DE SANTO ANTAO";"Acessar a via sem observar a presença dos outros veículos";"Colisão lateral mesmo sentido";"Com Vítimas Fatais";"Pleno dia";"Crescente";"Céu Claro";"Dupla";"Reta";"Não";4;1;1;1;0;1;2;3;-8,114071;-35,241085;"SPRF-PE";"DEL01-PE";"UOP01-DEL01-PE"
402740;2021-12-19;"domingo";"03:00:00";"PR";280;309,6;"BARRACAO";"Ingestão de álcool e/ou substâncias psicoativas pelo pedestre";"Colisão lateral mesmo sentido";"Com Vítimas Feridas";"Plena Noite";"Crescente";"Céu Claro";"Simples";"Reta;Declive";"Não";5;0;1;0;3;1;1;2;-26,28988559;-53,47440109;"SPRF-PR";"DEL02-PR";"UOP01-DEL02-PR"
402741;2021-12-19;"domingo";"04:20:00";"RR";174;215;"RORAINOPOLIS";"Manobra de mudança de faixa";"Colisão frontal";"Sem Vítimas";"Amanhecer";"Crescente";"Céu Claro";"Simples";"Reta";"Não";5;0;0;0;4;1;0;2;0,968816;-60,411812;"SPRF-RR";"DEL01-RR";"UOP01-DEL01-RR"
402742;2021-12-19;"domingo";"06:00:00";"RS";470;174;"VERANOPOLIS";"Acessar a via sem observar a presença dos outros veículos";"Colisão traseira";"Com Vítimas Feridas";"Amanhecer";"Decrescente";"Céu Claro";"Simples";"Reta";"Não";3;0;0;1;2;0;1;2;-28,91371839;-51,54111754;"SPRF-RS";"DEL06-RS";"UOP02-DEL06-RS"
402743;2021-12-19;"domingo";"05:45:00";"RR";174;204;"RORAINOPOLIS";"Velocidade Incompatível";"Colisão traseira";"Com Vítimas Feridas";"Amanhecer";"Crescente";"Céu Claro";"Simples";"Declive";"Não";2;0;1;1;0;0;2;2;0,87383;-60,434399;"SPRF-RR";"DEL01-RR";"UOP01-DEL01-RR"
402744;2021-12-19;"domingo";"07:00:00";"MG";381;482,5;"BETIM";"Ausência de reação do condutor";"Colisão com objeto";"Com Vítimas Feridas";"Pleno dia";"Crescente";"Nublado";"Dupla";"Curva";"Sim";1;0;1;0;0;0;1;1;-19,95915056;-44,07371521;"SPRF-MG";"DEL01-MG";"UOP03-DEL01-MG"
402745;2021-12-19;"domingo";"07:40:00";"AL";104;88,9;"RIO LARGO";"Velocidade Incompatível";"Queda de ocupante de veículo";"Com Vítimas Feridas";"Pleno dia";"Crescente";"Céu Claro";"Dupla";"Reta";"Sim";1;0;0;1;0;0;1;1;-9,46802652;-35,82366943;"SPRF-AL";"DEL01-AL";"UOP01-DEL01-AL"
402747;2021-12-19;"domingo";"06:20:00";"RS";290;76;"GRAVATAI";"Ausência de reação do condutor";"Saída de leito carroçável";"Sem Vítimas";"Amanhecer";"Crescente";"Céu Claro";"Múltipla";"Reta";"Sim";1;0;0;0;0;1;0;1;-29,956612;-51,017124;"SPRF-RS";"DEL01-RS";"UOP01-DEL01-RS"
402748;2021-12-19;"domingo";"06:30:00";"RJ";116;186;"NOVA IGUACU";"Reação tardia ou ineficiente do condutor";"Colisão traseira";"Com Vítimas Fatais";"Pleno dia";"Crescente";"Céu Claro";"Múltipla";"Reta";"Não";4;1;2;1;0;0;3;2;-22,74213804;-43,5191524;"SPRF-RJ";"DEL01-RJ";"UOP02-DEL01-RJ"
402749;2021-12-19;"domingo";"06:10:00";"RS";470;198;"BENTO GONCALVES";"Ingestão de álcool pelo condutor";"Saída de leito carroçável";"Sem Vítimas";"Pleno dia";"Crescente";"Céu Claro";"Simples";"Curva";"Não";2;0;0;0;2;0;0;1;-29,05764849;-51,58750672;"SPRF-RS";"DEL06-RS";"UOP02-DEL06-RS"
402751;2021-12-19;"domingo";"02:20:00";"MG";381;581;"CARMOPOLIS DE MINAS";"Velocidade Incompatível";"Tombamento";"Com Vítimas Feridas";"Plena Noite";"Decrescente";"Nublado";"Simples";"Curva;Interseção de Vias;Declive";"Não";2;0;2;0;0;0;2;1;-20,48943829;-44,59889828;"SPRF-MG";"DEL04-MG";"UOP01-DEL04-MG"
402752;2021-12-19;"domingo";"04:30:00";"MG";365;490,6;"PATROCINIO";"Chuva";"Colisão transversal";"Com Vítimas Fatais";"Amanhecer";"Decrescente";"Chuva";"Simples";"Reta";"Não";7;1;4;2;0;0;6;2;-18,90316848;-47,15970299;"SPRF-MG";"DEL10-MG";"UOP01-DEL10-MG"
402753;2021-12-19;"domingo";"07:00:00";"PA";316;26;"BENEVIDES";"Ingestão de álcool pelo condutor";"Colisão traseira";"Com Vítimas Feridas";"Pleno dia";"Crescente";"Céu Claro";"Dupla";"Reta";"Não";4;0;1;1;1;1;2;4;-1,3252697;-48,232117;"SPRF-PA";"DEL01-PA";"UOP01-DEL01-PA"
402754;2021-12-19;"domingo";"07:00:00";"PR";376;176;"MARINGA";"Reação tardia ou ineficiente do condutor";"Colisão lateral mesmo sentido";"Com Vítimas Feridas";"Pleno dia";"Crescente";"Céu Claro";"Dupla";"Reta";"Sim";4;0;1;0;3;0;1;3;-23,41269173;-51,93158327;"SPRF-PR";"DEL09-PR";"UOP01-DEL09-PR"
402755;2021-12-19;"domingo";"05:00:00";"RJ";356;110;"CARDOSO MOREIRA";"Curva acentuada";"Saída de leito carroçável";"Com Vítimas Feridas";"Amanhecer";"Crescente";"Ignorado";"Simples";"Curva";"Não";1;0;1;0;0;0;1;1;-21,55895006;-41,45319306;"SPRF-RJ";"DEL08-RJ";"UOP03-DEL08-RJ"
402756;2021-12-19;"domingo";"08:40:00";"PR";116;38;"CAMPINA GRANDE DO SUL";"Reação tardia ou ineficiente do condutor";"Saída de leito carroçável";"Com Vítimas Feridas";"Pleno dia";"Decrescente";"Chuva";"Dupla";"Curva";"Não";1;0;1;0;0;0;1;1;-25,15297635;-48,86049271;"SPRF-PR";"DEL01-PR";"UOP02-DEL01-PR"
402757;2021-12-19;"domingo";"09:10:00";"SP";116;107,3;"TAUBATE";"Reação tardia ou ineficiente do condutor";"Engavetamento";"Com Vítimas Feridas";"Pleno dia";"Decrescente";"Céu Claro";"Dupla";"Reta";"Sim";6;0;1;0;4;1;1;4;-23,01791287;-45,53009409;"SPRF-SP";"DEL08-SP";"UOP01-DEL08-SP"
402759;2021-12-19;"domingo";"08:50:00";"SC";116;221,9;"CORREIA PINTO";"Mal súbito do condutor";"Saída de leito carroçável";"Com Vítimas Feridas";"Pleno dia";"Decrescente";"Céu Claro";"Simples";"Reta";"Não";1;0;1;0;0;0;1;1;-27,60219105;-50,35547018;"SPRF-SC";"DEL05-SC";"UOP03-DEL05-SC"
402760;2021-12-19;"domingo";"08:50:00";"PR";373;474,9;"CORONEL VIVIDA";"Mal súbito do condutor";"Colisão frontal";"Com Vítimas Feridas";"Pleno dia";"Decrescente";"Ignorado";"Simples";"Curva";"Não";5;0;5;0;0;0;5;2;-25,96536316;-52,50330704;"SPRF-PR";"DEL02-PR";"UOP01-DEL02-PR"
402762;2021-12-19;"domingo";"07:00:00";"SC";470;157,9;"TROMBUDO CENTRAL";"Velocidade Incompatível";"Tombamento";"Com Vítimas Feridas";"Pleno dia";"Crescente";"Garoa/Chuvisco";"Simples";"Curva";"Não";3;0;2;0;1;0;2;1;-27,285425;-49,76881;"SPRF-SC";"DEL04-SC";"UOP02-DEL04-SC"
402763;2021-12-19;"domingo";"09:00:00";"BA";116;778;"PLANALTO";"Reação tardia ou ineficiente do condutor";"Colisão com objeto";"Com Vítimas Feridas";"Pleno dia";"Decrescente";"Nublado";"Simples";"Reta";"Sim";5;0;2;0;3;0;2;2;-14,6157981;-40,44411375;"SPRF-BA";"DEL08-BA";"UOP02-DEL08-BA"
402764;2021-12-19;"domingo";"06:20:00";"MG";262;13,8;"MARTINS SOARES";"Ausência de reação do condutor";"Saída de leito carroçável";"Com Vítimas Feridas";"Amanhecer";"Decrescente";"Chuva";"Simples";"Reta";"Não";2;0;0;1;0;1;1;2;-20,25771509;-41,86161294;"SPRF-MG";"DEL06-MG";"UOP03-DEL06-MG"
402765;2021-12-19;"domingo";"09:20:00";"GO";40;5;"VALPARAISO DE GOIAS";"Acessar a via sem observar a presença dos outros veículos";"Colisão traseira";"Com Vítimas Feridas";"Pleno dia";"Crescente";"Nublado";"Dupla";"Retorno Regulamentado";"Sim";3;0;1;0;2;0;1;2;-16,093134;-47,982236;"SPRF-DF";"DEL01-DF";"UOP01-DEL01-DF"
402766;2021-12-19;"domingo";"10:15:00";"SP";116;100,5;"PINDAMONHANGABA";"Condutor deixou de manter distância do veículo da frente";"Colisão traseira";"Com Vítimas Feridas";"Pleno dia";"Decrescente";"Céu Claro";"Dupla";"Reta";"Não";3;0;1;0;2;0;1;2;-22,986552;-45,47276;"SPRF-SP";"DEL08-SP";"UOP01-DEL08-SP"
402767;2021-12-19;"domingo";"10:15:00";"SP";101;49;"UBATUBA";"Condutor deixou de manter distância do veículo da frente";"Colisão traseira";"Com Vítimas Feridas";"Pleno dia";"Crescente";"Chuva";"Simples";"Reta";"Sim";2;0;1;0;1;0;1;2;-23,44410908;-45,08375708;"SPRF-SP";"DEL06-SP";"UOP01-DEL06-SP"
402768;2021-12-19;"domingo";"08:30:00";"RR";174;511;"BOA VISTA";"Reação tardia ou ineficiente do condutor";"Saída de leito carroçável";"Com Vítimas Feridas";"Pleno dia";"Decrescente";"Céu Claro";"Simples";"Declive";"Sim";2;0;2;0;0;0;2;1;2,861408;-60,69804;"SPRF-RR";"DEL01-RR";"UOP01-DEL01-RR"
402769;2021-12-19;"domingo";"10:30:00";"GO";60;93,7;"ANAPOLIS";"Ingestão de álcool pelo condutor";"Colisão com objeto";"Com Vítimas Feridas";"Pleno dia";"Decrescente";"Chuva";"Dupla";"Viaduto";"Sim";1;0;1;0;0;0;1;1;-16,3538;-48,9268;"SPRF-GO";"DEL02-GO";"UOP01-DEL02-GO"
402770;2021-12-19;"domingo";"06:50:00";"ES";101;27,1;"CONCEICAO DA BARRA";"Reação tardia ou ineficiente do condutor";"Saída de leito carroçável";"Sem Vítimas";"Pleno dia";"Crescente";"Céu Claro";"Simples";"Reta";"Não";1;0;0;0;0;1;0;1;-18,38365905;-39,94481814;"SPRF-ES";"DEL04-ES";"UOP02-DEL04-ES"
402771;2021-12-19;"domingo";"10:50:00";"SP";116;228;"SAO PAULO";"Reação tardia ou ineficiente do condutor";"Colisão lateral mesmo sentido";"Com Vítimas Feridas";"Pleno dia";"Decrescente";"Céu Claro";"Múltipla";"Reta";"Sim";6;0;1;0;5;0;1;2;-23,50343484;-46,56638712;"SPRF-SP";"DEL01-SP";"UOP01-DEL01-SP"
402772;2021-12-19;"domingo";"10:50:00";"SC";101;81,6;"BARRA VELHA";"Trafegar com motocicleta (ou similar) entre as faixas";"Queda de ocupante de veículo";"Com Vítimas Feridas";"Pleno dia";"Crescente";"Céu Claro";"Dupla";"Aclive;Reta";"Não";2;0;1;1;0;0;2;1;-26,60256101;-48,72553524;"SPRF-SC";"DEL03-SC";"UOP02-DEL03-SC"
402773;2021-12-19;"domingo";"10:00:00";"MG";251;505,5;"FRANCISCO SA";"Velocidade Incompatível";"Saída de leito carroçável";"Com Vítimas Feridas";"Pleno dia";"Decrescente";"Chuva";"Simples";"Reta";"Não";1;0;1;0;0;0;1;1;-16,61623136;-43,68084596;"SPRF-MG";"DEL12-MG";"UOP01-DEL12-MG"
402774;2021-12-19;"domingo";"11:10:00";"MG";381;716;"CARMO DA CACHOEIRA";"Reação tardia ou ineficiente do condutor";"Saída de leito carroçável";"Com Vítimas Feridas";"Pleno dia";"Decrescente";"Nublado";"Dupla";"Aclive;Reta";"Não";2;0;2;0;0;0;2;1;-21,42971604;-45,2107686;"SPRF-MG";"DEL04-MG";"UOP02-DEL04-MG"
402775;2021-12-19;"domingo";"09:20:00";"SC";280;146;"MAFRA";"Velocidade Incompatível";"Capotamento";"Com Vítimas Feridas";"Pleno dia";"Decrescente";"Céu Claro";"Simples";"Curva";"Não";1;0;1;0;0;0;1;1;-26,25518456;-49,6620649;"SPRF-SC";"DEL06-SC";"UOP03-DEL06-SC"
402776;2021-12-19;"domingo";"06:25:00";"SC";280;88,4;"CORUPA";"Velocidade Incompatível";"Colisão frontal";"Com Vítimas Feridas";"Amanhecer";"Decrescente";"Nevoeiro/Neblina";"Simples";"Curva";"Não";5;0;2;1;2;0;3;2;-26,41552007;-49,26717599;"SPRF-SC";"DEL06-SC";"UOP03-DEL06-SC"
402777;2021-12-11;"sábado";"07:40:00";"SP";116;448;"REGISTRO";"Reação tardia ou ineficiente do condutor";"Saída de leito carroçável";"Com Vítimas Feridas";"Plena Noite";"Crescente";"Céu Claro";"Dupla";"Reta";"Não";1;0;1;0;0;0;1;1;-24,52099699;-47,85336602;"SPRF-SP";"DEL05-SP";"UOP01-DEL05-SP"
402778;2021-12-19;"domingo";"11:20:00";"RJ";116;189;"QUEIMADOS";"Animais na Pista";"Capotamento";"Com Vítimas Feridas";"Pleno dia";"Crescente";"Céu Claro";"Dupla";"Reta";"Sim";1;0;0;1;0;0;1;1;-22,73608482;-43,55120748;"SPRF-RJ";"DEL01-RJ";"UOP02-DEL01-RJ"
402779;2021-12-19;"domingo";"08:00:00";"BA";101;379;"IBIRAPITANGA";"Demais falhas mecânicas ou elétricas";"Incêndio";"Sem Vítimas";"Pleno dia";"Crescente";"Céu Claro";"Simples";"Reta";"Não";1;0;0;0;1;0;0;1;-13,98208099;-39,47893602;"SPRF-BA";"DEL05-BA";"UOP03-DEL05-BA"
402780;2021-12-19;"domingo";"10:40:00";"SC";101;131;"BALNEARIO CAMBORIU";"Reação tardia ou ineficiente do condutor";"Colisão traseira";"Sem Vítimas";"Pleno dia";"Crescente";"Céu Claro";"Dupla";"Reta";"Sim";2;0;0;0;2;0;0;2;-26,99064209;-48,66310912;"SPRF-SC";"DEL04-SC";"UOP03-DEL04-SC"
402783;2021-12-19;"domingo";"11:30:00";"SP";381;83;"SAO PAULO";"Pedestre andava na pista";"Atropelamento de Pedestre";"Com Vítimas Feridas";"Pleno dia";"Decrescente";"Sol";"Múltipla";"Reta";"Não";2;0;0;1;1;0;1;2;-23,4309671;-46,56998022;"SPRF-SP";"DEL03-SP";"UOP01-DEL03-SP"
402784;2021-12-19;"domingo";"11:50:00";"RS";472;142,7;"TRES DE MAIO";"Velocidade Incompatível";"Saída de leito carroçável";"Com Vítimas Fatais";"Pleno dia";"Crescente";"Céu Claro";"Simples";"Rotatória";"Não";1;1;0;0;0;0;0;1;-27,77046262;-54,34043884;"SPRF-RS";"DEL10-RS";"UOP01-DEL10-RS"
402786;2021-12-19;"domingo";"12:30:00";"GO";50;196,7;"CAMPO ALEGRE DE GOIAS";"Velocidade Incompatível";"Saída de leito carroçável";"Com Vítimas Feridas";"Pleno dia";"Crescente";"Nublado";"Dupla";"Curva";"Não";2;0;1;0;1;0;1;1;-17,5457;-47,8303;"SPRF-GO";"DEL06-GO";"UOP01-DEL06-GO"
402788;2021-12-16;"quinta-feira";"13:20:00";"MG";153;46,6;"CANAPOLIS";"Ausência de reação do condutor";"Saída de leito carroçável";"Com Vítimas Fatais";"Pleno dia";"Crescente";"Ignorado";"Dupla";"Reta;Declive";"Não";1;1;0;0;0;0;0;1;-18,79001521;-49,08442564;"SPRF-MG";"DEL15-MG";"UOP03-DEL15-MG"