"id";"data_inversa";"dia_semana";"horario";"uf";"br";"km";"municipio";"causa_acidente";"tipo_acidente";"classificacao_acidente";"fase_dia";"sentido_via";"condicao_metereologica";"tipo_pista";"tracado_via";"uso_solo";"pessoas";"mortos";"feridos_leves";"feridos_graves";"ilesos";"ignorados";"feridos";"veiculos";"latitude";"longitude";"regional";"delegacia";"uop"
402897;2021-12-19;"domingo";"21:10:00";"SC";280;67,5;"JARAGUA DO SUL";"Acessar a via sem observar a presença dos outros veículos";"Colisão transversal";"Com Vítimas Feridas";"Plena Noite";"Decrescente";"Nublado";"Simples";"Reta";"Não";2;0;0;1;0;1;1;2;-26,4775146;-49,10363575;"SPRF-SC";"DEL03-SC";"UOP03-DEL03-SC"
402898;2021-12-19;"domingo";"21:00:00";"SP";116;215;"GUARULHOS";"Ingestão de álcool pelo condutor";"Colisão transversal";"Sem Vítimas";"Plena Noite";"Decrescente";"Ignorado";"Múltipla";"Reta";"Sim";2;0;0;0;2;0;0;2;-23,44695693;-46,45394103;"SPRF-SP";"DEL01-SP";"UOP01-DEL01-SP"
402899;2021-12-19;"domingo";"14:50:00";"MG";262;362;"JUATUBA";"Velocidade Incompatível";"Tombamento";"Com Vítimas Feridas";"Pleno dia";"Decrescente";"Céu Claro";"Dupla";"Reta";"Sim";1;0;0;1;0;0;1;1;-19,97246143;-44,28005219;"SPRF-MG";"DEL01-MG";"UOP03-DEL01-MG"
402900;2021-12-19;"domingo";"20:42:00";"CE";116;375;"ICO";"Deficiência do Sistema de Iluminação/Sinalização";"Atropelamento de Pedestre";"Com Vítimas Feridas";"Plena Noite";"Crescente";"Céu Claro";"Simples";"Reta";"Não";2;0;2;0;0;0;2;2;-6,3951252;-38,83101685;"SPRF-CE";"DEL05-CE";"UOP01-DEL05-CE"
402903;2021-12-19;"domingo";"17:20:00";"RS";471;171,2;"RIO PARDO";"Ingestão de álcool pelo condutor";"Colisão com objeto";"Sem Vítimas";"Pleno dia";"Decrescente";"Céu Claro";"Simples";"Interseção de Vias";"Sim";5;0;0;0;5;0;0;1;-29,9967;-52,368134;"SPRF-RS";"DEL02-RS";"UOP03-DEL02-RS"
402904;2021-12-19;"domingo";"22:00:00";"SP";116;303;"SAO LOURENCO DA SERRA";"Ausência de reação do condutor";"Queda de ocupante de veículo";"Com Vítimas Feridas";"Plena Noite";"Decrescente";"Nublado";"Dupla";"Reta";"Não";1;0;1;0;0;0;1;1;-23,82760675;-46,92631345;"SPRF-SP";"DEL04-SP";"UOP01-DEL04-SP"
402905;2021-12-19;"domingo";"20:00:00";"AL";423;91;"DELMIRO GOUVEIA";"Ausência de reação do condutor";"Queda de ocupante de veículo";"Com Vítimas Feridas";"Plena Noite";"Crescente";"Nublado";"Simples";"Reta";"Não";1;0;0;1;0;0;1;1;-9,36383409;-38,08008697;"SPRF-BA";"DEL07-BA";"UOP01-DEL07-BA"
402906;2021-12-19;"domingo";"21:45:00";"DF";70;18;"BRASILIA";"Reação tardia ou ineficiente do condutor";"Saída de leito carroçável";"Sem Vítimas";"Plena Noite";"Crescente";"Chuva";"Dupla";"Declive;Reta";"Não";1;0;0;0;0;1;0;1;-15,791093;-48,21096;"SPRF-DF";"DEL03-DF";"UOP02-DEL03-DF"
402908;2021-12-19;"domingo";"19:40:00";"RO";319;63,8;"PORTO VELHO";"Ingestão de álcool pelo condutor";"Queda de ocupante de veículo";"Com Vítimas Feridas";"Plena Noite";"Crescente";"Nublado";"Dupla";"Reta";"Sim";1;0;1;0;0;0;1;1;-8,766685;-63,884052;"SPRF-RO";"DEL01-RO";"UOP01-DEL01-RO"
402910;2021-12-19;"domingo";"21:20:00";"SC";282;571;"PINHALZINHO";"Velocidade Incompatível";"Saída de leito carroçável";"Sem Vítimas";"Plena Noite";"Decrescente";"Céu Claro";"Simples";"Reta";"Não";1;0;0;0;1;0;0;1;-26,883053;-52,939816;"SPRF-SC";"DEL07-SC";"UOP02-DEL07-SC"
402911;2021-12-19;"domingo";"21:25:00";"RO";174;15;"VILHENA";"Desrespeitar a preferência no cruzamento";"Colisão transversal";"Com Vítimas Feridas";"Plena Noite";"Crescente";"Chuva";"Simples";"Interseção de Vias";"Sim";4;0;3;0;1;0;3;2;-12,723321;-60,12801;"SPRF-RO";"DEL04-RO";"UOP01-DEL04-RO"
402914;2021-12-19;"domingo";"20:10:00";"SC";101;99;"BALNEARIO PICARRAS";"Ingestão de álcool pelo condutor";"Colisão com objeto";"Sem Vítimas";"Plena Noite";"Decrescente";"Céu Claro";"Dupla";"Reta";"Não";1;0;0;0;0;1;0;1;-26,7471002;-48,69654831;"SPRF-SC";"DEL03-SC";"UOP02-DEL03-SC"
402915;2021-12-19;"domingo";"15:15:00";"RJ";101;322;"NITEROI";"Condutor deixou de manter distância do veículo da frente";"Colisão traseira";"Com Vítimas Feridas";"Pleno dia";"Decrescente";"Céu Claro";"Dupla";"Reta";"Não";2;0;1;0;1;0;1;2;-22,878923;-43,110676;"SPRF-RJ";"DEL02-RJ";"UOP02-DEL02-RJ"
402916;2021-12-19;"domingo";"22:50:00";"PR";376;1;"MARINGA";"Manobra de mudança de faixa";"Colisão traseira";"Com Vítimas Feridas";"Plena Noite";"Crescente";"Céu Claro";"Simples";"Reta";"Não";2;0;1;0;1;0;1;2;-23,4273;-51,9375;"SPRF-PR";"DEL09-PR";"UOP01-DEL09-PR"
402917;2021-12-19;"domingo";"23:00:00";"SE";235;9;"NOSSA SENHORA DO SOCORRO";"Trafegar com motocicleta (ou similar) entre as faixas";"Tombamento";"Com Vítimas Feridas";"Plena Noite";"Crescente";"Céu Claro";"Simples";"Viaduto";"Não";1;0;1;0;0;0;1;1;-10,883585;-37,13908;"SPRF-SE";"DEL01-SE";"UOP01-DEL01-SE"
402919;2021-12-19;"domingo";"22:20:00";"RJ";101;480;"ANGRA DOS REIS";"Velocidade Incompatível";"Saída de leito carroçável";"Com Vítimas Feridas";"Plena Noite";"Crescente";"Chuva";"Simples";"Reta";"Não";2;0;2;0;0;0;2;1;-23,01331268;-44,28361913;"SPRF-RJ";"DEL03-RJ";"UOP03-DEL03-RJ"
402920;2021-12-19;"domingo";"21:50:00";"RS";392;688;"ROQUE GONZALES";"Manobra de mudança de faixa";"Colisão traseira";"Com Vítimas Feridas";"Plena Noite";"Crescente";"Céu Claro";"Simples";"Reta";"Não";4;0;3;1;0;0;4;2;-28,10773379;-54,99630332;"SPRF-RS";"DEL10-RS";"UOP01-DEL10-RS"
402922;2021-12-19;"domingo";"22:40:00";"BA";101;505;"ITABUNA";"Ausência de reação do condutor";"Saída de leito carroçável";"Com Vítimas Fatais";"Plena Noite";"Decrescente";"Chuva";"Simples";"Reta";"Sim";2;2;0;0;0;0;0;1;-14,949265;-39,3042109;"SPRF-BA";"DEL05-BA";"UOP01-DEL05-BA"
402923;2021-12-19;"domingo";"22:50:00";"MG";50;174;"UBERABA";"Avarias e/ou desgaste excessivo no pneu";"Colisão com objeto";"Sem Vítimas";"Pleno dia";"Decrescente";"Céu Claro";"Dupla";"Retorno Regulamentado";"Não";1;0;0;0;1;0;0;1;-19,770817;-47,973434;"SPRF-MG";"DEL13-MG";"UOP01-DEL13-MG"
402924;2021-12-19;"domingo";"22:50:00";"PR";277;475,9;"NOVA LARANJEIRAS";"Ingestão de álcool e/ou substâncias psicoativas pelo pedestre";"Atropelamento de Pedestre";"Com Vítimas Fatais";"Plena Noite";"Decrescente";"Céu Claro";"Simples";"Reta";"Sim";3;1;0;0;2;0;0;2;-25,29608;-52,57233;"SPRF-PR";"DEL04-PR";"UOP02-DEL04-PR"
402925;2021-12-19;"domingo";"23:10:00";"PR";376;5;"APUCARANA";"Reação tardia ou ineficiente do condutor";"Colisão traseira";"Com Vítimas Feridas";"Plena Noite";"Crescente";"Céu Claro";"Simples";"Reta";"Sim";4;0;1;0;3;0;1;2;-23,54945829;-51,44984901;"SPRF-PR";"DEL07-PR";"UOP03-DEL07-PR"
402926;2021-12-19;"domingo";"23:30:00";"SP";381;62;"MAIRIPORA";"Ingestão de álcool pelo condutor";"Capotamento";"Sem Vítimas";"Plena Noite";"Crescente";"Nublado";"Dupla";"Curva";"Não";1;0;0;0;0;1;0;1;-23,29437896;-46,57254696;"SPRF-SP";"DEL03-SP";"UOP01-DEL03-SP"
402927;2021-12-19;"domingo";"19:15:00";"MG";365;727;"MONTE ALEGRE DE MINAS";"Velocidade Incompatível";"Saída de leito carroçável";"Com Vítimas Feridas";"Plena Noite";"Crescente";"Chuva";"Simples";"Reta";"Não";1;0;1;0;0;0;1;1;-18,89661013;-49,251117;"SPRF-MG";"DEL15-MG";"UOP03-DEL15-MG"
402928;2021-12-19;"domingo";"23:40:00";"SE";235;5,2;"NOSSA SENHORA DO SOCORRO";"Ingestão de álcool pelo condutor";"Saída de leito carroçável";"Sem Vítimas";"Plena Noite";"Crescente";"Céu Claro";"Dupla";"Reta";"Não";1;0;0;0;1;0;0;1;-10,9041;-37,1278;"SPRF-SE";"DEL01-SE";"UOP01-DEL01-SE"
402930;2021-12-19;"domingo";"19:00:00";"MG";365;788;"ITUIUTABA";"Chuva";"Saída de leito carroçável";"Sem Vítimas";"Plena Noite";"Crescente";"Chuva";"Simples";"Curva;Declive";"Não";1;0;0;0;1;0;0;1;-18,93412566;-49,7963047;"SPRF-MG";"DEL15-MG";"UOP03-DEL15-MG"
402932;2021-12-19;"domingo";"23:10:00";"RJ";101;54,1;"CAMPOS DOS GOYTACAZES";"Pista Escorregadia";"Queda de ocupante de veículo";"Com Vítimas Fatais";"Plena Noite";"Crescente";"Garoa/Chuvisco";"Simples";"Aclive;Reta";"Não";2;1;0;0;1;0;0;2;-21,66937699;-41,31111673;"SPRF-RJ";"DEL08-RJ";"UOP01-DEL08-RJ"
402934;2021-12-19;"domingo";"21:30:00";"PR";277;231;"TEIXEIRA SOARES";"Ausência de reação do condutor";"Saída de leito carroçável";"Sem Vítimas";"Plena Noite";"Decrescente";"Nublado";"Dupla";"Reta";"Não";1;0;0;0;1;0;0;1;-25,47102707;-50,47003802;"SPRF-PR";"DEL03-PR";"UOP03-DEL03-PR"
402935;2021-12-20;"segunda-feira";"01:10:00";"RS";290;89;"PORTO ALEGRE";"Entrada inopinada do pedestre";"Atropelamento de Pedestre";"Com Vítimas Fatais";"Plena Noite";"Decrescente";"Céu Claro";"Dupla";"Reta";"Não";2;1;0;0;1;0;0;2;-29,967892;-51,147331;"SPRF-RS";"DEL01-RS";"UOP01-DEL01-RS"
402936;2021-12-19;"domingo";"21:40:00";"BA";101;935,4;"MUCURI";"Ingestão de álcool pelo condutor";"Colisão frontal";"Com Vítimas Feridas";"Plena Noite";"Crescente";"Chuva";"Simples";"Reta";"Sim";2;0;0;1;1;0;1;2;-18,16840196;-39,91873914;"SPRF-BA";"DEL09-BA";"UOP02-DEL09-BA"
402937;2021-12-20;"segunda-feira";"00:00:00";"RJ";116;175;"NOVA IGUACU";"Ingestão de álcool pelo condutor";"Colisão traseira";"Com Vítimas Feridas";"Plena Noite";"Decrescente";"Céu Claro";"Múltipla";"Reta";"Sim";2;0;2;0;0;0;2;2;-22,76442159;-43,41816992;"SPRF-RJ";"DEL01-RJ";"UOP02-DEL01-RJ"
402938;2021-12-20;"segunda-feira";"00:50:00";"SC";101;214;"PALHOCA";"Ingestão de álcool pelo condutor";"Colisão com objeto";"Sem Vítimas";"Plena Noite";"Crescente";"Céu Claro";"Dupla";"Reta";"Sim";1;0;0;0;1;0;0;1;-27,64443;-48,67057;"SPRF-SC";"DEL01-SC";"UOP02-DEL01-SC"
402939;2021-12-20;"segunda-feira";"00:50:00";"PE";232;262,1;"ARCOVERDE";"Ausência de reação do condutor";"Saída de leito carroçável";"Com Vítimas Feridas";"Plena Noite";"Decrescente";"Céu Claro";"Simples";"Reta";"Não";5;0;0;5;0;0;5;1;-8,40982756;-37,146866;"SPRF-PE";"DEL03-PE";"UOP02-DEL03-PE"
402940;2021-12-19;"domingo";"23:35:00";"MS";267;482;"JARDIM";"Ingestão de álcool pelo condutor";"Saída de leito carroçável";"Com Vítimas Feridas";"Plena Noite";"Decrescente";"Céu Claro";"Simples";"Reta";"Sim";2;0;1;0;1;0;1;1;-21,48307021;-56,14631299;"SPRF-MS";"DEL05-MS";"UOP01-DEL05-MS"
402941;2021-12-19;"domingo";"23:30:00";"PE";423;94;"GARANHUNS";"Ingestão de álcool pelo condutor";"Saída de leito carroçável";"Com Vítimas Feridas";"Plena Noite";"Crescente";"Céu Claro";"Simples";"Reta";"Sim";1;0;0;1;0;0;1;1;-8,874732;-36,46946;"SPRF-PE";"DEL03-PE";"UOP01-DEL03-PE"
402943;2021-12-20;"segunda-feira";"02:00:00";"PE";424;1,5;"ARCOVERDE";"Ingestão de álcool pelo condutor";"Saída de leito carroçável";"Com Vítimas Fatais";"Plena Noite";"Crescente";"Céu Claro";"Simples";"Reta";"Não";1;1;0;0;0;0;0;1;-8,43892793;-37,05827086;"SPRF-PE";"DEL03-PE";"UOP02-DEL03-PE"
402946;2021-12-19;"domingo";"20:30:00";"CE";222;5,5;"CAUCAIA";"Ingestão de álcool pelo condutor";"Colisão com objeto";"Com Vítimas Feridas";"Plena Noite";"Crescente";"Céu Claro";"Múltipla";"Curva";"Sim";2;0;1;0;1;0;1;1;-3,74296918;-38,61330997;"SPRF-CE";"DEL01-CE";"UOP01-DEL01-CE"
402948;2021-12-20;"segunda-feira";"03:00:00";"GO";153;444;"ANAPOLIS";"Ingestão de álcool pelo condutor";"Colisão traseira";"Sem Vítimas";"Plena Noite";"Decrescente";"Céu Claro";"Dupla";"Rotatória";"Sim";2;0;0;0;2;0;0;2;-16,343756;-48,9245;"SPRF-GO";"DEL02-GO";"UOP01-DEL02-GO"
402949;2021-12-20;"segunda-feira";"01:50:00";"BA";101;364;"GANDU";"Transitar na contramão";"Colisão frontal";"Com Vítimas Fatais";"Plena Noite";"Decrescente";"Céu Claro";"Simples";"Curva";"Não";4;1;1;1;1;0;2;2;-13,86515405;-39,49574188;"SPRF-BA";"DEL05-BA";"UOP03-DEL05-BA"
402950;2021-12-20;"segunda-feira";"02:40:00";"BA";407;126,2;"SENHOR DO BONFIM";"Velocidade Incompatível";"Saída de leito carroçável";"Sem Vítimas";"Plena Noite";"Decrescente";"Nublado";"Simples";"Rotatória";"Sim";1;0;0;0;0;1;0;1;-10,4558193;-40,18119143;"SPRF-BA";"DEL04-BA";"UOP01-DEL04-BA"
402951;2021-12-20;"segunda-feira";"03:20:00";"PR";277;76;"SAO JOSE DOS PINHAIS";"Ingestão de álcool pelo condutor";"Colisão traseira";"Com Vítimas Fatais";"Plena Noite";"Decrescente";"Céu Claro";"Dupla";"Reta";"Não";3;1;0;1;1;0;1;2;-25,48371342;-49,19037759;"SPRF-PR";"DEL01-PR";"UOP01-DEL01-PR"
402954;2021-12-20;"segunda-feira";"05:00:00";"RJ";356;155;"CAMPOS DOS GOYTACAZES";"Reação tardia ou ineficiente do condutor";"Atropelamento de Pedestre";"Com Vítimas Fatais";"Plena Noite";"Crescente";"Céu Claro";"Simples";"Reta";"Não";2;1;0;0;1;0;0;2;-21,763507;-41,259795;"SPRF-RJ";"DEL08-RJ";"UOP02-DEL08-RJ"
402955;2021-12-20;"segunda-feira";"02:45:00";"PE";101;72,2;"RECIFE";"Reação tardia ou ineficiente do condutor";"Colisão traseira";"Com Vítimas Feridas";"Plena Noite";"Crescente";"Nublado";"Dupla";"Curva;Aclive";"Sim";2;0;1;0;1;0;1;2;-8,087695;-34,946767;"SPRF-PE";"DEL01-PE";"UOP01-DEL01-PE"
402956;2021-12-20;"segunda-feira";"05:00:00";"RN";304;278;"MACAIBA";"Transitar na contramão";"Colisão lateral sentido oposto";"Com Vítimas Feridas";"Amanhecer";"Crescente";"Céu Claro";"Simples";"Reta";"Não";3;0;0;2;0;1;2;2;-5,88606209;-35,50702102;"SPRF-RN";"DEL01-RN";"UOP02-DEL01-RN"
402957;2021-12-20;"segunda-feira";"05:10:00";"CE";20;425;"FORTALEZA";"Obras na pista";"Colisão com objeto";"Com Vítimas Feridas";"Pleno dia";"Decrescente";"Céu Claro";"Múltipla";"Curva;Em Obras";"Não";1;0;1;0;0;0;1;1;-3,76999035;-38,67006282;"SPRF-CE";"DEL01-CE";"UOP02-DEL01-CE"
402958;2021-12-20;"segunda-feira";"05:20:00";"GO";40;7,1;"VALPARAISO DE GOIAS";"Manobra de mudança de faixa";"Colisão traseira";"Com Vítimas Feridas";"Amanhecer";"Decrescente";"Nublado";"Dupla";"Reta";"Sim";2;0;1;0;1;0;1;2;-16,108482;-47,972524;"SPRF-DF";"DEL01-DF";"UOP01-DEL01-DF"
402959;2021-12-20;"segunda-feira";"05:45:00";"SC";101;33,2;"JOINVILLE";"Acessar a via sem observar a presença dos outros veículos";"Colisão lateral mesmo sentido";"Sem Vítimas";"Pleno dia";"Crescente";"Céu Claro";"Dupla";"Reta";"Não";2;0;0;0;2;0;0;2;-26,25658267;-48,90474916;"SPRF-SC";"DEL03-SC";"UOP01-DEL03-SC"
402960;2021-12-20;"segunda-feira";"05:40:00";"MG";40;800,3;"MATIAS BARBOSA";"Velocidade Incompatível";"Saída de leito carroçável";"Com Vítimas Feridas";"Pleno dia";"Crescente";"Céu Claro";"Dupla";"Reta";"Não";4;0;4;0;0;0;4;1;-21,83830804;-43,37465316;"SPRF-MG";"DEL05-MG";"UOP01-DEL05-MG"
402962;2021-12-20;"segunda-feira";"02:00:00";"RS";116;250;"SAO LEOPOLDO";"Reação tardia ou ineficiente do condutor";"Tombamento";"Com Vítimas Feridas";"Plena Noite";"Decrescente";"Céu Claro";"Dupla";"Curva";"Sim";1;0;1;0;0;0;1;1;-29,79148798;-51,16399615;"SPRF-RS";"DEL01-RS";"UOP02-DEL01-RS"
402963;2021-12-20;"segunda-feira";"05:55:00";"MG";381;350;"JOAO MONLEVADE";"Conversão proibida";"Colisão lateral mesmo sentido";"Com Vítimas Feridas";"Amanhecer";"Crescente";"Garoa/Chuvisco";"Simples";"Reta";"Não";4;0;1;2;1;0;3;2;-19,84953832;-43,15779198;"SPRF-MG";"DEL03-MG";"UOP01-DEL03-MG"
402964;2021-12-20;"segunda-feira";"04:00:00";"MT";364;386;"CUIABA";"Ausência de reação do condutor";"Capotamento";"Sem Vítimas";"Plena Noite";"Crescente";"Céu Claro";"Dupla";"Reta";"Não";1;0;0;0;1;0;0;1;-15,70220342;-55,81848;"SPRF-MT";"DEL01-MT";"UOP02-DEL01-MT"
402966;2021-12-20;"segunda-feira";"04:40:00";"SC";101;151,8;"ITAPEMA";"Condutor Dormindo";"Saída de leito carroçável";"Sem Vítimas";"Plena Noite";"Crescente";"Nublado";"Dupla";"Reta";"Sim";1;0;0;0;1;0;0;1;-27,126536;-48,609642;"SPRF-SC";"DEL04-SC";"UOP03-DEL04-SC"
402967;2021-12-19;"domingo";"22:00:00";"ES";482;104;"GUACUI";"Reação tardia ou ineficiente do condutor";"Queda de ocupante de veículo";"Com Vítimas Feridas";"Plena Noite";"Decrescente";"Nublado";"Simples";"Reta";"Sim";1;0;0;1;0;0;1;1;-20,7749648;-41,67600002;"SPRF-ES";"DEL03-ES";"UOP02-DEL03-ES"
402968;2021-12-20;"segunda-feira";"06:30:00";"RJ";116;166;"RIO DE JANEIRO";"Velocidade Incompatível";"Colisão lateral mesmo sentido";"Com Vítimas Feridas";"Pleno dia";"Decrescente";"Céu Claro";"Dupla";"Reta";"Sim";7;0;2;0;5;0;2;3;-22,81560263;-43,30051808;"SPRF-RJ";"DEL01-RJ";"UOP01-DEL01-RJ"
402969;2021-12-20;"segunda-feira";"06:30:00";"MG";381;857,4;"POUSO ALEGRE";"Condutor Dormindo";"Saída de leito carroçável";"Com Vítimas Feridas";"Pleno dia";"Crescente";"Nublado";"Dupla";"Reta";"Não";5;0;5;0;0;0;5;1;-22,3341773;-45,92156967;"SPRF-MG";"DEL16-MG";"UOP01-DEL16-MG"
402970;2021-12-20;"segunda-feira";"05:50:00";"PR";376;211;"MANDAGUARI";"Demais falhas mecânicas ou elétricas";"Incêndio";"Sem Vítimas";"Pleno dia";"Crescente";"Céu Claro";"Dupla";"Reta";"Não";3;0;0;0;3;0;0;1;-23,56411;-51,657597;"SPRF-PR";"DEL09-PR";"UOP01-DEL09-PR"
402971;2021-12-19;"domingo";"23:00:00";"ES";101;17,8;"PEDRO CANARIO";"Ingestão de álcool e/ou substâncias psicoativas pelo pedestre";"Saída de leito carroçável";"Sem Vítimas";"Plena Noite";"Crescente";"Nublado";"Simples";"Curva";"Não";1;0;0;0;0;1;0;1;-18,30705804;-39,95727392;"SPRF-ES";"DEL04-ES";"UOP02-DEL04-ES"
402973;2021-12-20;"segunda-feira";"04:30:00";"GO";60;123;"TEREZOPOLIS DE GOIAS";"Ausência de reação do condutor";"Colisão com objeto";"Sem Vítimas";"Plena Noite";"Crescente";"Céu Claro";"Dupla";"Reta";"Não";1;0;0;0;1;0;0;1;-16,5184;-49,1242;"SPRF-GO";"DEL01-GO";"UOP01-DEL01-GO"
402974;2021-12-20;"segunda-feira";"07:00:00";"RS";116;167,1;"CAXIAS DO SUL";"Mal súbito do condutor";"Colisão com objeto";"Com Vítimas Fatais";"Pleno dia";"Crescente";"Sol";"Simples";"Curva";"Não";1;1;0;0;0;0;0;1;-29,27521124;-51,1587288;"SPRF-RS";"DEL05-RS";"UOP02-DEL05-RS"
402975;2021-12-20;"segunda-feira";"06:30:00";"RJ";40;49;"DUQUE DE CAXIAS";"Avarias e/ou desgaste excessivo no pneu";"Tombamento";"Com Vítimas Feridas";"Pleno dia";"Crescente";"Céu Claro";"Dupla";"Reta";"Não";2;0;2;0;0;0;2;1;-22,671237;-43,291363;"SPRF-RJ";"DEL05-RJ";"UOP02-DEL05-RJ"
402976;2021-12-20;"segunda-feira";"07:15:00";"SC";101;139;"BALNEARIO CAMBORIU";"Ausência de reação do condutor";"Colisão traseira";"Com Vítimas Feridas";"Pleno dia";"Crescente";"Nublado";"Dupla";"Reta";"Sim";2;0;1;0;0;1;1;2;-27,02982303;-48,60115006;"SPRF-SC";"DEL04-SC";"UOP03-DEL04-SC"
402979;2021-12-20;"segunda-feira";"06:55:00";"MG";40;529;"CONTAGEM";"Manobra de mudança de faixa";"Colisão lateral mesmo sentido";"Com Vítimas Feridas";"Pleno dia";"Crescente";"Céu Claro";"Dupla";"Curva";"Sim";2;0;1;0;1;0;1;2;-19,91635592;-44,03966566;"SPRF-MG";"DEL01-MG";"UOP02-DEL01-MG"
402980;2021-12-20;"segunda-feira";"07:45:00";"RN";101;112;"PARNAMIRIM";"Manobra de mudança de faixa";"Colisão traseira";"Com Vítimas Feridas";"Pleno dia";"Decrescente";"Sol";"Dupla";"Reta";"Sim";2;0;1;0;0;1;1;2;-5,96429;-35,264877;"SPRF-RN";"DEL01-RN";"UOP01-DEL01-RN"
402981;2021-12-20;"segunda-feira";"07:00:00";"MG";356;268,2;"MURIAE";"Conversão proibida";"Colisão transversal";"Com Vítimas Feridas";"Pleno dia";"Crescente";"Nublado";"Simples";"Reta";"Sim";2;0;1;0;1;0;1;2;-21,12690881;-42,34244401;"SPRF-MG";"DEL07-MG";"UOP02-DEL07-MG"
402982;2021-12-20;"segunda-feira";"07:24:00";"MG";116;703,1;"MURIAE";"Desrespeitar a preferência no cruzamento";"Colisão transversal";"Com Vítimas Feridas";"Pleno dia";"Decrescente";"Nublado";"Simples";"Reta";"Sim";2;0;1;0;1;0;1;2;-21,12682309;-42,3832189;"SPRF-MG";"DEL07-MG";"UOP02-DEL07-MG"
402983;2021-12-20;"segunda-feira";"07:55:00";"BA";324;7;"FEIRA DE SANTANA";"Reação tardia ou ineficiente do condutor";"Tombamento";"Com Vítimas Feridas";"Pleno dia";"Decrescente";"Céu Claro";"Dupla";"Viaduto";"Sim";2;0;2;0;0;0;2;1;-12,26949784;-38,98826592;"SPRF-BA";"DEL02-BA";"UOP01-DEL02-BA"
402985;2021-12-20;"segunda-feira";"06:00:00";"MG";365;217;"BURITIZEIRO";"Ausência de reação do condutor";"Colisão frontal";"Com Vítimas Fatais";"Amanhecer";"Crescente";"Garoa/Chuvisco";"Simples";"Reta";"Não";7;3;2;2;0;0;4;2;-17,58650609;-45,35240094;"SPRF-MG";"DEL12-MG";"UOP01-DEL12-MG"
402986;2021-12-20;"segunda-feira";"07:30:00";"PB";230;206,4;"SOLEDADE";"Desvio temporário";"Colisão lateral sentido oposto";"Com Vítimas Feridas";"Pleno dia";"Decrescente";"Céu Claro";"Simples";"Reta";"Não";7;0;5;1;1;0;6;2;-7,09;-36,2887;"SPRF-PB";"DEL02-PB";"UOP02-DEL02-PB"
402987;2021-12-20;"segunda-feira";"07:45:00";"RS";287;248;"SANTA MARIA";"Acessar a via sem observar a presença dos outros veículos";"Colisão transversal";"Com Vítimas Feridas";"Pleno dia";"Crescente";"Céu Claro";"Simples";"Reta";"Sim";2;0;1;0;1;0;1;2;-29,69535045;-53,85559201;"SPRF-RS";"DEL09-RS";"UOP01-DEL09-RS"
402988;2021-12-20;"segunda-feira";"05:30:00";"RR";401;19;"BONFIM";"Condutor Dormindo";"Saída de leito carroçável";"Sem Vítimas";"Amanhecer";"Crescente";"Céu Claro";"Simples";"Reta";"Não";1;0;0;0;1;0;0;1;2,86722075;-60,55476773;"SPRF-RR";"DEL01-RR";"UOP01-DEL01-RR"
402991;2021-12-20;"segunda-feira";"08:40:00";"PB";230;22;"JOAO PESSOA";"Condutor deixou de manter distância do veículo da frente";"Colisão traseira";"Com Vítimas Feridas";"Pleno dia";"Decrescente";"Sol";"Dupla";"Reta";"Sim";2;0;1;0;1;0;1;2;-7,1495;-34,8517;"SPRF-PB";"DEL01-PB";"UOP01-DEL01-PB"
402992;2021-12-20;"segunda-feira";"09:00:00";"PR";116;115;"CURITIBA";"Trafegar com motocicleta (ou similar) entre as faixas";"Colisão traseira";"Com Vítimas Feridas";"Pleno dia";"Decrescente";"Céu Claro";"Dupla";"Reta";"Sim";2;0;0;1;1;0;1;2;-25,55953326;-49,26560414;"SPRF-PR";"DEL01-PR";"UOP01-DEL01-PR"
402994;2021-12-20;"segunda-feira";"08:00:00";"MG";381;688;"LAVRAS";"Demais falhas mecânicas ou elétricas";"Saída de leito carroçável";"Com Vítimas Feridas";"Pleno dia";"Decrescente";"Sol";"Dupla";"Curva;Declive";"Não";1;0;1;0;0;0;1;1;-21,21737985;-45,1265452;"SPRF-MG";"DEL04-MG";"UOP02-DEL04-MG"
402997;2021-12-20;"segunda-feira";"09:05:00";"PR";369;147,2;"LONDRINA";"Ausência de reação do condutor";"Colisão traseira";"Com Vítimas Feridas";"Pleno dia";"Crescente";"Céu Claro";"Dupla";"Reta;Aclive";"Sim";9;0;2;0;7;0;2;4;-23,29298049;-51,13952279;"SPRF-PR";"DEL07-PR";"UOP01-DEL07-PR"
402999;2021-12-20;"segunda-feira";"09:00:00";"MG";40;531,8;"BELO HORIZONTE";"Trafegar com motocicleta (ou similar) entre as faixas";"Colisão lateral mesmo sentido";"Com Vítimas Feridas";"Pleno dia";"Crescente";"Céu Claro";"Dupla";"Reta";"Não";3;0;2;0;1;0;2;2;-19,91962483;-44,02522683;"SPRF-MG";"DEL01-MG";"UOP02-DEL01-MG"
403000;2021-12-20;"segunda-feira";"05:00:00";"MG";116;512,7;"UBAPORANGA";"Condutor Dormindo";"Saída de leito carroçável";"Com Vítimas Feridas";"Amanhecer";"Decrescente";"Nublado";"Simples";"Ponte";"Não";2;0;1;1;0;0;2;1;-19,66095102;-42,11695495;"SPRF-MG";"DEL06-MG";"UOP02-DEL06-MG"
403002;2021-12-20;"segunda-feira";"07:30:00";"PR";153;387;"MALLET";"Velocidade Incompatível";"Colisão traseira";"Com Vítimas Feridas";"Pleno dia";"Decrescente";"Sol";"Simples";"Reta;Declive";"Não";3;0;2;1;0;0;3;2;-25,85785509;-50,84160408;"SPRF-PR";"DEL02-PR";"UOP04-DEL02-PR"