"id";"data_inversa";"dia_semana";"horario";"uf";"br";"km";"municipio";"causa_acidente";"tipo_acidente";"classificacao_acidente";"fase_dia";"sentido_via";"condicao_metereologica";"tipo_pista";"tracado_via";"uso_solo";"pessoas";"mortos";"feridos_leves";"feridos_graves";"ilesos";"ignorados";"feridos";"veiculos";"latitude";"longitude";"regional";"delegacia";"uop"
403117;2021-12-20;"segunda-feira";"21:40:00";"PR";277;78;"CURITIBA";"Ausência de reação do condutor";"Colisão traseira";"Com Vítimas Feridas";"Plena Noite";"Crescente";"Céu Claro";"Dupla";"Aclive";"Sim";1;0;1;0;0;0;1;1;-25,47969695;-49,20038223;"SPRF-PR";"DEL01-PR";"UOP01-DEL01-PR"
403118;2021-12-20;"segunda-feira";"21:00:00";"PB";230;156,8;"CAMPINA GRANDE";"Ausência de reação do condutor";"Colisão traseira";"Com Vítimas Feridas";"Plena Noite";"Decrescente";"Céu Claro";"Simples";"Reta";"Não";2;0;2;0;0;0;2;2;-7,2693;-35,9138;"SPRF-PB";"DEL02-PB";"UOP01-DEL02-PB"
403119;2021-12-20;"segunda-feira";"21:50:00";"MG";381;483,5;"BETIM";"Reação tardia ou ineficiente do condutor";"Colisão lateral mesmo sentido";"Com Vítimas Feridas";"Plena Noite";"Decrescente";"Nublado";"Dupla";"Aclive;Curva";"Sim";4;0;1;0;2;1;1;2;-19,95971529;-44,09010887;"SPRF-MG";"DEL01-MG";"UOP03-DEL01-MG"
403120;2021-12-16;"quinta-feira";"20:50:00";"CE";116;37;"HORIZONTE";"Condutor deixou de manter distância do veículo da frente";"Colisão traseira";"Com Vítimas Feridas";"Plena Noite";"Decrescente";"Céu Claro";"Dupla";"Reta";"Sim";3;0;2;0;0;1;2;2;-4,07195917;-38,50135088;"SPRF-CE";"DEL01-CE";"UOP02-DEL01-CE"
403121;2021-12-20;"segunda-feira";"22:00:00";"PR";277;379;"GUARAPUAVA";"Manobra de mudança de faixa";"Queda de ocupante de veículo";"Com Vítimas Feridas";"Plena Noite";"Decrescente";"Céu Claro";"Simples";"Curva";"Não";1;0;1;0;0;0;1;1;-25,4106674;-51,77317858;"SPRF-PR";"DEL08-PR";"UOP01-DEL08-PR"
403124;2021-12-20;"segunda-feira";"22:35:00";"PR";376;214;"MANDAGUARI";"Avarias e/ou desgaste excessivo no pneu";"Queda de ocupante de veículo";"Com Vítimas Feridas";"Plena Noite";"Crescente";"Céu Claro";"Dupla";"Reta";"Não";2;0;2;0;0;0;2;1;-23,588165;-51,64554;"SPRF-PR";"DEL09-PR";"UOP01-DEL09-PR"
403125;2021-12-20;"segunda-feira";"22:10:00";"MA";222;669,9;"ACAILANDIA";"Animais na Pista";"Atropelamento de Animal";"Com Vítimas Feridas";"Plena Noite";"Crescente";"Céu Claro";"Simples";"Reta";"Sim";1;0;0;1;0;0;1;1;-4,9115858;-47,41511612;"SPRF-MA";"DEL04-MA";"UOP03-DEL04-MA"
403127;2021-12-20;"segunda-feira";"21:20:00";"RJ";40;117;"DUQUE DE CAXIAS";"Manobra de mudança de faixa";"Colisão lateral mesmo sentido";"Com Vítimas Feridas";"Plena Noite";"Decrescente";"Nublado";"Múltipla";"Reta";"Não";2;0;2;0;0;0;2;1;-22,745676;-43,2881;"SPRF-RJ";"DEL01-RJ";"UOP01-DEL01-RJ"
403129;2021-12-21;"terça-feira";"00:40:00";"BA";110;220;"NOVA SOURE";"Condutor Dormindo";"Colisão traseira";"Com Vítimas Feridas";"Plena Noite";"Decrescente";"Céu Claro";"Simples";"Reta";"Não";6;0;4;0;2;0;4;2;-11,268002;-38,448806;"SPRF-BA";"DEL07-BA";"UOP02-DEL07-BA"
403134;2021-12-21;"terça-feira";"00:30:00";"MS";163;780;"PEDRO GOMES";"Animais na Pista";"Colisão com objeto";"Com Vítimas Feridas";"Plena Noite";"Crescente";"Céu Claro";"Simples";"Reta";"Não";4;0;2;0;2;0;2;1;-18,09550501;-54,69556896;"SPRF-MS";"DEL06-MS";"UOP01-DEL06-MS"
403139;2021-12-21;"terça-feira";"04:00:00";"SC";101;134;"BALNEARIO CAMBORIU";"Ingestão de álcool pelo condutor";"Colisão traseira";"Com Vítimas Feridas";"Plena Noite";"Crescente";"Nublado";"Dupla";"Reta";"Não";2;0;1;0;1;0;1;2;-27,00218;-48,636433;"SPRF-SC";"DEL04-SC";"UOP03-DEL04-SC"
403140;2021-12-21;"terça-feira";"03:25:00";"PR";277;476,2;"NOVA LARANJEIRAS";"Transitar no acostamento";"Atropelamento de Pedestre";"Com Vítimas Feridas";"Plena Noite";"Decrescente";"Céu Claro";"Simples";"Reta";"Não";2;0;0;1;0;1;1;2;-25,29519612;-52,57302501;"SPRF-PR";"DEL04-PR";"UOP02-DEL04-PR"
403143;2021-12-21;"terça-feira";"05:15:00";"GO";40;7,8;"LUZIANIA";"Transitar no acostamento";"Colisão traseira";"Com Vítimas Fatais";"Amanhecer";"Decrescente";"Nublado";"Dupla";"Reta";"Sim";2;1;0;0;0;1;0;2;-16,108482;-47,972524;"SPRF-DF";"DEL01-DF";"UOP01-DEL01-DF"
403144;2021-12-21;"terça-feira";"05:30:00";"ES";101;296;"CARIACICA";"Acessar a via sem observar a presença dos outros veículos";"Colisão lateral mesmo sentido";"Com Vítimas Feridas";"Pleno dia";"Decrescente";"Chuva";"Dupla";"Reta";"Sim";2;0;1;0;0;1;1;2;-20,34377597;-40,40713917;"SPRF-ES";"DEL01-ES";"UOP01-DEL01-ES"
403147;2021-12-21;"terça-feira";"04:30:00";"GO";20;65;"FORMOSA";"Velocidade Incompatível";"Atropelamento de Pedestre";"Sem Vítimas";"Pleno dia";"Crescente";"Céu Claro";"Simples";"Reta";"Sim";2;0;0;0;1;1;0;2;-15,213036;-47,157516;"SPRF-DF";"DEL02-DF";"UOP01-DEL02-DF"
403148;2021-12-21;"terça-feira";"05:40:00";"BA";116;836;"VITORIA DA CONQUISTA";"Reação tardia ou ineficiente do condutor";"Saída de leito carroçável";"Com Vítimas Feridas";"Amanhecer";"Crescente";"Nublado";"Simples";"Reta";"Não";1;0;1;0;0;0;1;1;-14,88507194;-40,85883509;"SPRF-BA";"DEL08-BA";"UOP01-DEL08-BA"
403149;2021-12-21;"terça-feira";"06:20:00";"RN";101;81,4;"NATAL";"Ingestão de álcool pelo condutor";"Colisão traseira";"Com Vítimas Feridas";"Pleno dia";"Decrescente";"Sol";"Dupla";"Reta";"Sim";4;0;3;0;1;0;3;2;-5,76469466;-35,28295988;"SPRF-RN";"DEL02-RN";"UOP01-DEL02-RN"
403150;2021-12-21;"terça-feira";"06:10:00";"MG";40;511;"RIBEIRAO DAS NEVES";"Reação tardia ou ineficiente do condutor";"Colisão transversal";"Sem Vítimas";"Pleno dia";"Crescente";"Céu Claro";"Dupla";"Interseção de Vias";"Sim";3;0;0;0;3;0;0;2;-19,78164295;-44,11733194;"SPRF-MG";"DEL01-MG";"UOP02-DEL01-MG"
403152;2021-12-21;"terça-feira";"06:55:00";"BA";324;571;"SAO SEBASTIAO DO PASSE";"Ausência de reação do condutor";"Saída de leito carroçável";"Com Vítimas Feridas";"Pleno dia";"Decrescente";"Nublado";"Dupla";"Reta";"Não";1;0;1;0;0;0;1;1;-12,55142914;-38,57416911;"SPRF-BA";"DEL01-BA";"UOP01-DEL01-BA"
403153;2021-12-21;"terça-feira";"07:20:00";"RS";116;108,5;"SAO MARCOS";"Acessar a via sem observar a presença dos outros veículos";"Colisão transversal";"Com Vítimas Feridas";"Pleno dia";"Decrescente";"Sol";"Simples";"Curva";"Sim";3;0;2;0;1;0;2;2;-28,92514807;-51,09447449;"SPRF-RS";"DEL05-RS";"UOP01-DEL05-RS"
403154;2021-12-21;"terça-feira";"06:15:00";"ES";259;58;"COLATINA";"Acessar a via sem observar a presença dos outros veículos";"Colisão transversal";"Com Vítimas Feridas";"Pleno dia";"Decrescente";"Nublado";"Simples";"Reta";"Não";2;0;1;0;0;1;1;2;-19,514467;-40,660786;"SPRF-ES";"DEL02-ES";"UOP01-DEL02-ES"
403155;2021-12-21;"terça-feira";"07:50:00";"BA";324;571;"SAO SEBASTIAO DO PASSE";"Reação tardia ou ineficiente do condutor";"Tombamento";"Com Vítimas Feridas";"Pleno dia";"Crescente";"Céu Claro";"Dupla";"Reta";"Não";1;0;1;0;0;0;1;1;-12,55142914;-38,57416911;"SPRF-BA";"DEL01-BA";"UOP01-DEL01-BA"
403159;2021-12-21;"terça-feira";"07:45:00";"PR";277;596,1;"CASCAVEL";"Condutor deixou de manter distância do veículo da frente";"Colisão traseira";"Com Vítimas Feridas";"Pleno dia";"Crescente";"Sol";"Dupla";"Reta";"Sim";2;0;1;0;0;1;1;2;-24,98837665;-53,50778641;"SPRF-PR";"DEL04-PR";"UOP01-DEL04-PR"
403160;2021-12-21;"terça-feira";"07:20:00";"CE";20;416;"MARACANAU";"Acessar a via sem observar a presença dos outros veículos";"Colisão transversal";"Sem Vítimas";"Pleno dia";"Crescente";"Chuva";"Dupla";"Retorno Regulamentado";"Sim";3;0;0;0;3;0;0;3;-3,76999035;-38,67006282;"SPRF-CE";"DEL01-CE";"UOP02-DEL01-CE"
403161;2021-12-21;"terça-feira";"07:20:00";"SC";480;123,5;"CHAPECO";"Condutor deixou de manter distância do veículo da frente";"Colisão traseira";"Sem Vítimas";"Pleno dia";"Decrescente";"Sol";"Dupla";"Interseção de Vias";"Não";2;0;0;0;2;0;0;2;-26,99739704;-52,64201951;"SPRF-SC";"DEL07-SC";"UOP01-DEL07-SC"
403162;2021-12-21;"terça-feira";"07:45:00";"PR";376;228,7;"APUCARANA";"Animais na Pista";"Saída de leito carroçável";"Com Vítimas Feridas";"Pleno dia";"Crescente";"Céu Claro";"Dupla";"Reta";"Não";1;0;1;0;0;0;1;1;-23,56925406;-51,54729492;"SPRF-PR";"DEL07-PR";"UOP02-DEL07-PR"
403163;2021-12-21;"terça-feira";"08:20:00";"RS";386;345,1;"LAJEADO";"Reação tardia ou ineficiente do condutor";"Engavetamento";"Com Vítimas Feridas";"Pleno dia";"Crescente";"Céu Claro";"Dupla";"Reta";"Sim";6;0;1;0;5;0;1;4;-29,439268;-51,993633;"SPRF-RS";"DEL04-RS";"UOP01-DEL04-RS"
403164;2021-12-21;"terça-feira";"08:00:00";"SC";101;199;"BIGUACU";"Condutor deixou de manter distância do veículo da frente";"Colisão traseira";"Sem Vítimas";"Pleno dia";"Crescente";"Céu Claro";"Dupla";"Reta";"Sim";2;0;0;0;2;0;0;1;-27,53413705;-48,63003205;"SPRF-SC";"DEL01-SC";"UOP01-DEL01-SC"
403165;2021-12-21;"terça-feira";"08:10:00";"PE";232;11;"JABOATAO DOS GUARARAPES";"Condutor deixou de manter distância do veículo da frente";"Colisão traseira";"Com Vítimas Feridas";"Pleno dia";"Crescente";"Nublado";"Dupla";"Aclive";"Sim";2;0;1;0;1;0;1;2;-8,082506;-34,996259;"SPRF-PE";"DEL01-PE";"UOP01-DEL01-PE"
403167;2021-12-21;"terça-feira";"07:30:00";"PR";158;505,2;"CORONEL VIVIDA";"Acessar a via sem observar a presença dos outros veículos";"Colisão transversal";"Com Vítimas Feridas";"Pleno dia";"Crescente";"Céu Claro";"Simples";"Reta";"Não";2;0;1;1;0;0;2;2;-26,00646118;-52,56729684;"SPRF-PR";"DEL02-PR";"UOP01-DEL02-PR"
403170;2021-12-21;"terça-feira";"09:25:00";"SC";101;117,2;"ITAJAI";"Pedestre cruzava a pista fora da faixa";"Atropelamento de Pedestre";"Com Vítimas Feridas";"Pleno dia";"Decrescente";"Sol";"Múltipla";"Reta";"Sim";2;0;0;1;1;0;1;2;-26,88747187;-48,72252969;"SPRF-SC";"DEL04-SC";"UOP04-DEL04-SC"
403172;2021-12-21;"terça-feira";"08:20:00";"GO";153;507,1;"APARECIDA DE GOIANIA";"Reação tardia ou ineficiente do condutor";"Colisão traseira";"Sem Vítimas";"Pleno dia";"Crescente";"Sol";"Dupla";"Reta";"Sim";3;0;0;0;3;0;0;3;-16,7715;-49,2387;"SPRF-GO";"DEL01-GO";"UOP03-DEL01-GO"
403173;2021-12-21;"terça-feira";"09:45:00";"RN";405;78;"APODI";"Acessar a via sem observar a presença dos outros veículos";"Colisão transversal";"Com Vítimas Feridas";"Pleno dia";"Crescente";"Céu Claro";"Simples";"Reta";"Sim";2;0;1;0;0;1;1;2;-5,66792429;-37,79265324;"SPRF-RN";"DEL04-RN";"UOP02-DEL04-RN"
403176;2021-12-21;"terça-feira";"08:40:00";"SP";116;364;"MIRACATU";"Velocidade Incompatível";"Queda de ocupante de veículo";"Com Vítimas Feridas";"Pleno dia";"Crescente";"Céu Claro";"Dupla";"Curva";"Não";1;0;1;0;0;0;1;1;-24,14377738;-47,27202415;"SPRF-SP";"DEL04-SP";"UOP02-DEL04-SP"
403177;2021-12-21;"terça-feira";"10:20:00";"SC";280;28;"ARAQUARI";"Demais falhas na via";"Tombamento";"Com Vítimas Feridas";"Pleno dia";"Crescente";"Céu Claro";"Simples";"Reta";"Sim";1;0;1;0;0;0;1;1;-26,40450077;-48,74561031;"SPRF-SC";"DEL03-SC";"UOP03-DEL03-SC"
403178;2021-12-21;"terça-feira";"08:40:00";"PR";376;644;"TIJUCAS DO SUL";"Ausência de reação do condutor";"Colisão com objeto";"Com Vítimas Feridas";"Pleno dia";"Decrescente";"Céu Claro";"Dupla";"Rotatória";"Não";1;0;0;1;0;0;1;1;-25,81419584;-49,13167969;"SPRF-PR";"DEL01-PR";"UOP04-DEL01-PR"
403179;2021-12-21;"terça-feira";"11:00:00";"ES";101;145,9;"LINHARES";"Ausência de reação do condutor";"Colisão traseira";"Com Vítimas Feridas";"Pleno dia";"Decrescente";"Nublado";"Simples";"Reta";"Não";47;0;2;0;45;0;2;2;-19,36089598;-40,06464018;"SPRF-ES";"DEL04-ES";"UOP01-DEL04-ES"
403180;2021-12-21;"terça-feira";"11:15:00";"PR";369;160;"CAMBE";"Demais falhas mecânicas ou elétricas";"Colisão lateral mesmo sentido";"Sem Vítimas";"Pleno dia";"Crescente";"Céu Claro";"Dupla";"Curva";"Sim";2;0;0;0;2;0;0;2;-23,28144323;-51,257658;"SPRF-PR";"DEL07-PR";"UOP01-DEL07-PR"
403181;2021-12-21;"terça-feira";"10:00:00";"RO";174;13;"VILHENA";"Manobra de mudança de faixa";"Colisão lateral mesmo sentido";"Com Vítimas Feridas";"Pleno dia";"Decrescente";"Céu Claro";"Dupla";"Reta";"Sim";3;0;1;0;2;0;1;2;-12,74140004;-60,13026401;"SPRF-RO";"DEL04-RO";"UOP01-DEL04-RO"
403182;2021-12-21;"terça-feira";"10:15:00";"RJ";116;186;"NOVA IGUACU";"Pedestre andava na pista";"Atropelamento de Pedestre";"Com Vítimas Feridas";"Pleno dia";"Crescente";"Céu Claro";"Dupla";"Reta";"Sim";2;0;0;1;0;1;1;2;-22,73962339;-43,46276495;"SPRF-RJ";"DEL01-RJ";"UOP02-DEL01-RJ"
403184;2021-12-21;"terça-feira";"11:40:00";"PR";476;132,2;"CURITIBA";"Manobra de mudança de faixa";"Colisão lateral mesmo sentido";"Com Vítimas Feridas";"Pleno dia";"Crescente";"Céu Claro";"Simples";"Reta";"Sim";2;0;1;0;1;0;1;2;-25,460718;-49,250488;"SPRF-PR";"DEL01-PR";"UOP03-DEL01-PR"
403185;2021-12-21;"terça-feira";"10:55:00";"MS";267;223;"NOVA ALVORADA DO SUL";"Reação tardia ou ineficiente do condutor";"Tombamento";"Com Vítimas Feridas";"Pleno dia";"Decrescente";"Céu Claro";"Simples";"Reta";"Não";1;0;1;0;0;0;1;1;-21,5460689;-54,15280392;"SPRF-MS";"DEL02-MS";"UOP01-DEL02-MS"
403188;2021-12-21;"terça-feira";"13:00:00";"RJ";116;180;"NOVA IGUACU";"Manobra de mudança de faixa";"Colisão lateral mesmo sentido";"Com Vítimas Feridas";"Pleno dia";"Decrescente";"Céu Claro";"Múltipla";"Reta";"Sim";3;0;1;0;2;0;1;3;-22,7651616;-43,4154728;"SPRF-RJ";"DEL01-RJ";"UOP02-DEL01-RJ"
403189;2021-12-21;"terça-feira";"12:30:00";"PR";376;469;"PONTA GROSSA";"Velocidade Incompatível";"Queda de ocupante de veículo";"Com Vítimas Feridas";"Pleno dia";"Crescente";"Sol";"Dupla";"Reta";"Não";1;0;1;0;0;0;1;1;-25,03974803;-50,27969674;"SPRF-PR";"DEL03-PR";"UOP01-DEL03-PR"
403190;2021-12-21;"terça-feira";"13:00:00";"RS";290;61;"GRAVATAI";"Condutor Dormindo";"Colisão com objeto";"Com Vítimas Feridas";"Pleno dia";"Decrescente";"Céu Claro";"Dupla";"Reta";"Não";2;0;0;1;1;0;1;1;-29,92609247;-50,86250609;"SPRF-RS";"DEL03-RS";"UOP01-DEL03-RS"
403191;2021-12-21;"terça-feira";"11:45:00";"PR";277;711,4;"SANTA TEREZINHA DE ITAIPU";"Avarias e/ou desgaste excessivo no pneu";"Queda de ocupante de veículo";"Com Vítimas Feridas";"Pleno dia";"Decrescente";"Céu Claro";"Dupla";"Reta";"Não";2;0;1;1;0;0;2;1;-25,45408037;-54,42224885;"SPRF-PR";"DEL05-PR";"UOP01-DEL05-PR"
403192;2021-12-21;"terça-feira";"10:00:00";"GO";60;166;"GOIANIA";"Manobra de mudança de faixa";"Queda de ocupante de veículo";"Com Vítimas Feridas";"Pleno dia";"Decrescente";"Céu Claro";"Múltipla";"Reta";"Sim";2;0;2;0;0;0;2;1;-16,71209277;-49,35684085;"SPRF-GO";"DEL01-GO";"UOP02-DEL01-GO"
403195;2021-12-21;"terça-feira";"13:00:00";"MG";50;197,8;"DELTA";"Reação tardia ou ineficiente do condutor";"Colisão frontal";"Com Vítimas Feridas";"Pleno dia";"Decrescente";"Céu Claro";"Dupla";"Reta";"Não";4;0;1;1;2;0;2;2;-19,91438;-47,830123;"SPRF-MG";"DEL13-MG";"UOP01-DEL13-MG"
403196;2021-12-21;"terça-feira";"12:30:00";"RS";116;76;"CAMPESTRE DA SERRA";"Reação tardia ou ineficiente do condutor";"Saída de leito carroçável";"Com Vítimas Feridas";"Pleno dia";"Crescente";"Céu Claro";"Simples";"Reta";"Não";1;0;1;0;0;0;1;1;-28,76982096;-51,09268943;"SPRF-RS";"DEL05-RS";"UOP03-DEL05-RS"
403197;2021-12-21;"terça-feira";"13:50:00";"PB";230;22;"JOAO PESSOA";"Reação tardia ou ineficiente do condutor";"Engavetamento";"Com Vítimas Feridas";"Pleno dia";"Decrescente";"Nublado";"Dupla";"Reta";"Sim";4;0;0;1;3;0;1;3;-7,1495;-34,8517;"SPRF-PB";"DEL01-PB";"UOP01-DEL01-PB"
403200;2021-12-21;"terça-feira";"13:30:00";"RJ";101;407;"ITAGUAI";"Velocidade Incompatível";"Colisão com objeto";"Com Vítimas Fatais";"Pleno dia";"Decrescente";"Céu Claro";"Dupla";"Reta";"Sim";7;4;0;1;0;2;1;2;-22,87672058;-43,81631971;"SPRF-RJ";"DEL03-RJ";"UOP01-DEL03-RJ"
403201;2021-12-21;"terça-feira";"13:45:00";"SC";101;150;"ITAPEMA";"Trafegar com motocicleta (ou similar) entre as faixas";"Colisão transversal";"Com Vítimas Feridas";"Pleno dia";"Crescente";"Nublado";"Múltipla";"Reta";"Sim";3;0;1;0;1;1;1;2;-27,11744799;-48,60940987;"SPRF-SC";"DEL04-SC";"UOP03-DEL04-SC"
403202;2021-12-21;"terça-feira";"14:45:00";"RJ";116;177;"NOVA IGUACU";"Condutor deixou de manter distância do veículo da frente";"Colisão traseira";"Sem Vítimas";"Pleno dia";"Decrescente";"Céu Claro";"Múltipla";"Reta";"Sim";2;0;0;0;2;0;0;2;-22,78055198;-43,39208599;"SPRF-RJ";"DEL01-RJ";"UOP02-DEL01-RJ"
403203;2021-12-21;"terça-feira";"14:30:00";"MG";262;48,5;"MANHUACU";"Velocidade Incompatível";"Colisão lateral mesmo sentido";"Sem Vítimas";"Pleno dia";"Decrescente";"Nublado";"Simples";"Reta";"Não";2;0;0;0;2;0;0;2;-20,25373412;-42,12287611;"SPRF-MG";"DEL06-MG";"UOP03-DEL06-MG"
403206;2021-12-21;"terça-feira";"12:00:00";"SC";101;436;"SOMBRIO";"Ingestão de álcool pelo condutor";"Colisão transversal";"Sem Vítimas";"Pleno dia";"Crescente";"Céu Claro";"Simples";"Interseção de Vias";"Sim";2;0;0;0;2;0;0;2;-29,10817487;-49,63739835;"SPRF-SC";"DEL02-SC";"UOP02-DEL02-SC"
403209;2021-12-21;"terça-feira";"15:55:00";"RJ";101;66;"CAMPOS DOS GOYTACAZES";"Acesso irregular";"Colisão lateral sentido oposto";"Com Vítimas Feridas";"Pleno dia";"Crescente";"Céu Claro";"Simples";"Reta";"Sim";2;0;1;0;1;0;1;2;-21,76090387;-41,34788959;"SPRF-RJ";"DEL08-RJ";"UOP02-DEL08-RJ"
403212;2021-12-21;"terça-feira";"14:10:00";"RJ";101;190;"CASIMIRO DE ABREU";"Acessar a via sem observar a presença dos outros veículos";"Colisão frontal";"Com Vítimas Feridas";"Pleno dia";"Crescente";"Céu Claro";"Simples";"Viaduto";"Sim";8;0;4;0;4;0;4;2;-22,46340846;-42,0658817;"SPRF-RJ";"DEL08-RJ";"UOP04-DEL08-RJ"
403214;2021-12-21;"terça-feira";"16:40:00";"RS";116;517;"PELOTAS";"Desrespeitar a preferência no cruzamento";"Colisão transversal";"Com Vítimas Feridas";"Pleno dia";"Decrescente";"Céu Claro";"Simples";"Interseção de Vias";"Não";2;0;1;0;1;0;1;2;-31,67908686;-52,34256731;"SPRF-RS";"DEL07-RS";"UOP01-DEL07-RS"
403215;2021-12-21;"terça-feira";"17:00:00";"DF";40;1;"BRASILIA";"Condutor deixou de manter distância do veículo da frente";"Engavetamento";"Sem Vítimas";"Pleno dia";"Crescente";"Nublado";"Dupla";"Reta";"Não";4;0;0;0;4;0;0;4;-15,985532;-47,987747;"SPRF-DF";"DEL01-DF";"UOP01-DEL01-DF"
403217;2021-12-21;"terça-feira";"15:30:00";"BA";101;253;"CONCEICAO DO ALMEIDA";"Reação tardia ou ineficiente do condutor";"Capotamento";"Com Vítimas Fatais";"Pleno dia";"Crescente";"Chuva";"Simples";"Reta";"Não";4;1;1;0;0;2;1;1;-12,926603;-39,25174713;"SPRF-BA";"DEL01-BA";"UOP02-DEL01-BA"
403218;2021-12-21;"terça-feira";"17:00:00";"PB";230;12;"CABEDELO";"Condutor deixou de manter distância do veículo da frente";"Colisão traseira";"Com Vítimas Feridas";"Pleno dia";"Decrescente";"Céu Claro";"Dupla";"Reta";"Sim";3;0;1;0;2;0;1;2;-7,068;-34,85;"SPRF-PB";"DEL01-PB";"UOP01-DEL01-PB"
403219;2021-12-21;"terça-feira";"17:15:00";"SC";101;101,2;"BALNEARIO PICARRAS";"Ausência de reação do condutor";"Colisão lateral mesmo sentido";"Com Vítimas Feridas";"Pleno dia";"Crescente";"Nublado";"Múltipla";"Reta;Aclive";"Sim";2;0;1;0;1;0;1;2;-26,76404198;-48,68657667;"SPRF-SC";"DEL03-SC";"UOP02-DEL03-SC"
403220;2021-12-21;"terça-feira";"17:00:00";"RS";290;75;"GRAVATAI";"Acumulo de óleo sobre o pavimento";"Tombamento";"Com Vítimas Feridas";"Pleno dia";"Crescente";"Céu Claro";"Dupla";"Curva";"Sim";1;0;1;0;0;0;1;1;-29,95521;-51,006855;"SPRF-RS";"DEL01-RS";"UOP01-DEL01-RS"
403223;2021-12-21;"terça-feira";"17:10:00";"MG";381;275,2;"JAGUARACU";"Pista esburacada";"Queda de ocupante de veículo";"Com Vítimas Feridas";"Pleno dia";"Decrescente";"Nublado";"Simples";"Curva";"Não";1;0;1;0;0;0;1;1;-19,58019666;-42,72533823;"SPRF-MG";"DEL03-MG";"UOP02-DEL03-MG"
403224;2021-12-21;"terça-feira";"17:00:00";"SP";153;92,3;"JACI";"Condutor deixou de manter distância do veículo da frente";"Colisão traseira";"Sem Vítimas";"Pleno dia";"Crescente";"Sol";"Simples";"Reta;Aclive";"Não";2;0;0;0;1;1;0;2;-20,964602;-49,577465;"SPRF-SP";"DEL09-SP";"UOP01-DEL09-SP"
403225;2021-12-21;"terça-feira";"18:00:00";"SP";116;217;"GUARULHOS";"Condutor deixou de manter distância do veículo da frente";"Colisão traseira";"Com Vítimas Feridas";"Anoitecer";"Crescente";"Céu Claro";"Múltipla";"Reta";"Sim";2;0;0;1;1;0;1;2;-23,45423824;-46,47119028;"SPRF-SP";"DEL01-SP";"UOP01-DEL01-SP"
403227;2021-12-21;"terça-feira";"18:00:00";"PR";376;4;"SAO JOSE DOS PINHAIS";"Ausência de reação do condutor";"Colisão traseira";"Com Vítimas Feridas";"Pleno dia";"Crescente";"Chuva";"Dupla";"Reta";"Sim";2;0;1;0;1;0;1;2;-25,5307;-49,1958;"SPRF-PR";"DEL01-PR";"UOP04-DEL01-PR"
403228;2021-12-21;"terça-feira";"17:25:00";"MS";163;485;"CAMPO GRANDE";"Acessar a via sem observar a presença dos outros veículos";"Colisão transversal";"Com Vítimas Feridas";"Pleno dia";"Crescente";"Céu Claro";"Simples";"Reta";"Sim";4;0;0;2;2;0;2;3;-20,44233707;-54,54201834;"SPRF-MS";"DEL01-MS";"UOP02-DEL01-MS"
403230;2021-12-21;"terça-feira";"17:50:00";"RS";116;382,9;"CAMAQUA";"Entrada inopinada do pedestre";"Atropelamento de Pedestre";"Com Vítimas Feridas";"Pleno dia";"Decrescente";"Céu Claro";"Dupla";"Aclive";"Sim";6;0;0;1;4;1;1;2;-30,78155953;-51,66243252;"SPRF-RS";"DEL02-RS";"UOP02-DEL02-RS"
403231;2021-12-21;"terça-feira";"18:20:00";"CE";222;0,7;"FORTALEZA";"Manobra de mudança de faixa";"Colisão lateral mesmo sentido";"Com Vítimas Feridas";"Plena Noite";"Crescente";"Céu Claro";"Múltipla";"Reta";"Sim";2;0;0;1;0;1;1;2;-3,7367737;-38,56923;"SPRF-CE";"DEL01-CE";"UOP01-DEL01-CE"
403232;2021-12-21;"terça-feira";"18:24:00";"PR";277;583,4;"CASCAVEL";"Condutor deixou de manter distância do veículo da frente";"Colisão traseira";"Com Vítimas Feridas";"Pleno dia";"Crescente";"Sol";"Dupla";"Em Obras;Viaduto;Reta";"Sim";2;0;1;0;1;0;1;2;-24,97165493;-53,39428595;"SPRF-PR";"DEL04-PR";"UOP01-DEL04-PR"
403235;2021-12-21;"terça-feira";"19:00:00";"SP";116;443,4;"REGISTRO";"Ausência de reação do condutor";"Queda de ocupante de veículo";"Com Vítimas Feridas";"Anoitecer";"Crescente";"Céu Claro";"Dupla";"Reta";"Não";1;0;1;0;0;0;1;1;-24,48336513;-47,8324358;"SPRF-SP";"DEL05-SP";"UOP01-DEL05-SP"
403237;2021-12-21;"terça-feira";"19:00:00";"SC";470;70,5;"INDAIAL";"Acessar a via sem observar a presença dos outros veículos";"Colisão transversal";"Com Vítimas Feridas";"Anoitecer";"Crescente";"Chuva";"Simples";"Em Obras;Reta";"Sim";2;0;1;0;1;0;1;2;-26,889374;-49,254478;"SPRF-SC";"DEL04-SC";"UOP01-DEL04-SC"
403239;2021-12-21;"terça-feira";"19:30:00";"RJ";393;285,9;"VOLTA REDONDA";"Desrespeitar a preferência no cruzamento";"Colisão transversal";"Com Vítimas Feridas";"Plena Noite";"Decrescente";"Céu Claro";"Simples";"Retorno Regulamentado";"Sim";3;0;3;0;0;0;3;2;-22,49133996;-44,06505619;"SPRF-RJ";"DEL05-RJ";"UOP04-DEL05-RJ"