"id";"data_inversa";"dia_semana";"horario";"uf";"br";"km";"municipio";"causa_acidente";"tipo_acidente";"classificacao_acidente";"fase_dia";"sentido_via";"condicao_metereologica";"tipo_pista";"tracado_via";"uso_solo";"pessoas";"mortos";"feridos_leves";"feridos_graves";"ilesos";"ignorados";"feridos";"veiculos";"latitude";"longitude";"regional";"delegacia";"uop"
403240;2021-12-21;"terça-feira";"10:30:00";"BA";101;282,5;"LAJE";"Reação tardia ou ineficiente do condutor";"Capotamento";"Com Vítimas Feridas";"Pleno dia";"Decrescente";"Céu Claro";"Simples";"Reta";"Não";2;0;2;0;0;0;2;1;-13,24318086;-39,3262607;"SPRF-BA";"DEL01-BA";"UOP02-DEL01-BA"
403242;2021-12-21;"terça-feira";"19:50:00";"RS";290;5;"OSORIO";"Reação tardia ou ineficiente do condutor";"Tombamento";"Com Vítimas Feridas";"Plena Noite";"Decrescente";"Céu Claro";"Dupla";"Interseção de Vias";"Não";2;0;1;0;1;0;1;1;-29,897158;-50,323845;"SPRF-RS";"DEL03-RS";"UOP01-DEL03-RS"
403243;2021-12-21;"terça-feira";"19:20:00";"RJ";116;179;"NOVA IGUACU";"Trafegar com motocicleta (ou similar) entre as faixas";"Colisão lateral mesmo sentido";"Com Vítimas Feridas";"Plena Noite";"Crescente";"Céu Claro";"Dupla";"Reta";"Sim";2;0;1;0;1;0;1;2;-22,74236936;-43,45169072;"SPRF-RJ";"DEL01-RJ";"UOP02-DEL01-RJ"
403245;2021-12-21;"terça-feira";"15:45:00";"SC";101;339;"TUBARAO";"Desrespeitar a preferência no cruzamento";"Colisão transversal";"Com Vítimas Feridas";"Pleno dia";"Decrescente";"Sol";"Simples";"Interseção de Vias";"Sim";2;0;2;0;0;0;2;2;-28,50701388;-49,04914856;"SPRF-SC";"DEL02-SC";"UOP01-DEL02-SC"
403247;2021-12-21;"terça-feira";"19:20:00";"MG";262;442;"NOVA SERRANA";"Condutor Dormindo";"Tombamento";"Com Vítimas Feridas";"Plena Noite";"Decrescente";"Céu Claro";"Dupla";"Reta";"Sim";2;0;0;1;0;1;1;1;-19,8806236;-44,91232265;"SPRF-MG";"DEL08-MG";"UOP03-DEL08-MG"
403248;2021-12-21;"terça-feira";"19:20:00";"GO";153;204,4;"URUACU";"Acessar a via sem observar a presença dos outros veículos";"Colisão lateral mesmo sentido";"Com Vítimas Feridas";"Plena Noite";"Crescente";"Chuva";"Simples";"Reta;Aclive";"Não";4;0;1;1;2;0;2;2;-14,558734;-49,157634;"SPRF-GO";"DEL07-GO";"UOP02-DEL07-GO"
403250;2021-12-21;"terça-feira";"19:50:00";"SC";101;457;"SAO JOAO DO SUL";"Ausência de reação do condutor";"Queda de ocupante de veículo";"Com Vítimas Feridas";"Plena Noite";"Decrescente";"Nublado";"Dupla";"Reta";"Não";1;0;1;0;0;0;1;1;-29,2321129;-49,7583037;"SPRF-SC";"DEL02-SC";"UOP02-DEL02-SC"
403252;2021-12-21;"terça-feira";"20:49:00";"MT";70;645;"CACERES";"Objeto estático sobre o leito carroçável";"Colisão com objeto";"Sem Vítimas";"Plena Noite";"Crescente";"Nublado";"Simples";"Reta";"Não";1;0;0;0;1;0;0;1;-15,94328568;-57,08530004;"SPRF-MT";"DEL03-MT";"UOP02-DEL03-MT"
403254;2021-12-21;"terça-feira";"18:25:00";"BA";110;317;"ALAGOINHAS";"Acessar a via sem observar a presença dos outros veículos";"Colisão transversal";"Com Vítimas Feridas";"Plena Noite";"Decrescente";"Céu Claro";"Simples";"Reta";"Não";2;0;0;2;0;0;2;2;-12,04361091;-38,36082772;"SPRF-BA";"DEL01-BA";"UOP04-DEL01-BA"
403255;2021-12-21;"terça-feira";"11:10:00";"MT";174;443;"COMODORO";"Acumulo de água sobre o pavimento";"Saída de leito carroçável";"Com Vítimas Feridas";"Pleno dia";"Crescente";"Chuva";"Simples";"Curva";"Não";1;0;1;0;0;0;1;1;-14,03480197;-59,74953936;"SPRF-MT";"DEL04-MT";"UOP01-DEL04-MT"
403256;2021-12-21;"terça-feira";"18:00:00";"PB";104;115,2;"LAGOA SECA";"Transitar na contramão";"Colisão frontal";"Com Vítimas Feridas";"Anoitecer";"Decrescente";"Céu Claro";"Simples";"Reta";"Não";4;0;0;3;0;1;3;2;-7,172018;-35,85983397;"SPRF-PB";"DEL02-PB";"UOP04-DEL02-PB"
403258;2021-12-21;"terça-feira";"15:50:00";"SC";282;84;"ALFREDO WAGNER";"Reação tardia ou ineficiente do condutor";"Saída de leito carroçável";"Com Vítimas Feridas";"Pleno dia";"Crescente";"Chuva";"Simples";"Curva;Declive";"Não";5;0;4;1;0;0;5;1;-27,666992;-49,183552;"SPRF-SC";"DEL01-SC";"UOP03-DEL01-SC"
403259;2021-12-21;"terça-feira";"19:55:00";"PB";104;162;"BARRA DE SANTANA";"Problema com o freio";"Colisão lateral sentido oposto";"Sem Vítimas";"Plena Noite";"Decrescente";"Céu Claro";"Simples";"Reta;Aclive";"Não";3;0;0;0;3;0;0;3;-7,52519226;-35,99379536;"SPRF-PB";"DEL02-PB";"UOP03-DEL02-PB"
403261;2021-12-21;"terça-feira";"17:40:00";"PR";277;435;"VIRMOND";"Ingestão de álcool pelo condutor";"Saída de leito carroçável";"Com Vítimas Feridas";"Pleno dia";"Crescente";"Céu Claro";"Simples";"Curva";"Não";1;0;1;0;0;0;1;1;-25,37723279;-52,21201082;"SPRF-PR";"DEL04-PR";"UOP02-DEL04-PR"
403262;2021-12-21;"terça-feira";"23:00:00";"SP";116;109,9;"TAUBATE";"Ausência de reação do condutor";"Colisão traseira";"Com Vítimas Feridas";"Plena Noite";"Decrescente";"Céu Claro";"Dupla";"Reta";"Sim";1;0;1;0;0;0;1;1;-23,02871304;-45,54517097;"SPRF-SP";"DEL08-SP";"UOP01-DEL08-SP"
403265;2021-12-21;"terça-feira";"22:20:00";"PR";277;726;"FOZ DO IGUACU";"Acesso irregular";"Colisão transversal";"Com Vítimas Feridas";"Plena Noite";"Crescente";"Céu Claro";"Dupla";"Interseção de Vias";"Sim";2;0;1;0;1;0;1;2;-25,5106015;-54,55481999;"SPRF-PR";"DEL05-PR";"UOP03-DEL05-PR"
403267;2021-12-21;"terça-feira";"21:00:00";"GO";364;177;"JATAI";"Manobra de mudança de faixa";"Colisão frontal";"Com Vítimas Feridas";"Plena Noite";"Crescente";"Nublado";"Simples";"Curva;Interseção de Vias;Em Obras";"Não";4;0;2;0;2;0;2;2;-17,978823;-51,584515;"SPRF-GO";"DEL05-GO";"UOP01-DEL05-GO"
403269;2021-12-21;"terça-feira";"23:50:00";"PR";277;79;"CURITIBA";"Ingestão de álcool pelo condutor";"Colisão traseira";"Com Vítimas Feridas";"Pleno dia";"Crescente";"Chuva";"Dupla";"Reta";"Sim";2;0;1;0;1;0;1;2;-25,46995;-49,212375;"SPRF-PR";"DEL01-PR";"UOP01-DEL01-PR"
403270;2021-12-22;"quarta-feira";"01:00:00";"PE";232;82;"GRAVATA";"Animais na Pista";"Atropelamento de Animal";"Com Vítimas Feridas";"Plena Noite";"Decrescente";"Nublado";"Dupla";"Reta";"Sim";3;0;2;0;1;0;2;1;-8,199764;-35,588437;"SPRF-PE";"DEL02-PE";"UOP02-DEL02PE"
403271;2021-12-22;"quarta-feira";"01:05:00";"RN";101;83,8;"NATAL";"Pedestre cruzava a pista fora da faixa";"Atropelamento de Pedestre";"Com Vítimas Fatais";"Plena Noite";"Decrescente";"Céu Claro";"Dupla";"Reta";"Sim";3;1;0;0;1;1;0;2;-5,7710445;-35,26616981;"SPRF-RN";"DEL02-RN";"UOP01-DEL02-RN"
403278;2021-12-22;"quarta-feira";"02:30:00";"PI";343;339,7;"TERESINA";"Velocidade Incompatível";"Saída de leito carroçável";"Com Vítimas Feridas";"Plena Noite";"Crescente";"Céu Claro";"Dupla";"Curva";"Sim";1;0;1;0;0;0;1;1;-5,067146;-42,730965;"SPRF-PI";"DEL01-PI";"UOP01-DEL01-PI"
403281;2021-12-22;"quarta-feira";"01:50:00";"SC";101;132,8;"BALNEARIO CAMBORIU";"Desrespeitar a preferência no cruzamento";"Colisão transversal";"Com Vítimas Feridas";"Plena Noite";"Crescente";"Céu Claro";"Múltipla";"Interseção de Vias";"Sim";2;0;0;1;1;0;1;2;-26,99654133;-48,65564711;"SPRF-SC";"DEL04-SC";"UOP03-DEL04-SC"
403284;2021-12-22;"quarta-feira";"00:56:00";"GO";153;557;"PROFESSOR JAMIL";"Condutor Dormindo";"Saída de leito carroçável";"Com Vítimas Feridas";"Plena Noite";"Decrescente";"Céu Claro";"Dupla";"Reta";"Não";42;0;2;0;40;0;2;1;-17,2013;-49,2083;"SPRF-GO";"DEL03-GO";"UOP01-DEL03-GO"
403285;2021-12-22;"quarta-feira";"02:10:00";"BA";116;487;"RAFAEL JAMBEIRO";"Acessar a via sem observar a presença dos outros veículos";"Colisão traseira";"Com Vítimas Feridas";"Plena Noite";"Crescente";"Chuva";"Dupla";"Reta";"Não";1;0;0;1;0;0;1;1;-12,5209134;-39,3926248;"SPRF-BA";"DEL02-BA";"UOP01-DEL02-BA"
403286;2021-12-22;"quarta-feira";"06:15:00";"RS";158;343;"SANTA MARIA";"Reação tardia ou ineficiente do condutor";"Saída de leito carroçável";"Com Vítimas Feridas";"Amanhecer";"Crescente";"Céu Claro";"Simples";"Reta";"Não";2;0;2;0;0;0;2;1;-29,74258694;-53,95118801;"SPRF-RS";"DEL09-RS";"UOP01-DEL09-RS"
403287;2021-12-22;"quarta-feira";"00:30:00";"SP";116;122,9;"CACAPAVA";"Velocidade Incompatível";"Capotamento";"Sem Vítimas";"Plena Noite";"Decrescente";"Céu Claro";"Dupla";"Reta";"Não";1;0;0;0;0;1;0;1;-23,08192414;-45,66154591;"SPRF-SP";"DEL02-SP";"UOP02-DEL02-SP"
403288;2021-12-22;"quarta-feira";"06:00:00";"SP";381;38;"ATIBAIA";"Condutor deixou de manter distância do veículo da frente";"Colisão traseira";"Sem Vítimas";"Amanhecer";"Crescente";"Céu Claro";"Simples";"Aclive;Reta";"Sim";2;0;0;0;2;0;0;2;-23,1133221;-46,57174974;"SPRF-SP";"DEL03-SP";"UOP01-DEL03-SP"
403289;2021-12-21;"terça-feira";"19:25:00";"MG";365;482;"PATROCINIO";"Ingestão de álcool pelo condutor";"Saída de leito carroçável";"Com Vítimas Feridas";"Plena Noite";"Crescente";"Chuva";"Múltipla";"Rotatória";"Sim";1;0;1;0;0;0;1;1;-18,89295199;-47,08731001;"SPRF-MG";"DEL10-MG";"UOP01-DEL10-MG"
403292;2021-12-22;"quarta-feira";"06:10:00";"BA";324;530;"FEIRA DE SANTANA";"Chuva";"Capotamento";"Com Vítimas Feridas";"Pleno dia";"Decrescente";"Chuva";"Dupla";"Curva";"Não";3;0;3;0;0;0;3;1;-12,32818491;-38,86174193;"SPRF-BA";"DEL01-BA";"UOP03-DEL01-BA"
403293;2021-12-22;"quarta-feira";"07:08:00";"PR";277;594,8;"CASCAVEL";"Desrespeitar a preferência no cruzamento";"Colisão frontal";"Com Vítimas Feridas";"Pleno dia";"Decrescente";"Sol";"Simples";"Rotatória;Curva;Declive";"Sim";2;0;0;1;1;0;1;2;-24,97973876;-53,49943824;"SPRF-PR";"DEL04-PR";"UOP01-DEL04-PR"
403294;2021-12-22;"quarta-feira";"05:10:00";"MT";70;498;"CUIABA";"Manobra de mudança de faixa";"Colisão frontal";"Com Vítimas Feridas";"Amanhecer";"Decrescente";"Nublado";"Simples";"Reta";"Sim";3;0;2;0;1;0;2;2;-15,66891;-56,00982;"SPRF-MT";"DEL01-MT";"UOP02-DEL01-MT"
403295;2021-12-22;"quarta-feira";"05:10:00";"AL";316;98;"SANTANA DO IPANEMA";"Ultrapassagem Indevida";"Capotamento";"Com Vítimas Feridas";"Amanhecer";"Decrescente";"Céu Claro";"Simples";"Reta";"Não";3;0;1;0;2;0;1;1;-9,38736032;-37,13428301;"SPRF-AL";"DEL03-AL";"UOP02-DEL03-AL"
403296;2021-12-22;"quarta-feira";"07:30:00";"MG";40;466;"SETE LAGOAS";"Condutor Dormindo";"Saída de leito carroçável";"Com Vítimas Feridas";"Pleno dia";"Decrescente";"Céu Claro";"Dupla";"Reta";"Não";1;0;1;0;0;0;1;1;-19,44436025;-44,32384821;"SPRF-MG";"DEL02-MG";"UOP01-DEL02-MG"
403297;2021-12-22;"quarta-feira";"07:25:00";"PR";476;142;"CURITIBA";"Manobra de mudança de faixa";"Colisão lateral mesmo sentido";"Com Vítimas Feridas";"Pleno dia";"Crescente";"Céu Claro";"Dupla";"Reta";"Sim";2;0;1;0;1;0;1;2;-25,537161;-49,301632;"SPRF-PR";"DEL01-PR";"UOP03-DEL01-PR"
403299;2021-12-22;"quarta-feira";"07:20:00";"DF";60;12,3;"BRASILIA";"Condutor deixou de manter distância do veículo da frente";"Colisão traseira";"Com Vítimas Feridas";"Pleno dia";"Decrescente";"Céu Claro";"Dupla";"Interseção de Vias";"Sim";2;0;1;0;1;0;1;2;-15,916267;-48,164268;"SPRF-DF";"DEL03-DF";"UOP01-DEL03-DF"
403300;2021-12-22;"quarta-feira";"07:40:00";"CE";116;10,1;"FORTALEZA";"Animais na Pista";"Atropelamento de Animal";"Com Vítimas Feridas";"Pleno dia";"Crescente";"Sol";"Dupla";"Reta";"Sim";1;0;0;1;0;0;1;1;-3,83603805;-38,5027281;"SPRF-CE";"DEL01-CE";"UOP02-DEL01-CE"
403301;2021-12-22;"quarta-feira";"06:45:00";"MG";40;704,9;"BARBACENA";"Manobra de mudança de faixa";"Colisão lateral mesmo sentido";"Com Vítimas Feridas";"Pleno dia";"Decrescente";"Céu Claro";"Dupla";"Reta";"Não";5;0;4;0;1;0;4;2;-21,20817;-43,74966601;"SPRF-MG";"DEL05-MG";"UOP02-DEL05-MG"
403305;2021-12-22;"quarta-feira";"07:55:00";"SC";101;123;"ITAJAI";"Acumulo de areia ou detritos sobre o pavimento";"Derramamento de carga";"Com Vítimas Feridas";"Pleno dia";"Crescente";"Céu Claro";"Dupla";"Reta";"Sim";3;0;2;0;1;0;2;2;-26,93668609;-48,69876905;"SPRF-SC";"DEL04-SC";"UOP04-DEL04-SC"
403306;2021-12-22;"quarta-feira";"08:00:00";"BA";324;626;"SALVADOR";"Manobra de mudança de faixa";"Colisão lateral mesmo sentido";"Com Vítimas Feridas";"Pleno dia";"Crescente";"Céu Claro";"Múltipla";"Curva";"Não";1;0;1;0;0;0;1;1;-12,96452506;-38,47718637;"SPRF-BA";"DEL01-BA";"UOP01-DEL01-BA"
403308;2021-12-22;"quarta-feira";"07:15:00";"PR";376;103;"SAO JOSE DOS PINHAIS";"Ingestão de álcool pelo condutor";"Colisão com objeto";"Sem Vítimas";"Amanhecer";"Decrescente";"Céu Claro";"Dupla";"Reta";"Sim";1;0;0;0;1;0;0;1;-25,57133358;-49,19510365;"SPRF-PR";"DEL09-PR";"UOP02-DEL09-PR"
403311;2021-12-22;"quarta-feira";"07:15:00";"SC";282;533;"CORDILHEIRA ALTA";"Obstrução na via";"Colisão traseira";"Com Vítimas Feridas";"Pleno dia";"Decrescente";"Céu Claro";"Simples";"Reta";"Sim";3;0;0;1;2;0;1;2;-26,995323;-52,625305;"SPRF-SC";"DEL07-SC";"UOP01-DEL07-SC"
403312;2021-12-22;"quarta-feira";"08:15:00";"RJ";116;317;"ITATIAIA";"Demais falhas mecânicas ou elétricas";"Incêndio";"Sem Vítimas";"Pleno dia";"Crescente";"Céu Claro";"Múltipla";"Declive;Retorno Regulamentado;Rotatória";"Não";1;0;0;0;1;0;0;1;-22,46708478;-44,50067002;"SPRF-RJ";"DEL07-RJ";"UOP02-DEL07-RJ"
403313;2021-12-22;"quarta-feira";"06:00:00";"MT";364;63;"ALTO GARCAS";"Reação tardia ou ineficiente do condutor";"Colisão traseira";"Sem Vítimas";"Amanhecer";"Crescente";"Nevoeiro/Neblina";"Simples";"Curva";"Não";3;0;0;0;3;0;0;3;-16,94014758;-53,57525826;"SPRF-MT";"DEL02-MT";"UOP02-DEL02-MT"
403314;2021-12-22;"quarta-feira";"07:55:00";"RO";364;711;"PORTO VELHO";"Condutor deixou de manter distância do veículo da frente";"Colisão traseira";"Com Vítimas Feridas";"Pleno dia";"Crescente";"Garoa/Chuvisco";"Dupla";"Reta";"Sim";4;0;2;0;2;0;2;2;-8,78162143;-63,86522055;"SPRF-RO";"DEL01-RO";"UOP01-DEL01-RO"
403315;2021-12-22;"quarta-feira";"07:45:00";"MG";381;482,9;"BETIM";"Manobra de mudança de faixa";"Colisão lateral mesmo sentido";"Com Vítimas Feridas";"Pleno dia";"Decrescente";"Céu Claro";"Dupla";"Curva;Aclive";"Sim";3;0;1;0;2;0;1;2;-19,955532;-44,097209;"SPRF-MG";"DEL01-MG";"UOP03-DEL01-MG"
403317;2021-12-22;"quarta-feira";"09:25:00";"PA";316;25;"BENEVIDES";"Demais falhas mecânicas ou elétricas";"Queda de ocupante de veículo";"Com Vítimas Feridas";"Pleno dia";"Crescente";"Céu Claro";"Dupla";"Reta";"Sim";2;0;2;0;0;0;2;1;-1,3252697;-48,232117;"SPRF-PA";"DEL01-PA";"UOP01-DEL01-PA"
403318;2021-12-22;"quarta-feira";"09:40:00";"SC";470;56;"BLUMENAU";"Desrespeitar a preferência no cruzamento";"Colisão transversal";"Com Vítimas Feridas";"Pleno dia";"Crescente";"Céu Claro";"Simples";"Reta";"Sim";2;0;1;0;1;0;1;2;-26,87737883;-49,12991575;"SPRF-SC";"DEL04-SC";"UOP01-DEL04-SC"
403319;2021-12-22;"quarta-feira";"09:45:00";"ES";101;379,6;"ICONHA";"Reação tardia ou ineficiente do condutor";"Colisão transversal";"Com Vítimas Feridas";"Pleno dia";"Crescente";"Sol";"Simples";"Rotatória;Reta";"Não";2;0;1;0;1;0;1;2;-20,80277789;-40,82884312;"SPRF-ES";"DEL03-ES";"UOP01-DEL03-ES"
403321;2021-12-22;"quarta-feira";"09:45:00";"SC";470;147;"RIO DO SUL";"Conversão proibida";"Colisão transversal";"Com Vítimas Feridas";"Pleno dia";"Crescente";"Sol";"Simples";"Reta";"Sim";2;0;1;0;1;0;1;2;-27,24243687;-49,6884281;"SPRF-SC";"DEL04-SC";"UOP02-DEL04-SC"
403323;2021-12-22;"quarta-feira";"10:05:00";"PE";232;208,5;"PESQUEIRA";"Acessar a via sem observar a presença dos outros veículos";"Colisão lateral sentido oposto";"Sem Vítimas";"Pleno dia";"Crescente";"Céu Claro";"Simples";"Reta";"Sim";2;0;0;0;2;0;0;2;-8,36794109;-36,67972403;"SPRF-PE";"DEL03-PE";"UOP02-DEL03-PE"
403326;2021-12-22;"quarta-feira";"09:55:00";"MS";163;490,3;"CAMPO GRANDE";"Ausência de reação do condutor";"Colisão traseira";"Com Vítimas Feridas";"Pleno dia";"Decrescente";"Céu Claro";"Dupla";"Rotatória";"Sim";4;0;2;0;2;0;2;2;-20,40017983;-54,55539878;"SPRF-MS";"DEL01-MS";"UOP02-DEL01-MS"
403328;2021-12-22;"quarta-feira";"09:45:00";"MG";381;929,9;"ITAPEVA";"Demais falhas mecânicas ou elétricas";"Capotamento";"Com Vítimas Feridas";"Pleno dia";"Crescente";"Céu Claro";"Dupla";"Curva";"Não";1;0;1;0;0;0;1;1;-22,77546926;-46,23881578;"SPRF-MG";"DEL16-MG";"UOP03-DEL16-MG"
403329;2021-12-22;"quarta-feira";"09:15:00";"SC";101;347,7;"JAGUARUNA";"Manobra de mudança de faixa";"Atropelamento de Pedestre";"Com Vítimas Feridas";"Pleno dia";"Decrescente";"Céu Claro";"Dupla";"Declive;Curva;Em Obras";"Sim";3;0;1;0;1;1;1;2;-28,57999948;-49,05183077;"SPRF-SC";"DEL02-SC";"UOP01-DEL02-SC"
403332;2021-12-03;"sexta-feira";"02:35:00";"RJ";101;325;"NITEROI";"Obras na pista";"Colisão com objeto";"Com Vítimas Feridas";"Plena Noite";"Decrescente";"Céu Claro";"Dupla";"Reta";"Não";1;0;0;1;0;0;1;1;-22,87292569;-43,13625699;"SPRF-RJ";"DEL02-RJ";"UOP02-DEL02-RJ"
403333;2021-12-22;"quarta-feira";"12:00:00";"RS";386;392,7;"TRIUNFO";"Acessar a via sem observar a presença dos outros veículos";"Colisão transversal";"Com Vítimas Feridas";"Pleno dia";"Decrescente";"Nublado";"Dupla";"Interseção de Vias";"Não";6;0;6;0;0;0;6;2;-29,70656158;-51,65168524;"SPRF-RS";"DEL04-RS";"UOP02-DEL04-RS"
403335;2021-12-22;"quarta-feira";"12:50:00";"AL";101;134;"SAO MIGUEL DOS CAMPOS";"Condutor deixou de manter distância do veículo da frente";"Colisão traseira";"Com Vítimas Feridas";"Pleno dia";"Crescente";"Céu Claro";"Simples";"Reta";"Sim";2;0;1;0;1;0;1;2;-9,78051903;-36,10610645;"SPRF-AL";"DEL02-AL";"UOP01-DEL02-AL"
403336;2021-12-22;"quarta-feira";"12:20:00";"SP";116;281,1;"EMBU DAS ARTES";"Velocidade Incompatível";"Colisão lateral mesmo sentido";"Com Vítimas Feridas";"Pleno dia";"Decrescente";"Céu Claro";"Dupla";"Reta";"Sim";2;0;1;0;1;0;1;2;-23,67784787;-46,85769227;"SPRF-SP";"DEL04-SP";"UOP01-DEL04-SP"
403342;2021-12-22;"quarta-feira";"12:40:00";"RS";386;347;"LAJEADO";"Velocidade Incompatível";"Colisão traseira";"Com Vítimas Feridas";"Pleno dia";"Decrescente";"Sol";"Dupla";"Reta";"Sim";2;0;1;0;1;0;1;2;-29,451736;-51,965893;"SPRF-RS";"DEL04-RS";"UOP01-DEL04-RS"
403343;2021-12-22;"quarta-feira";"12:30:00";"RN";101;97,6;"NATAL";"Condutor deixou de manter distância do veículo da frente";"Colisão traseira";"Sem Vítimas";"Pleno dia";"Decrescente";"Céu Claro";"Dupla";"Reta";"Sim";4;0;0;0;4;0;0;4;-5,85758898;-35,21271205;"SPRF-RN";"DEL01-RN";"UOP01-DEL01-RN"
403346;2021-12-22;"quarta-feira";"10:25:00";"RJ";101;252;"RIO BONITO";"Condutor Dormindo";"Colisão com objeto";"Sem Vítimas";"Pleno dia";"Decrescente";"Céu Claro";"Múltipla";"Reta";"Sim";1;0;0;0;1;0;0;1;-22,68214756;-42,53377419;"SPRF-RJ";"DEL02-RJ";"UOP03-DEL02-RJ"
403347;2021-12-22;"quarta-feira";"14:15:00";"SP";101;47,8;"UBATUBA";"Conversão proibida";"Colisão traseira";"Com Vítimas Feridas";"Pleno dia";"Crescente";"Céu Claro";"Simples";"Reta";"Sim";3;0;1;0;2;0;1;2;-23,43735712;-45,08784235;"SPRF-SP";"DEL06-SP";"UOP01-DEL06-SP"
403348;2021-12-22;"quarta-feira";"13:15:00";"PE";232;6;"RECIFE";"Reação tardia ou ineficiente do condutor";"Colisão traseira";"Com Vítimas Feridas";"Pleno dia";"Decrescente";"Céu Claro";"Dupla";"Reta";"Sim";3;0;1;0;2;0;1;3;-8,07079525;-34,9535389;"SPRF-PE";"DEL01-PE";"UOP01-DEL01-PE"
403349;2021-12-22;"quarta-feira";"14:15:00";"ES";101;290,3;"CARIACICA";"Avarias e/ou desgaste excessivo no pneu";"Tombamento";"Com Vítimas Feridas";"Pleno dia";"Decrescente";"Céu Claro";"Dupla";"Reta";"Sim";2;0;0;2;0;0;2;1;-20,28927747;-40,39181575;"SPRF-ES";"DEL01-ES";"UOP01-DEL01-ES"
403351;2021-12-22;"quarta-feira";"14:24:00";"SP";153;270;"OCAUCU";"Demais falhas mecânicas ou elétricas";"Incêndio";"Sem Vítimas";"Pleno dia";"Crescente";"Céu Claro";"Simples";"Reta";"Não";2;0;0;0;2;0;0;1;-22,34736026;-49,89590137;"SPRF-SP";"DEL07-SP";"UOP02-DEL07-SP"
403353;2021-12-22;"quarta-feira";"14:40:00";"RS";116;2,9;"PORTO ALEGRE";"Condutor Dormindo";"Colisão com objeto";"Com Vítimas Feridas";"Pleno dia";"Crescente";"Sol";"Dupla";"Reta";"Sim";1;0;0;1;0;0;1;1;-29,99323303;-51,18687679;"SPRF-RS";"DEL01-RS";"UOP01-DEL01-RS"
403354;2021-12-22;"quarta-feira";"12:45:00";"PE";101;20,4;"GOIANA";"Mal súbito do condutor";"Capotamento";"Com Vítimas Feridas";"Pleno dia";"Crescente";"Sol";"Dupla";"Reta";"Não";1;0;1;0;0;0;1;1;-7,66042701;-34,93780401;"SPRF-PE";"DEL01-PE";"UOP02-DEL01-PE"
403355;2021-12-22;"quarta-feira";"13:45:00";"RS";293;73,7;"PIRATINI";"Demais falhas mecânicas ou elétricas";"Incêndio";"Sem Vítimas";"Pleno dia";"Decrescente";"Céu Claro";"Simples";"Declive;Reta";"Não";1;0;0;0;1;0;0;1;-31,68088282;-53,05529098;"SPRF-RS";"DEL07-RS";"UOP01-DEL07-RS"
403356;2021-12-22;"quarta-feira";"12:30:00";"PR";153;493,4;"GENERAL CARNEIRO";"Velocidade Incompatível";"Saída de leito carroçável";"Com Vítimas Feridas";"Pleno dia";"Decrescente";"Céu Claro";"Simples";"Declive";"Não";1;0;0;1;0;0;1;1;-26,44475441;-51,31885529;"SPRF-PR";"DEL02-PR";"UOP03-DEL02-PR"
403357;2021-12-22;"quarta-feira";"15:30:00";"SP";116;2;"GUARULHOS";"Condutor deixou de manter distância do veículo da frente";"Colisão traseira";"Com Vítimas Feridas";"Pleno dia";"Decrescente";"Céu Claro";"Dupla";"Reta";"Não";2;0;1;0;1;0;1;2;-23,463257;-46,53373;"SPRF-SP";"DEL01-SP";"UOP01-DEL01-SP"
403358;2021-12-22;"quarta-feira";"14:20:00";"SC";163;70,4;"SAO MIGUEL DO OESTE";"Condutor deixou de manter distância do veículo da frente";"Colisão traseira";"Com Vítimas Feridas";"Pleno dia";"Crescente";"Céu Claro";"Dupla";"Interseção de Vias;Curva";"Sim";2;0;1;0;1;0;1;2;-26,73220578;-53,51017714;"SPRF-SC";"DEL07-SC";"UOP03-DEL07-SC"
403359;2021-12-22;"quarta-feira";"13:40:00";"PR";163;274;"TOLEDO";"Acesso irregular";"Colisão com objeto";"Com Vítimas Fatais";"Pleno dia";"Crescente";"Céu Claro";"Dupla";"Reta";"Não";1;1;0;0;0;0;0;1;-24,61362399;-53,93875122;"SPRF-PR";"DEL06-PR";"UOP02-DEL06-PR"
403360;2021-12-22;"quarta-feira";"15:00:00";"RJ";116;168,3;"SAO JOAO DE MERITI";"Reação tardia ou ineficiente do condutor";"Colisão traseira";"Com Vítimas Feridas";"Pleno dia";"Crescente";"Sol";"Múltipla";"Reta";"Sim";3;0;1;0;2;0;1;2;-22,819969;-43,31499997;"SPRF-RJ";"DEL01-RJ";"UOP02-DEL01-RJ"
403361;2021-12-22;"quarta-feira";"10:00:00";"AP";156;186;"MAZAGAO";"Avarias e/ou desgaste excessivo no pneu";"Capotamento";"Com Vítimas Feridas";"Pleno dia";"Crescente";"Céu Claro";"Simples";"Reta";"Não";2;0;0;2;0;0;2;1;0;-51,689413;"SPRF-AP";"DEL01-AP";"UOP01-DEL01-AP"
403364;2021-12-22;"quarta-feira";"14:00:00";"SC";282;396,2;"JOACABA";"Ausência de reação do condutor";"Colisão frontal";"Com Vítimas Feridas";"Pleno dia";"Crescente";"Céu Claro";"Simples";"Reta;Aclive";"Não";3;0;2;0;1;0;2;2;-27,155375;-51,601593;"SPRF-SC";"DEL07-SC";"UOP05-DEL07-SC"
403365;2021-12-22;"quarta-feira";"15:05:00";"PE";428;139;"LAGOA GRANDE";"Reação tardia ou ineficiente do condutor";"Colisão frontal";"Sem Vítimas";"Pleno dia";"Decrescente";"Nublado";"Simples";"Reta";"Sim";2;0;0;0;1;1;0;2;-8,98787563;-40,26256422;"SPRF-PE";"DEL06-PE";"UOP03-DEL06-PE"