"id";"data_inversa";"dia_semana";"horario";"uf";"br";"km";"municipio";"causa_acidente";"tipo_acidente";"classificacao_acidente";"fase_dia";"sentido_via";"condicao_metereologica";"tipo_pista";"tracado_via";"uso_solo";"pessoas";"mortos";"feridos_leves";"feridos_graves";"ilesos";"ignorados";"feridos";"veiculos";"latitude";"longitude";"regional";"delegacia";"uop"
403367;2021-12-22;"quarta-feira";"15:50:00";"RS";285;298;"PASSO FUNDO";"Mal súbito do condutor";"Saída de leito carroçável";"Com Vítimas Feridas";"Pleno dia";"Crescente";"Céu Claro";"Simples";"Reta";"Sim";1;0;1;0;0;0;1;1;-28,236414;-52,423466;"SPRF-RS";"DEL08-RS";"UOP03-DEL08-RS"
403369;2021-12-22;"quarta-feira";"15:50:00";"RJ";393;281;"VOLTA REDONDA";"Ultrapassagem Indevida";"Colisão transversal";"Com Vítimas Feridas";"Pleno dia";"Crescente";"Céu Claro";"Simples";"Curva";"Sim";2;0;0;1;1;0;1;2;-22,48025569;-44,02974901;"SPRF-RJ";"DEL05-RJ";"UOP04-DEL05-RJ"
403370;2021-12-22;"quarta-feira";"16:05:00";"PA";316;69;"CASTANHAL";"Mal súbito do condutor";"Saída de leito carroçável";"Com Vítimas Feridas";"Pleno dia";"Crescente";"Nublado";"Simples";"Reta";"Não";1;0;1;0;0;0;1;1;-1,29277675;-47,87507708;"SPRF-PA";"DEL01-PA";"UOP01-DEL01-PA"
403371;2021-12-22;"quarta-feira";"16:20:00";"SC";101;126;"ITAJAI";"Reação tardia ou ineficiente do condutor";"Colisão traseira";"Com Vítimas Feridas";"Pleno dia";"Crescente";"Chuva";"Dupla";"Reta";"Não";3;0;2;0;1;0;2;2;-26,95564404;-48,67978366;"SPRF-SC";"DEL04-SC";"UOP04-DEL04-SC"
403372;2021-12-22;"quarta-feira";"13:50:00";"MT";70;256;"PRIMAVERA DO LESTE";"Pista em desnível";"Saída de leito carroçável";"Com Vítimas Feridas";"Pleno dia";"Crescente";"Nublado";"Simples";"Reta";"Não";3;0;2;0;1;0;2;1;-15,62903559;-54,16755991;"SPRF-MT";"DEL05-MT";"UOP01-DEL05-MT"
403373;2021-12-22;"quarta-feira";"15:30:00";"DF";60;4,3;"BRASILIA";"Velocidade Incompatível";"Colisão traseira";"Com Vítimas Feridas";"Pleno dia";"Decrescente";"Céu Claro";"Dupla";"Reta;Aclive";"Sim";5;0;1;0;4;0;1;2;-15,892721;-48,095741;"SPRF-DF";"DEL03-DF";"UOP01-DEL03-DF"
403375;2021-12-22;"quarta-feira";"14:15:00";"PR";376;245,9;"APUCARANA";"Avarias e/ou desgaste excessivo no pneu";"Tombamento";"Com Vítimas Feridas";"Pleno dia";"Crescente";"Nublado";"Dupla";"Reta";"Sim";2;0;2;0;0;0;2;1;-23,58730195;-51,41371965;"SPRF-PR";"DEL07-PR";"UOP02-DEL07-PR"
403376;2021-12-22;"quarta-feira";"17:00:00";"ES";262;19,6;"VIANA";"Condutor desrespeitou a iluminação vermelha do semáforo";"Colisão transversal";"Com Vítimas Fatais";"Pleno dia";"Decrescente";"Nublado";"Simples";"Interseção de Vias";"Sim";2;1;0;1;0;0;1;2;-20,3919143;-40,49002338;"SPRF-ES";"DEL01-ES";"UOP01-DEL01-ES"
403377;2021-12-22;"quarta-feira";"16:45:00";"PR";476;118;"COLOMBO";"Velocidade Incompatível";"Colisão traseira";"Com Vítimas Feridas";"Pleno dia";"Crescente";"Chuva";"Múltipla";"Reta";"Sim";3;0;1;0;1;1;1;2;-25,35634;-49,180828;"SPRF-PR";"DEL01-PR";"UOP02-DEL01-PR"
403378;2021-12-22;"quarta-feira";"14:45:00";"MG";381;794,9;"SAO GONCALO DO SAPUCAI";"Velocidade Incompatível";"Saída de leito carroçável";"Sem Vítimas";"Pleno dia";"Crescente";"Nublado";"Dupla";"Curva;Declive";"Não";3;0;0;0;3;0;0;1;-21,92913899;-45,61170907;"SPRF-MG";"DEL16-MG";"UOP02-DEL16-MG"
403379;2021-12-22;"quarta-feira";"15:00:00";"MG";381;494,1;"BETIM";"Reação tardia ou ineficiente do condutor";"Colisão com objeto";"Sem Vítimas";"Pleno dia";"Decrescente";"Céu Claro";"Dupla";"Reta";"Sim";1;0;0;0;1;0;0;1;-19,985563;-44,20318;"SPRF-MG";"DEL01-MG";"UOP03-DEL01-MG"
403380;2021-12-22;"quarta-feira";"16:40:00";"PI";230;306;"FLORIANO";"Reação tardia ou ineficiente do condutor";"Engavetamento";"Com Vítimas Feridas";"Pleno dia";"Crescente";"Céu Claro";"Dupla";"Reta";"Sim";4;0;1;0;3;0;1;3;-6,79173488;-42,98594092;"SPRF-PI";"DEL03-PI";"UOP01-DEL03-PI"
403381;2021-12-22;"quarta-feira";"16:25:00";"PE";104;65;"CARUARU";"Manobra de mudança de faixa";"Colisão transversal";"Com Vítimas Feridas";"Pleno dia";"Decrescente";"Sol";"Múltipla";"Interseção de Vias";"Sim";2;0;0;1;0;1;1;2;-8,279535;-35,981266;"SPRF-PE";"DEL02-PE";"UOP01-DEL02-PE"
403386;2021-12-22;"quarta-feira";"17:45:00";"RJ";101;59;"CAMPOS DOS GOYTACAZES";"Condutor deixou de manter distância do veículo da frente";"Engavetamento";"Sem Vítimas";"Pleno dia";"Decrescente";"Céu Claro";"Simples";"Curva";"Sim";4;0;0;0;4;0;0;4;-21,71366497;-41,30861915;"SPRF-RJ";"DEL08-RJ";"UOP01-DEL08-RJ"
403387;2021-12-22;"quarta-feira";"17:40:00";"RN";304;306;"MACAIBA";"Entrada inopinada do pedestre";"Atropelamento de Pedestre";"Com Vítimas Fatais";"Anoitecer";"Decrescente";"Céu Claro";"Dupla";"Reta";"Não";3;1;0;1;0;1;1;2;-5,89012265;-35,26352022;"SPRF-RN";"DEL01-RN";"UOP02-DEL01-RN"
403388;2021-12-22;"quarta-feira";"16:10:00";"MS";262;663,3;"CORUMBA";"Velocidade Incompatível";"Saída de leito carroçável";"Com Vítimas Fatais";"Pleno dia";"Crescente";"Nublado";"Simples";"Reta";"Não";4;2;2;0;0;0;2;1;-19,63478;-57,054895;"SPRF-MS";"DEL03-MS";"UOP03-DEL03-MS"
403396;2021-12-22;"quarta-feira";"18:10:00";"SC";282;17,7;"PALHOCA";"Condutor deixou de manter distância do veículo da frente";"Colisão traseira";"Com Vítimas Feridas";"Anoitecer";"Decrescente";"Céu Claro";"Simples";"Reta";"Não";2;0;1;0;1;0;1;2;-27,665707;-48,688065;"SPRF-SC";"DEL01-SC";"UOP02-DEL01-SC"
403397;2021-12-22;"quarta-feira";"17:45:00";"MG";262;357;"BETIM";"Ausência de reação do condutor";"Saída de leito carroçável";"Com Vítimas Feridas";"Anoitecer";"Crescente";"Céu Claro";"Dupla";"Reta";"Sim";3;0;3;0;0;0;3;1;-19,97470835;-44,18804897;"SPRF-MG";"DEL01-MG";"UOP03-DEL01-MG"
403399;2021-12-22;"quarta-feira";"18:00:00";"RS";116;265;"CANOAS";"Reação tardia ou ineficiente do condutor";"Colisão lateral mesmo sentido";"Com Vítimas Feridas";"Pleno dia";"Crescente";"Céu Claro";"Múltipla";"Reta";"Sim";1;0;1;0;0;0;1;1;-29,92342302;-51,17780944;"SPRF-RS";"DEL01-RS";"UOP01-DEL01-RS"
403402;2021-12-22;"quarta-feira";"18:30:00";"SP";116;271;"TABOAO DA SERRA";"Ausência de reação do condutor";"Tombamento";"Com Vítimas Feridas";"Anoitecer";"Decrescente";"Nublado";"Dupla";"Reta";"Sim";1;0;1;0;0;0;1;1;-23,61809286;-46,80556302;"SPRF-SP";"DEL04-SP";"UOP01-DEL04-SP"
403403;2021-12-22;"quarta-feira";"18:35:00";"PI";343;1;"TERESINA";"Ausência de reação do condutor";"Colisão traseira";"Com Vítimas Feridas";"Plena Noite";"Crescente";"Céu Claro";"Múltipla";"Declive";"Sim";2;0;1;0;1;0;1;2;-5,089569;-42,802288;"SPRF-PI";"DEL01-PI";"UOP01-DEL01-PI"
403405;2021-12-22;"quarta-feira";"18:05:00";"SC";101;6,3;"GARUVA";"Condutor deixou de manter distância do veículo da frente";"Colisão traseira";"Com Vítimas Feridas";"Pleno dia";"Crescente";"Chuva";"Dupla";"Declive;Reta;Viaduto";"Sim";4;0;0;1;1;2;1;4;-26,02692002;-48,86142017;"SPRF-SC";"DEL03-SC";"UOP01-DEL03-SC"
403407;2021-12-22;"quarta-feira";"18:30:00";"CE";222;225;"SOBRAL";"Desrespeitar a preferência no cruzamento";"Colisão transversal";"Com Vítimas Feridas";"Plena Noite";"Decrescente";"Céu Claro";"Simples";"Interseção de Vias";"Sim";2;0;1;0;1;0;1;2;-3,7082133846;-40,3520980769;"SPRF-CE";"DEL04-CE";"UOP01-DEL04-CE"
403408;2021-12-22;"quarta-feira";"18:40:00";"PR";376;195;"MARIALVA";"Avarias e/ou desgaste excessivo no pneu";"Colisão traseira";"Com Vítimas Feridas";"Pleno dia";"Crescente";"Sol";"Dupla";"Declive";"Não";16;0;3;0;13;0;3;2;-23,49065639;-51,81654207;"SPRF-PR";"DEL09-PR";"UOP01-DEL09-PR"
403409;2021-12-22;"quarta-feira";"17:40:00";"MS";163;482,3;"CAMPO GRANDE";"Acessar a via sem observar a presença dos outros veículos";"Colisão transversal";"Com Vítimas Feridas";"Plena Noite";"Crescente";"Céu Claro";"Simples";"Reta";"Sim";3;0;1;0;2;0;1;2;-20,46271123;-54,55411122;"SPRF-MS";"DEL01-MS";"UOP02-DEL01-MS"
403410;2021-12-22;"quarta-feira";"16:30:00";"PI";316;290;"DOM EXPEDITO LOPES";"Entrada inopinada do pedestre";"Atropelamento de Pedestre";"Com Vítimas Fatais";"Pleno dia";"Decrescente";"Céu Claro";"Simples";"Reta";"Não";5;1;0;0;4;0;0;2;-6,99681216;-41,61967609;"SPRF-PI";"DEL04-PI";"UOP01-DEL04-PI"
403411;2021-12-22;"quarta-feira";"15:00:00";"SC";282;457;"PONTE SERRADA";"Acumulo de água sobre o pavimento";"Saída de leito carroçável";"Com Vítimas Feridas";"Pleno dia";"Crescente";"Chuva";"Simples";"Reta";"Não";1;0;1;0;0;0;1;1;-26,880604;-52,013371;"SPRF-SC";"DEL07-SC";"UOP04-DEL07-SC"
403414;2021-12-22;"quarta-feira";"19:10:00";"RJ";116;79;"TERESOPOLIS";"Acessar a via sem observar a presença dos outros veículos";"Colisão transversal";"Com Vítimas Feridas";"Plena Noite";"Crescente";"Nublado";"Simples";"Curva";"Sim";3;0;2;0;1;0;2;2;-22,40785317;-42,95114821;"SPRF-RJ";"DEL04-RJ";"UOP01-DEL04-RJ"
403416;2021-12-22;"quarta-feira";"19:22:00";"SP";116;218;"GUARULHOS";"Condutor deixou de manter distância do veículo da frente";"Colisão traseira";"Com Vítimas Feridas";"Plena Noite";"Crescente";"Chuva";"Múltipla";"Declive";"Sim";4;0;1;0;3;0;1;3;-23,457972;-46,479927;"SPRF-SP";"DEL01-SP";"UOP01-DEL01-SP"
403418;2021-12-22;"quarta-feira";"19:10:00";"SE";235;46;"ITABAIANA";"Reação tardia ou ineficiente do condutor";"Atropelamento de Pedestre";"Com Vítimas Feridas";"Plena Noite";"Decrescente";"Céu Claro";"Dupla";"Reta";"Não";2;0;0;1;1;0;1;2;-10,739394;-37,405602;"SPRF-SE";"DEL01-SE";"UOP02-DEL01-SE"
403419;2021-12-22;"quarta-feira";"18:30:00";"SC";470;48;"BLUMENAU";"Acumulo de água sobre o pavimento";"Tombamento";"Com Vítimas Feridas";"Anoitecer";"Decrescente";"Garoa/Chuvisco";"Simples";"Reta";"Não";1;0;0;1;0;0;1;1;-26,859823;-49,055393;"SPRF-SC";"DEL04-SC";"UOP01-DEL04-SC"
403420;2021-12-22;"quarta-feira";"17:30:00";"MT";163;112,4;"RONDONOPOLIS";"Chuva";"Saída de leito carroçável";"Com Vítimas Feridas";"Anoitecer";"Crescente";"Chuva";"Dupla";"Reta";"Não";4;0;4;0;0;0;4;1;-16,56184522;-54,67930759;"SPRF-MT";"DEL02-MT";"UOP01-DEL02-MT"
403421;2021-12-22;"quarta-feira";"19:40:00";"RS";287;247;"SANTA MARIA";"Reação tardia ou ineficiente do condutor";"Colisão com objeto";"Com Vítimas Feridas";"Plena Noite";"Crescente";"Céu Claro";"Dupla";"Reta";"Não";1;0;1;0;0;0;1;1;-29,69991534;-53,84176017;"SPRF-RS";"DEL09-RS";"UOP01-DEL09-RS"
403422;2021-12-22;"quarta-feira";"19:20:00";"PR";376;633,1;"SAO JOSE DOS PINHAIS";"Condutor deixou de manter distância do veículo da frente";"Colisão traseira";"Com Vítimas Feridas";"Plena Noite";"Decrescente";"Garoa/Chuvisco";"Dupla";"Reta";"Não";2;0;1;0;1;0;1;2;-25,72171791;-49,13663976;"SPRF-PR";"DEL01-PR";"UOP04-DEL01-PR"
403423;2021-12-22;"quarta-feira";"19:10:00";"RJ";116;180,9;"NOVA IGUACU";"Manobra de mudança de faixa";"Colisão traseira";"Com Vítimas Feridas";"Plena Noite";"Decrescente";"Nublado";"Dupla";"Reta";"Sim";4;0;1;0;3;0;1;2;-22,73922448;-43,46940463;"SPRF-RJ";"DEL01-RJ";"UOP02-DEL01-RJ"
403424;2021-12-22;"quarta-feira";"18:00:00";"PE";232;21,2;"MORENO";"Acesso irregular";"Colisão transversal";"Com Vítimas Feridas";"Plena Noite";"Crescente";"Céu Claro";"Dupla";"Curva;Retorno Regulamentado";"Não";2;0;1;0;1;0;1;2;-8,096383;-35,081184;"SPRF-PE";"DEL01-PE";"UOP01-DEL01-PE"
403427;2021-12-22;"quarta-feira";"19:28:00";"RJ";101;534;"PARATY";"Transitar na contramão";"Colisão lateral sentido oposto";"Com Vítimas Feridas";"Plena Noite";"Crescente";"Nublado";"Simples";"Reta";"Não";2;0;1;0;1;0;1;2;-23,02980854;-44,54399522;"SPRF-RJ";"DEL03-RJ";"UOP02-DEL03-RJ"
403428;2021-12-22;"quarta-feira";"19:40:00";"PR";373;394;"CANDOI";"Reação tardia ou ineficiente do condutor";"Saída de leito carroçável";"Com Vítimas Feridas";"Plena Noite";"Crescente";"Céu Claro";"Simples";"Reta";"Não";4;0;4;0;0;0;4;1;-25,53763444;-52,00379112;"SPRF-PR";"DEL08-PR";"UOP01-DEL08-PR"
403430;2021-12-22;"quarta-feira";"17:50:00";"PR";116;2;"CAMPINA GRANDE DO SUL";"Chuva";"Colisão com objeto";"Com Vítimas Feridas";"Pleno dia";"Decrescente";"Chuva";"Dupla";"Curva";"Não";2;0;1;0;1;0;1;1;-25,06681191;-48,57644141;"SPRF-PR";"DEL01-PR";"UOP02-DEL01-PR"
403431;2021-12-22;"quarta-feira";"19:50:00";"PR";116;110;"CURITIBA";"Manobra de mudança de faixa";"Capotamento";"Sem Vítimas";"Plena Noite";"Crescente";"Céu Claro";"Múltipla";"Reta";"Sim";1;0;0;0;1;0;0;1;-25,57012941;-49,21736805;"SPRF-PR";"DEL01-PR";"UOP01-DEL01-PR"
403433;2021-12-22;"quarta-feira";"20:15:00";"SC";470;140,4;"RIO DO SUL";"Transitar no acostamento";"Colisão frontal";"Com Vítimas Feridas";"Plena Noite";"Crescente";"Céu Claro";"Simples";"Reta";"Não";2;0;0;1;1;0;1;2;-27,222485;-49,662827;"SPRF-SC";"DEL04-SC";"UOP02-DEL04-SC"
403434;2021-12-22;"quarta-feira";"11:30:00";"SP";116;280;"ITAPECERICA DA SERRA";"Pista esburacada";"Eventos atípicos";"Sem Vítimas";"Pleno dia";"Crescente";"Nublado";"Múltipla";"Reta";"Não";2;0;0;0;2;0;0;1;-23,66996108;-46,85590758;"SPRF-SP";"DEL04-SP";"UOP01-DEL04-SP"
403435;2021-12-22;"quarta-feira";"20:15:00";"SP";153;98,9;"JOSE BONIFACIO";"Problema com o freio";"Colisão traseira";"Com Vítimas Feridas";"Plena Noite";"Decrescente";"Céu Claro";"Dupla";"Reta";"Não";3;0;1;0;2;0;1;2;-20,99185216;-49,62326681;"SPRF-SP";"DEL09-SP";"UOP01-DEL09-SP"
403436;2021-12-22;"quarta-feira";"19:35:00";"CE";20;205,4;"BOA VIAGEM";"Área urbana sem a presença de local apropriado para a travessia de pedestres";"Atropelamento de Pedestre";"Com Vítimas Fatais";"Plena Noite";"Decrescente";"Céu Claro";"Simples";"Reta";"Sim";2;1;0;0;0;1;0;2;-5,11603888;-39,72548709;"SPRF-CE";"DEL02-CE";"UOP02-DEL02-CE"
403437;2021-12-22;"quarta-feira";"19:00:00";"PR";376;3;"SAO JOSE DOS PINHAIS";"Condutor desrespeitou a iluminação vermelha do semáforo";"Colisão transversal";"Com Vítimas Feridas";"Plena Noite";"Decrescente";"Céu Claro";"Dupla";"Retorno Regulamentado";"Sim";2;0;1;0;1;0;1;2;-25,5307;-49,1958;"SPRF-PR";"DEL01-PR";"UOP04-DEL01-PR"
403438;2021-12-22;"quarta-feira";"20:50:00";"SP";153;60;"SAO JOSE DO RIO PRETO";"Reação tardia ou ineficiente do condutor";"Colisão com objeto";"Com Vítimas Feridas";"Anoitecer";"Crescente";"Céu Claro";"Dupla";"Reta;Em Obras";"Sim";1;0;1;0;0;0;1;1;-20,80046515;-49,35523152;"SPRF-SP";"DEL09-SP";"UOP01-DEL09-SP"
403440;2021-12-22;"quarta-feira";"13:00:00";"MG";116;247,1;"TEOFILO OTONI";"Velocidade Incompatível";"Saída de leito carroçável";"Com Vítimas Feridas";"Pleno dia";"Decrescente";"Céu Claro";"Simples";"Curva";"Não";3;0;2;0;1;0;2;1;-17,61897085;-41,49935745;"SPRF-MG";"DEL11-MG";"UOP01-DEL11-MG"
403441;2021-12-22;"quarta-feira";"20:45:00";"SP";153;110,5;"JOSE BONIFACIO";"Avarias e/ou desgaste excessivo no pneu";"Tombamento";"Com Vítimas Feridas";"Plena Noite";"Decrescente";"Céu Claro";"Simples";"Reta";"Sim";2;0;1;1;0;0;2;1;-21,08845219;-49,67466361;"SPRF-SP";"DEL09-SP";"UOP01-DEL09-SP"
403442;2021-12-22;"quarta-feira";"19:36:00";"MG";459;101,5;"POUSO ALEGRE";"Ingestão de álcool pelo condutor";"Colisão com objeto";"Com Vítimas Fatais";"Plena Noite";"Crescente";"Céu Claro";"Simples";"Curva";"Sim";3;1;2;0;0;0;2;2;-22,207674;-45,933056;"SPRF-MG";"DEL16-MG";"UOP01-DEL16-MG"
403445;2021-12-22;"quarta-feira";"20:20:00";"DF";20;55;"BRASILIA";"Velocidade Incompatível";"Atropelamento de Pedestre";"Com Vítimas Fatais";"Plena Noite";"Decrescente";"Nublado";"Dupla";"Aclive";"Não";4;1;0;0;3;0;0;2;-15,579966;-47,375816;"SPRF-DF";"DEL02-DF";"UOP01-DEL02-DF"
403446;2021-12-22;"quarta-feira";"21:00:00";"PE";101;70;"RECIFE";"Condutor Dormindo";"Saída de leito carroçável";"Com Vítimas Feridas";"Plena Noite";"Decrescente";"Céu Claro";"Dupla";"Reta";"Sim";1;0;0;1;0;0;1;1;-8,07478122;-34,93648052;"SPRF-PE";"DEL01-PE";"UOP01-DEL01-PE"
403449;2021-12-22;"quarta-feira";"20:15:00";"MG";40;513;"RIBEIRAO DAS NEVES";"Velocidade Incompatível";"Colisão com objeto";"Com Vítimas Feridas";"Plena Noite";"Crescente";"Céu Claro";"Dupla";"Declive";"Sim";2;0;1;1;0;0;2;1;-19,7970544;-44,1080512;"SPRF-MG";"DEL01-MG";"UOP02-DEL01-MG"
403450;2021-12-22;"quarta-feira";"21:20:00";"RN";405;3,1;"MOSSORO";"Acessar a via sem observar a presença dos outros veículos";"Colisão lateral mesmo sentido";"Com Vítimas Feridas";"Plena Noite";"Crescente";"Céu Claro";"Simples";"Interseção de Vias";"Sim";3;0;0;1;2;0;1;2;-5,19386547;-37,38052995;"SPRF-RN";"DEL04-RN";"UOP02-DEL04-RN"
403451;2021-12-22;"quarta-feira";"17:20:00";"SC";116;69;"MONTE CASTELO";"Mal súbito do condutor";"Saída de leito carroçável";"Sem Vítimas";"Pleno dia";"Crescente";"Garoa/Chuvisco";"Simples";"Rotatória";"Sim";1;0;0;0;1;0;0;1;-26,46114145;-50,22928834;"SPRF-SC";"DEL06-SC";"UOP02-DEL06-SC"
403453;2021-12-22;"quarta-feira";"22:00:00";"AP";210;3;"MACAPA";"Acessar a via sem observar a presença dos outros veículos";"Colisão lateral sentido oposto";"Com Vítimas Feridas";"Plena Noite";"Decrescente";"Céu Claro";"Dupla";"Reta";"Sim";2;0;1;0;1;0;1;2;0,08723365;-51,08569007;"SPRF-AP";"DEL01-AP";"UOP01-DEL01-AP"
403454;2021-12-22;"quarta-feira";"21:30:00";"MG";381;943,8;"EXTREMA";"Ausência de reação do condutor";"Colisão traseira";"Com Vítimas Feridas";"Plena Noite";"Decrescente";"Chuva";"Dupla";"Reta;Aclive";"Não";3;0;1;0;2;0;1;2;-22,86796831;-46,35363511;"SPRF-MG";"DEL16-MG";"UOP03-DEL16-MG"
403456;2021-12-22;"quarta-feira";"21:00:00";"RS";293;187,9;"BAGE";"Ultrapassagem Indevida";"Saída de leito carroçável";"Com Vítimas Feridas";"Plena Noite";"Decrescente";"Céu Claro";"Simples";"Reta";"Não";5;0;3;1;1;0;4;1;-31,27124907;-54,11732802;"SPRF-RS";"DEL11-RS";"UOP03-DEL11-RS"
403458;2021-12-22;"quarta-feira";"17:00:00";"RS";392;209,1;"SANTANA DA BOA VISTA";"Ausência de reação do condutor";"Saída de leito carroçável";"Sem Vítimas";"Pleno dia";"Decrescente";"Sol";"Simples";"Reta";"Não";1;0;0;0;0;1;0;1;-30,81734707;-53,18295947;"SPRF-RS";"DEL09-RS";"UOP02-DEL09-RS"
403462;2021-12-22;"quarta-feira";"22:15:00";"PR";369;157;"CAMBE";"Ingestão de álcool e/ou substâncias psicoativas pelo pedestre";"Colisão lateral mesmo sentido";"Sem Vítimas";"Pleno dia";"Crescente";"Céu Claro";"Dupla";"Viaduto";"Sim";2;0;0;0;2;0;0;2;-23,28535077;-51,2354064;"SPRF-PR";"DEL07-PR";"UOP01-DEL07-PR"
403464;2021-12-22;"quarta-feira";"23:15:00";"MS";163;473,8;"CAMPO GRANDE";"Animais na Pista";"Atropelamento de Animal";"Com Vítimas Feridas";"Plena Noite";"Decrescente";"Céu Claro";"Simples";"Reta";"Sim";5;0;3;0;2;0;3;1;-20,53459008;-54,56411122;"SPRF-MS";"DEL01-MS";"UOP01-DEL01-MS"
403466;2021-12-23;"quinta-feira";"00:25:00";"PR";369;156,5;"LONDRINA";"Reação tardia ou ineficiente do condutor";"Saída de leito carroçável";"Com Vítimas Feridas";"Plena Noite";"Decrescente";"Céu Claro";"Dupla";"Reta";"Sim";1;0;1;0;0;0;1;1;-23,28877532;-51,22342229;"SPRF-PR";"DEL07-PR";"UOP01-DEL07-PR"
403467;2021-12-22;"quarta-feira";"23:45:00";"PB";101;81,1;"SANTA RITA";"Velocidade Incompatível";"Saída de leito carroçável";"Sem Vítimas";"Plena Noite";"Decrescente";"Nublado";"Dupla";"Curva";"Sim";1;0;0;0;0;1;0;1;-7,12508575;-34,94513217;"SPRF-PB";"DEL01-PB";"UOP01-DEL01-PB"
403468;2021-12-22;"quarta-feira";"14:30:00";"MG";116;765,1;"LEOPOLDINA";"Condutor deixou de manter distância do veículo da frente";"Colisão traseira";"Com Vítimas Feridas";"Pleno dia";"Crescente";"Céu Claro";"Simples";"Reta";"Não";2;0;1;0;1;0;1;2;-21,5197389;-42,6491103;"SPRF-MG";"DEL07-MG";"UOP01-DEL07-MG"
403470;2021-12-22;"quarta-feira";"23:10:00";"MS";163;13;"MUNDO NOVO";"Ausência de reação do condutor";"Colisão lateral sentido oposto";"Com Vítimas Feridas";"Plena Noite";"Crescente";"Céu Claro";"Simples";"Reta";"Não";3;0;1;0;2;0;1;2;-23,95374032;-54,31622801;"SPRF-MS";"DEL09-MS";"UOP02-DEL09-MS"
403473;2021-12-23;"quinta-feira";"01:20:00";"RS";290;86;"PORTO ALEGRE";"Velocidade Incompatível";"Colisão com objeto";"Sem Vítimas";"Plena Noite";"Decrescente";"Céu Claro";"Dupla";"Curva";"Não";1;0;0;0;0;1;0;1;-29,968891;-51,11841;"SPRF-RS";"DEL01-RS";"UOP01-DEL01-RS"
403474;2021-12-23;"quinta-feira";"01:35:00";"PR";369;185,4;"ARAPONGAS";"Desrespeitar a preferência no cruzamento";"Colisão transversal";"Com Vítimas Feridas";"Plena Noite";"Decrescente";"Céu Claro";"Simples";"Interseção de Vias";"Sim";2;0;1;0;1;0;1;2;-23,41128397;-51,42742385;"SPRF-PR";"DEL07-PR";"UOP02-DEL07-PR"
403475;2021-12-23;"quinta-feira";"01:20:00";"SC";101;203;"SAO JOSE";"Condutor Dormindo";"Colisão com objeto";"Com Vítimas Feridas";"Plena Noite";"Decrescente";"Nublado";"Múltipla";"Curva";"Sim";1;0;1;0;0;0;1;1;-27,5650044;-48,61460082;"SPRF-SC";"DEL01-SC";"UOP01-DEL01-SC"
403478;2021-12-23;"quinta-feira";"01:40:00";"PR";376;490,8;"PONTA GROSSA";"Ingestão de álcool pelo condutor";"Colisão com objeto";"Sem Vítimas";"Plena Noite";"Crescente";"Céu Claro";"Dupla";"Declive";"Sim";2;0;0;0;2;0;0;2;-25,10656028;-50,19291054;"SPRF-PR";"DEL03-PR";"UOP01-DEL03-PR"
403479;2021-12-23;"quinta-feira";"02:50:00";"PR";369;181;"ARAPONGAS";"Ausência de reação do condutor";"Tombamento";"Com Vítimas Feridas";"Plena Noite";"Crescente";"Nublado";"Simples";"Reta";"Não";2;0;1;0;0;1;1;2;-23,3741979;-51,41333342;"SPRF-PR";"DEL07-PR";"UOP02-DEL07-PR"
403480;2021-12-23;"quinta-feira";"01:25:00";"BA";116;719;"MANOEL VITORINO";"Velocidade Incompatível";"Saída de leito carroçável";"Com Vítimas Feridas";"Plena Noite";"Decrescente";"Chuva";"Simples";"Curva;Declive";"Não";4;0;4;0;0;0;4;1;-14,1888825;-40,26532343;"SPRF-BA";"DEL08-BA";"UOP02-DEL08-BA"
403481;2021-12-22;"quarta-feira";"20:10:00";"MA";316;550,3;"CAXIAS";"Transitar na contramão";"Colisão frontal";"Com Vítimas Feridas";"Plena Noite";"Crescente";"Nublado";"Simples";"Reta";"Sim";2;0;0;1;0;1;1;2;-4,886773;-43,362507;"SPRF-MA";"DEL03-MA";"UOP02-DEL03-MA"
403482;2021-12-23;"quinta-feira";"02:45:00";"RN";110;49,3;"MOSSORO";"Ausência de reação do condutor";"Queda de ocupante de veículo";"Com Vítimas Feridas";"Plena Noite";"Decrescente";"Céu Claro";"Dupla";"Reta";"Sim";1;0;0;1;0;0;1;1;-5,2185;-37,32791;"SPRF-RN";"DEL04-RN";"UOP01-DEL04-RN"
403485;2021-12-23;"quinta-feira";"03:00:00";"PR";376;242,1;"APUCARANA";"Velocidade Incompatível";"Saída de leito carroçável";"Sem Vítimas";"Plena Noite";"Decrescente";"Céu Claro";"Dupla";"Curva";"Não";1;0;0;0;0;1;0;1;-23,580046;-51,418804;"SPRF-PR";"DEL07-PR";"UOP02-DEL07-PR"
403491;2021-12-23;"quinta-feira";"07:10:00";"SP";116;210;"GUARULHOS";"Condutor deixou de manter distância do veículo da frente";"Colisão lateral mesmo sentido";"Com Vítimas Feridas";"Pleno dia";"Crescente";"Céu Claro";"Dupla";"Reta";"Não";3;0;0;1;2;0;1;3;-23,42870023;-46,41085991;"SPRF-SP";"DEL01-SP";"UOP01-DEL01-SP"