"id";"data_inversa";"dia_semana";"horario";"uf";"br";"km";"municipio";"causa_acidente";"tipo_acidente";"classificacao_acidente";"fase_dia";"sentido_via";"condicao_metereologica";"tipo_pista";"tracado_via";"uso_solo";"pessoas";"mortos";"feridos_leves";"feridos_graves";"ilesos";"ignorados";"feridos";"veiculos";"latitude";"longitude";"regional";"delegacia";"uop"
403495;2021-12-23;"quinta-feira";"06:50:00";"BA";116;2;"VITORIA DA CONQUISTA";"Animais na Pista";"Atropelamento de Animal";"Com Vítimas Feridas";"Pleno dia";"Decrescente";"Nevoeiro/Neblina";"Simples";"Interseção de Vias";"Não";2;0;2;0;0;0;2;1;-14,82488715;-40,86202925;"SPRF-BA";"DEL08-BA";"UOP01-DEL08-BA"
403496;2021-12-23;"quinta-feira";"02:10:00";"SC";101;80,5;"ARAQUARI";"Ingestão de álcool pelo condutor";"Saída de leito carroçável";"Sem Vítimas";"Plena Noite";"Decrescente";"Céu Claro";"Dupla";"Curva";"Não";1;0;0;0;1;0;0;1;-26,59441996;-48,72183309;"SPRF-SC";"DEL03-SC";"UOP02-DEL03-SC"
403497;2021-12-23;"quinta-feira";"07:40:00";"RJ";116;96;"TERESOPOLIS";"Chuva";"Colisão com objeto";"Com Vítimas Feridas";"Amanhecer";"Decrescente";"Chuva";"Simples";"Curva";"Não";2;0;2;0;0;0;2;1;-22,48025217;-42,99744482;"SPRF-RJ";"DEL04-RJ";"UOP02-DEL04-RJ"
403498;2021-12-23;"quinta-feira";"06:35:00";"GO";153;695;"ITUMBIARA";"Transitar na contramão";"Colisão transversal";"Com Vítimas Feridas";"Amanhecer";"Crescente";"Céu Claro";"Simples";"Reta";"Não";2;0;1;0;1;0;1;2;-18,3517;-49,2189;"SPRF-GO";"DEL03-GO";"UOP02-DEL03-GO"
403499;2021-12-23;"quinta-feira";"07:00:00";"RS";116;244,7;"SAO LEOPOLDO";"Condutor deixou de manter distância do veículo da frente";"Colisão traseira";"Com Vítimas Feridas";"Pleno dia";"Crescente";"Nublado";"Múltipla";"Reta";"Sim";2;0;1;0;1;0;1;2;-29,74088003;-51,15039566;"SPRF-RS";"DEL01-RS";"UOP02-DEL01-RS"
403500;2021-12-23;"quinta-feira";"06:00:00";"RS";153;682,5;"ACEGUA";"Ingestão de álcool pelo condutor";"Saída de leito carroçável";"Com Vítimas Feridas";"Amanhecer";"Decrescente";"Céu Claro";"Simples";"Reta";"Não";1;0;1;0;0;0;1;1;-31,76962999;-54,15605536;"SPRF-RS";"DEL11-RS";"UOP03-DEL11-RS"
403502;2021-12-23;"quinta-feira";"06:30:00";"MS";262;275;"RIBAS DO RIO PARDO";"Reação tardia ou ineficiente do condutor";"Colisão com objeto";"Sem Vítimas";"Amanhecer";"Decrescente";"Céu Claro";"Simples";"Aclive";"Não";1;0;0;0;0;1;0;1;-20,46631917;-54,06242097;"SPRF-MS";"DEL01-MS";"UOP01-DEL01-MS"
403504;2021-12-23;"quinta-feira";"06:45:00";"MG";381;912,9;"CAMANDUCAIA";"Velocidade Incompatível";"Colisão com objeto";"Sem Vítimas";"Pleno dia";"Decrescente";"Céu Claro";"Dupla";"Curva";"Não";8;0;0;0;8;0;0;2;-22,71292448;-46,12213416;"SPRF-MG";"DEL16-MG";"UOP03-DEL16-MG"
403505;2021-12-23;"quinta-feira";"07:35:00";"RS";386;51,6;"SEBERI";"Desrespeitar a preferência no cruzamento";"Colisão transversal";"Com Vítimas Feridas";"Pleno dia";"Decrescente";"Céu Claro";"Simples";"Rotatória";"Sim";2;0;1;0;1;0;1;2;-27,500874;-53,388092;"SPRF-RS";"DEL08-RS";"UOP02-DEL08-RS"
403507;2021-12-23;"quinta-feira";"06:17:00";"GO";60;369;"RIO VERDE";"Reação tardia ou ineficiente do condutor";"Saída de leito carroçável";"Com Vítimas Feridas";"Amanhecer";"Crescente";"Nublado";"Dupla";"Reta";"Não";5;0;2;0;3;0;2;1;-17,6799;-50,8314;"SPRF-GO";"DEL04-GO";"UOP01-DEL04-GO"
403510;2021-12-23;"quinta-feira";"07:50:00";"RS";392;74,5;"PELOTAS";"Desrespeitar a preferência no cruzamento";"Colisão transversal";"Com Vítimas Feridas";"Pleno dia";"Crescente";"Sol";"Simples";"Interseção de Vias;Reta";"Não";2;0;0;1;1;0;1;2;-31,70449273;-52,40911961;"SPRF-RS";"DEL07-RS";"UOP01-DEL07-RS"
403512;2021-12-23;"quinta-feira";"08:40:00";"RN";101;112;"PARNAMIRIM";"Acessar a via sem observar a presença dos outros veículos";"Colisão transversal";"Com Vítimas Feridas";"Pleno dia";"Decrescente";"Céu Claro";"Dupla";"Reta;Retorno Regulamentado";"Não";2;0;1;0;1;0;1;2;-5,96429;-35,264877;"SPRF-RN";"DEL01-RN";"UOP01-DEL01-RN"
403513;2021-12-23;"quinta-feira";"08:00:00";"SC";470;136,9;"RIO DO SUL";"Condutor deixou de manter distância do veículo da frente";"Colisão traseira";"Com Vítimas Feridas";"Pleno dia";"Crescente";"Céu Claro";"Simples";"Reta";"Não";2;0;1;0;1;0;1;2;-27,194323;-49,624554;"SPRF-SC";"DEL04-SC";"UOP02-DEL04-SC"
403514;2021-12-23;"quinta-feira";"07:20:00";"PR";277;652;"MATELANDIA";"Condutor deixou de manter distância do veículo da frente";"Colisão traseira";"Com Vítimas Feridas";"Pleno dia";"Crescente";"Céu Claro";"Simples";"Reta";"Não";1;0;0;1;0;0;1;1;-25,20466596;-53,94913311;"SPRF-PR";"DEL05-PR";"UOP02-DEL05-PR"
403517;2021-12-23;"quinta-feira";"07:20:00";"SC";280;35,7;"ARAQUARI";"Conversão proibida";"Colisão transversal";"Com Vítimas Feridas";"Pleno dia";"Crescente";"Céu Claro";"Simples";"Interseção de Vias";"Não";4;0;1;0;3;0;1;2;-26,43447549;-48,80453914;"SPRF-SC";"DEL03-SC";"UOP03-DEL03-SC"
403518;2021-12-23;"quinta-feira";"08:00:00";"SP";116;221;"GUARULHOS";"Trafegar com motocicleta (ou similar) entre as faixas";"Colisão lateral mesmo sentido";"Com Vítimas Feridas";"Pleno dia";"Crescente";"Nublado";"Dupla";"Reta";"Sim";3;0;2;0;1;0;2;2;-23,46802395;-46,50704901;"SPRF-SP";"DEL01-SP";"UOP01-DEL01-SP"
403519;2021-12-23;"quinta-feira";"06:40:00";"RS";285;162,8;"MUITOS CAPOES";"Ausência de reação do condutor";"Colisão frontal";"Com Vítimas Feridas";"Pleno dia";"Crescente";"Céu Claro";"Simples";"Curva";"Não";5;0;4;1;0;0;5;2;-28,318995;-51,246716;"SPRF-RS";"DEL05-RS";"UOP03-DEL05-RS"
403520;2021-12-23;"quinta-feira";"09:00:00";"SC";101;116;"ITAJAI";"Velocidade Incompatível";"Colisão traseira";"Com Vítimas Feridas";"Pleno dia";"Decrescente";"Céu Claro";"Múltipla";"Reta";"Não";4;0;1;0;3;0;1;3;-26,87905605;-48,72603512;"SPRF-SC";"DEL04-SC";"UOP04-DEL04-SC"
403521;2021-12-23;"quinta-feira";"09:05:00";"SE";235;4,2;"NOSSA SENHORA DO SOCORRO";"Condutor deixou de manter distância do veículo da frente";"Queda de ocupante de veículo";"Com Vítimas Feridas";"Pleno dia";"Decrescente";"Céu Claro";"Dupla";"Reta;Aclive";"Sim";3;0;1;1;1;0;2;2;-10,9041;-37,1278;"SPRF-SE";"DEL01-SE";"UOP01-DEL01-SE"
403523;2021-12-23;"quinta-feira";"06:50:00";"MG";40;519;"RIBEIRAO DAS NEVES";"Condutor deixou de manter distância do veículo da frente";"Colisão traseira";"Com Vítimas Feridas";"Pleno dia";"Crescente";"Nublado";"Dupla";"Reta";"Sim";2;0;1;0;1;0;1;2;-19,83957589;-44,07684485;"SPRF-MG";"DEL01-MG";"UOP02-DEL01-MG"
403524;2021-12-23;"quinta-feira";"09:00:00";"SC";282;217,9;"LAGES";"Trafegar com motocicleta (ou similar) entre as faixas";"Tombamento";"Com Vítimas Feridas";"Pleno dia";"Decrescente";"Sol";"Dupla";"Reta";"Sim";1;0;1;0;0;0;1;1;-27,797916;-50,302944;"SPRF-SC";"DEL05-SC";"UOP01-DEL05-SC"
403525;2021-12-23;"quinta-feira";"09:15:00";"MG";40;517;"RIBEIRAO DAS NEVES";"Desrespeitar a preferência no cruzamento";"Colisão transversal";"Com Vítimas Feridas";"Pleno dia";"Crescente";"Céu Claro";"Dupla";"Reta";"Sim";3;0;2;0;1;0;2;2;-19,82351202;-44,08438913;"SPRF-MG";"DEL01-MG";"UOP02-DEL01-MG"
403527;2021-12-23;"quinta-feira";"09:35:00";"SP";116;122;"CACAPAVA";"Ausência de reação do condutor";"Colisão traseira";"Com Vítimas Feridas";"Pleno dia";"Decrescente";"Nublado";"Dupla";"Reta";"Sim";2;0;2;0;0;0;2;1;-23,08192414;-45,66154591;"SPRF-SP";"DEL02-SP";"UOP02-DEL02-SP"
403528;2021-12-23;"quinta-feira";"08:25:00";"PB";101;81;"BAYEUX";"Ausência de reação do condutor";"Colisão traseira";"Com Vítimas Feridas";"Pleno dia";"Decrescente";"Sol";"Dupla";"Declive;Reta";"Sim";2;0;1;0;1;0;1;2;-7,12508575;-34,94513217;"SPRF-PB";"DEL01-PB";"UOP01-DEL01-PB"
403529;2021-12-23;"quinta-feira";"10:00:00";"SP";116;110;"TAUBATE";"Trafegar com motocicleta (ou similar) entre as faixas";"Colisão traseira";"Com Vítimas Feridas";"Pleno dia";"Decrescente";"Nublado";"Dupla";"Reta";"Sim";4;0;1;0;2;1;1;3;-23,03412614;-45,5526999;"SPRF-SP";"DEL08-SP";"UOP01-DEL08-SP"
403530;2021-12-22;"quarta-feira";"19:50:00";"PI";222;75;"PIRIPIRI";"Ingestão de álcool pelo condutor";"Queda de ocupante de veículo";"Com Vítimas Feridas";"Plena Noite";"Crescente";"Céu Claro";"Simples";"Reta";"Não";1;0;0;1;0;0;1;1;-4,25403324;-41,7618194;"SPRF-PI";"DEL02-PI";"UOP01-DEL02-PI"
403534;2021-12-23;"quinta-feira";"08:30:00";"RJ";101;210;"CASIMIRO DE ABREU";"Acumulo de óleo sobre o pavimento";"Saída de leito carroçável";"Com Vítimas Feridas";"Pleno dia";"Decrescente";"Chuva";"Dupla";"Curva";"Não";4;0;0;1;3;0;1;2;-22,48376493;-42,23279528;"SPRF-RJ";"DEL08-RJ";"UOP04-DEL08-RJ"
403535;2021-12-23;"quinta-feira";"10:20:00";"MG";40;740,9;"SANTOS DUMONT";"Acessar a via sem observar a presença dos outros veículos";"Colisão lateral mesmo sentido";"Com Vítimas Feridas";"Pleno dia";"Decrescente";"Céu Claro";"Simples";"Reta";"Não";4;0;1;0;3;0;1;2;-21,39953901;-43,56507286;"SPRF-MG";"DEL05-MG";"UOP01-DEL05-MG"
403536;2021-12-23;"quinta-feira";"10:20:00";"MG";40;506;"RIBEIRAO DAS NEVES";"Reação tardia ou ineficiente do condutor";"Colisão traseira";"Com Vítimas Feridas";"Pleno dia";"Decrescente";"Céu Claro";"Dupla";"Rotatória;Curva";"Não";2;0;0;1;1;0;1;2;-19,74716686;-44,14731173;"SPRF-MG";"DEL02-MG";"UOP01-DEL02-MG"
403538;2021-12-23;"quinta-feira";"08:30:00";"ES";101;150;"LINHARES";"Condutor deixou de manter distância do veículo da frente";"Colisão traseira";"Com Vítimas Feridas";"Pleno dia";"Crescente";"Céu Claro";"Simples";"Interseção de Vias";"Sim";5;0;1;0;4;0;1;2;-19,40436634;-40,06078896;"SPRF-ES";"DEL04-ES";"UOP01-DEL04-ES"
403539;2021-12-23;"quinta-feira";"10:00:00";"PI";316;308,3;"PICOS";"Acessar a via sem observar a presença dos outros veículos";"Colisão lateral mesmo sentido";"Com Vítimas Fatais";"Pleno dia";"Decrescente";"Céu Claro";"Simples";"Curva";"Não";2;1;0;0;0;1;0;2;-7,07773683;-41,492757;"SPRF-PI";"DEL04-PI";"UOP01-DEL04-PI"
403541;2021-12-23;"quinta-feira";"09:30:00";"PE";232;184,8;"BELO JARDIM";"Velocidade Incompatível";"Saída de leito carroçável";"Com Vítimas Feridas";"Pleno dia";"Decrescente";"Sol";"Simples";"Reta";"Não";1;0;1;0;0;0;1;1;-8,35118645;-36,46450196;"SPRF-PE";"DEL02-PE";"UOP03-DEL02-PE"
403543;2021-12-23;"quinta-feira";"09:30:00";"RN";304;14;"MOSSORO";"Ausência de reação do condutor";"Capotamento";"Com Vítimas Feridas";"Amanhecer";"Decrescente";"Céu Claro";"Simples";"Reta";"Não";1;0;1;0;0;0;1;1;-4,98732709;-37,37969115;"SPRF-RN";"DEL04-RN";"UOP02-DEL04-RN"
403550;2021-12-23;"quinta-feira";"10:30:00";"MG";381;385;"SAO GONCALO DO RIO ABAIXO";"Ausência de reação do condutor";"Colisão frontal";"Com Vítimas Feridas";"Pleno dia";"Decrescente";"Céu Claro";"Simples";"Reta";"Não";5;0;5;0;0;0;5;3;-19,80286099;-43,409962;"SPRF-MG";"DEL01-MG";"UOP01-DEL01-MG"
403551;2021-12-23;"quinta-feira";"10:00:00";"GO";60;380,9;"RIO VERDE";"Chuva";"Saída de leito carroçável";"Com Vítimas Feridas";"Pleno dia";"Decrescente";"Chuva";"Dupla";"Curva";"Sim";4;0;1;3;0;0;4;1;-17,772163;-50,885507;"SPRF-GO";"DEL04-GO";"UOP01-DEL04-GO"
403552;2021-12-23;"quinta-feira";"07:30:00";"PR";280;289,5;"FLOR DA SERRA DO SUL";"Problema com o freio";"Colisão transversal";"Com Vítimas Feridas";"Pleno dia";"Crescente";"Céu Claro";"Simples";"Rotatória;Interseção de Vias";"Sim";3;0;1;0;2;0;1;2;-26,25576694;-53,30004204;"SPRF-PR";"DEL02-PR";"UOP01-DEL02-PR"
403554;2021-12-23;"quinta-feira";"10:45:00";"PA";316;140;"PEIXE-BOI";"Avarias e/ou desgaste excessivo no pneu";"Eventos atípicos";"Com Vítimas Feridas";"Pleno dia";"Decrescente";"Céu Claro";"Simples";"Reta";"Não";2;0;2;0;0;0;2;1;-1,26138754;-47,26743031;"SPRF-PA";"DEL01-PA";"UOP03-DEL01-PA"
403556;2021-12-23;"quinta-feira";"11:55:00";"RN";304;297;"MACAIBA";"Condutor deixou de manter distância do veículo da frente";"Engavetamento";"Sem Vítimas";"Pleno dia";"Decrescente";"Céu Claro";"Simples";"Reta";"Sim";3;0;0;0;2;1;0;3;-5,8653410102;-35,3406940033;"SPRF-RN";"DEL01-RN";"UOP02-DEL01-RN"
403557;2021-12-23;"quinta-feira";"11:45:00";"MG";50;11;"UBERLANDIA";"Demais falhas mecânicas ou elétricas";"Tombamento";"Com Vítimas Feridas";"Pleno dia";"Decrescente";"Nublado";"Dupla";"Reta";"Não";1;0;1;0;0;0;1;1;-18,90466249;-48,18431854;"SPRF-MG";"DEL15-MG";"UOP01-DEL15-MG"
403558;2021-12-23;"quinta-feira";"10:50:00";"MG";365;2,6;"MONTES CLAROS";"Ausência de reação do condutor";"Queda de ocupante de veículo";"Com Vítimas Feridas";"Pleno dia";"Crescente";"Nublado";"Simples";"Reta";"Não";2;0;1;0;0;1;1;2;-16,72627608;-43,88021191;"SPRF-MG";"DEL12-MG";"UOP01-DEL12-MG"
403560;2021-12-23;"quinta-feira";"12:00:00";"SC";101;210;"SAO JOSE";"Condutor deixou de manter distância do veículo da frente";"Colisão lateral mesmo sentido";"Com Vítimas Feridas";"Pleno dia";"Crescente";"Céu Claro";"Múltipla";"Reta";"Sim";4;0;2;0;2;0;2;3;-27,6167305;-48,6457265;"SPRF-SC";"DEL01-SC";"UOP01-DEL01-SC"
403562;2021-12-23;"quinta-feira";"11:10:00";"PA";10;209;"IPIXUNA DO PARA";"Manobra de mudança de faixa";"Saída de leito carroçável";"Com Vítimas Feridas";"Pleno dia";"Crescente";"Céu Claro";"Simples";"Reta";"Não";5;0;4;1;0;0;5;1;-2,6010351;-47,48635956;"SPRF-PA";"DEL02-PA";"UOP01-DEL02-PA"
403563;2021-12-23;"quinta-feira";"12:40:00";"MG";50;1,4;"ARAGUARI";"Acumulo de água sobre o pavimento";"Saída de leito carroçável";"Com Vítimas Feridas";"Pleno dia";"Decrescente";"Nublado";"Dupla";"Curva";"Não";1;0;1;0;0;0;1;1;-18,42982393;-48,06250588;"SPRF-MG";"DEL15-MG";"UOP02-DEL15-MG"
403564;2021-12-23;"quinta-feira";"13:00:00";"SC";101;206;"SAO JOSE";"Manobra de mudança de faixa";"Colisão lateral mesmo sentido";"Com Vítimas Feridas";"Pleno dia";"Crescente";"Céu Claro";"Múltipla";"Reta";"Sim";3;0;1;0;2;0;1;2;-27,59193546;-48,61824557;"SPRF-SC";"DEL01-SC";"UOP01-DEL01-SC"
403565;2021-12-23;"quinta-feira";"12:25:00";"GO";40;47,2;"LUZIANIA";"Condutor Dormindo";"Colisão frontal";"Com Vítimas Fatais";"Pleno dia";"Crescente";"Céu Claro";"Simples";"Curva";"Não";4;2;0;2;0;0;2;2;-16,419948;-47,824968;"SPRF-DF";"DEL01-DF";"UOP02-DEL01-DF"
403567;2021-12-23;"quinta-feira";"11:30:00";"GO";153;519,4;"HIDROLANDIA";"Avarias e/ou desgaste excessivo no pneu";"Queda de ocupante de veículo";"Com Vítimas Feridas";"Pleno dia";"Decrescente";"Nublado";"Dupla";"Reta";"Não";2;0;2;0;0;0;2;1;-16,8755;-49,2523;"SPRF-GO";"DEL01-GO";"UOP03-DEL01-GO"
403568;2021-12-23;"quinta-feira";"08:55:00";"RO";364;379;"OURO PRETO DO OESTE";"Ausência de reação do condutor";"Colisão traseira";"Com Vítimas Feridas";"Pleno dia";"Decrescente";"Nublado";"Simples";"Reta";"Não";3;0;1;0;2;0;1;2;-10,74140374;-62,21792696;"SPRF-RO";"DEL02-RO";"UOP01-DEL02-RO"
403569;2021-12-23;"quinta-feira";"12:00:00";"RJ";40;124;"DUQUE DE CAXIAS";"Manobra de mudança de faixa";"Colisão traseira";"Com Vítimas Feridas";"Pleno dia";"Crescente";"Nublado";"Dupla";"Reta";"Sim";2;0;1;0;1;0;1;2;-22,807953;-43,289124;"SPRF-RJ";"DEL01-RJ";"UOP01-DEL01-RJ"
403570;2021-12-23;"quinta-feira";"11:00:00";"PE";104;63;"CARUARU";"Ausência de reação do condutor";"Capotamento";"Com Vítimas Feridas";"Pleno dia";"Crescente";"Sol";"Dupla";"Reta";"Sim";1;0;0;1;0;0;1;1;-8,2698;-35,9803;"SPRF-PE";"DEL02-PE";"UOP01-DEL02-PE"
403571;2021-12-23;"quinta-feira";"13:20:00";"PR";487;178;"CAMPO MOURAO";"Acessar a via sem observar a presença dos outros veículos";"Queda de ocupante de veículo";"Com Vítimas Feridas";"Pleno dia";"Decrescente";"Céu Claro";"Dupla";"Interseção de Vias";"Sim";2;0;0;1;1;0;1;2;-24,04677753;-52,39414215;"SPRF-PR";"DEL09-PR";"UOP03-DEL09-PR"
403573;2021-12-23;"quinta-feira";"13:30:00";"RS";448;22;"PORTO ALEGRE";"Ausência de reação do condutor";"Tombamento";"Com Vítimas Feridas";"Pleno dia";"Decrescente";"Céu Claro";"Dupla";"Reta";"Sim";1;0;1;0;0;0;1;1;-29,972212;-51,199139;"SPRF-RS";"DEL01-RS";"UOP01-DEL01-RS"
403574;2021-12-23;"quinta-feira";"14:10:00";"ES";262;3,9;"CARIACICA";"Condutor deixou de manter distância do veículo da frente";"Colisão traseira";"Com Vítimas Feridas";"Pleno dia";"Crescente";"Garoa/Chuvisco";"Dupla";"Reta";"Sim";2;0;1;0;1;0;1;2;-20,33374432;-40,36910933;"SPRF-ES";"DEL01-ES";"UOP01-DEL01-ES"
403576;2021-12-23;"quinta-feira";"13:50:00";"GO";153;558;"PROFESSOR JAMIL";"Velocidade Incompatível";"Saída de leito carroçável";"Com Vítimas Feridas";"Pleno dia";"Decrescente";"Chuva";"Dupla";"Curva";"Não";2;0;2;0;0;0;2;1;-17,2081;-49,2137;"SPRF-GO";"DEL03-GO";"UOP01-DEL03-GO"
403577;2021-12-23;"quinta-feira";"11:05:00";"SC";282;459,7;"PONTE SERRADA";"Acessar a via sem observar a presença dos outros veículos";"Colisão transversal";"Com Vítimas Feridas";"Pleno dia";"Crescente";"Sol";"Simples";"Reta";"Sim";3;0;3;0;0;0;3;2;-26,88196179;-52,01202393;"SPRF-SC";"DEL07-SC";"UOP04-DEL07-SC"
403580;2021-12-23;"quinta-feira";"14:00:00";"MG";262;118,8;"RIO CASCA";"Desrespeitar a preferência no cruzamento";"Colisão transversal";"Com Vítimas Feridas";"Pleno dia";"Crescente";"Ignorado";"Simples";"Rotatória";"Sim";2;0;1;0;0;1;1;2;-20,22994826;-42,63698814;"SPRF-MG";"DEL03-MG";"UOP03-DEL03-MG"
403584;2021-12-23;"quinta-feira";"14:10:00";"MS";60;519,8;"NIOAQUE";"Reação tardia ou ineficiente do condutor";"Colisão transversal";"Com Vítimas Fatais";"Pleno dia";"Decrescente";"Céu Claro";"Simples";"Reta";"Não";5;4;0;1;0;0;1;2;-21,16944896;-55,66272292;"SPRF-MS";"DEL05-MS";"UOP01-DEL05-MS"
403585;2021-12-23;"quinta-feira";"15:15:00";"SC";101;198,6;"SAO JOSE";"Ingestão de álcool pelo condutor";"Colisão lateral mesmo sentido";"Com Vítimas Feridas";"Pleno dia";"Decrescente";"Sol";"Dupla";"Reta";"Sim";3;0;1;0;2;0;1;2;-27,52658712;-48,63506019;"SPRF-SC";"DEL01-SC";"UOP01-DEL01-SC"
403587;2021-12-23;"quinta-feira";"12:20:00";"PR";277;388,2;"CANDOI";"Velocidade Incompatível";"Saída de leito carroçável";"Com Vítimas Feridas";"Pleno dia";"Decrescente";"Céu Claro";"Simples";"Reta";"Não";2;0;1;0;1;0;1;1;-25,4345774;-51,80956591;"SPRF-PR";"DEL08-PR";"UOP01-DEL08-PR"
403589;2021-12-23;"quinta-feira";"15:30:00";"SP";116;117;"TAUBATE";"Ausência de reação do condutor";"Colisão traseira";"Sem Vítimas";"Pleno dia";"Decrescente";"Céu Claro";"Dupla";"Reta";"Sim";2;0;0;0;2;0;0;2;-23,0582298;-45,6176951;"SPRF-SP";"DEL02-SP";"UOP02-DEL02-SP"
403590;2021-12-23;"quinta-feira";"14:30:00";"RJ";116;305;"RESENDE";"Conversão proibida";"Colisão traseira";"Com Vítimas Feridas";"Pleno dia";"Crescente";"Céu Claro";"Simples";"Reta";"Não";3;0;0;1;2;0;1;2;-22,45573779;-44,39454802;"SPRF-RJ";"DEL07-RJ";"UOP02-DEL07-RJ"
403591;2021-12-23;"quinta-feira";"15:55:00";"PR";476;126;"CURITIBA";"Condutor desrespeitou a iluminação vermelha do semáforo";"Colisão transversal";"Com Vítimas Feridas";"Pleno dia";"Crescente";"Céu Claro";"Dupla";"Interseção de Vias";"Sim";2;0;1;0;1;0;1;2;-25,416758;-49,223446;"SPRF-PR";"DEL01-PR";"UOP03-DEL01-PR"
403593;2021-12-23;"quinta-feira";"16:00:00";"RS";290;41,4;"SANTO ANTONIO DA PATRULHA";"Condutor Dormindo";"Saída de leito carroçável";"Com Vítimas Feridas";"Pleno dia";"Crescente";"Sol";"Dupla";"Reta";"Não";2;0;2;0;0;0;2;1;-29,887197;-50,668839;"SPRF-RS";"DEL03-RS";"UOP01-DEL03-RS"
403594;2021-12-23;"quinta-feira";"15:20:00";"MS";163;244,9;"CAARAPO";"Demais falhas mecânicas ou elétricas";"Tombamento";"Com Vítimas Feridas";"Pleno dia";"Crescente";"Céu Claro";"Simples";"Reta";"Não";1;0;1;0;0;0;1;1;-22,35692307;-54,80340314;"SPRF-MS";"DEL04-MS";"UOP01-DEL04-MS"
403595;2021-12-23;"quinta-feira";"15:50:00";"DF";20;4;"BRASILIA";"Velocidade Incompatível";"Capotamento";"Com Vítimas Feridas";"Pleno dia";"Crescente";"Nublado";"Múltipla";"Rotatória";"Sim";1;0;0;1;0;0;1;1;-15,67872117;-47,82777786;"SPRF-DF";"DEL02-DF";"UOP01-DEL02-DF"
403596;2021-12-23;"quinta-feira";"15:15:00";"PA";10;216;"IPIXUNA DO PARA";"Ausência de reação do condutor";"Saída de leito carroçável";"Com Vítimas Feridas";"Pleno dia";"Crescente";"Garoa/Chuvisco";"Simples";"Reta";"Não";2;0;2;0;0;0;2;1;-2,53902584;-47,49819061;"SPRF-PA";"DEL02-PA";"UOP01-DEL02-PA"
403602;2021-12-23;"quinta-feira";"16:45:00";"MG";40;635,5;"CONSELHEIRO LAFAIETE";"Acumulo de água sobre o pavimento";"Colisão frontal";"Com Vítimas Fatais";"Pleno dia";"Crescente";"Chuva";"Simples";"Reta";"Não";4;1;1;2;0;0;3;2;-20,69796589;-43,79213914;"SPRF-MG";"DEL05-MG";"UOP02-DEL05-MG"
403605;2021-12-23;"quinta-feira";"16:40:00";"SP";116;277,7;"EMBU DAS ARTES";"Ausência de reação do condutor";"Tombamento";"Com Vítimas Feridas";"Pleno dia";"Crescente";"Céu Claro";"Dupla";"Reta";"Não";1;0;1;0;0;0;1;1;-23,64870535;-46,84395469;"SPRF-SP";"DEL04-SP";"UOP01-DEL04-SP"
403607;2021-12-23;"quinta-feira";"17:10:00";"PR";116;14,2;"COLOMBO";"Ausência de reação do condutor";"Colisão lateral mesmo sentido";"Sem Vítimas";"Pleno dia";"Crescente";"Céu Claro";"Dupla";"Reta";"Sim";2;0;0;0;2;0;0;2;-25,3818;-49,1643;"SPRF-PR";"DEL01-PR";"UOP02-DEL01-PR"
403608;2021-12-23;"quinta-feira";"16:20:00";"SC";101;116,5;"ITAJAI";"Condutor deixou de manter distância do veículo da frente";"Engavetamento";"Com Vítimas Feridas";"Pleno dia";"Decrescente";"Céu Claro";"Dupla";"Reta";"Sim";3;0;1;0;2;0;1;3;-26,87905605;-48,72603512;"SPRF-SC";"DEL04-SC";"UOP04-DEL04-SC"
403609;2021-12-23;"quinta-feira";"17:30:00";"GO";50;280;"CATALAO";"Desrespeitar a preferência no cruzamento";"Colisão transversal";"Com Vítimas Feridas";"Pleno dia";"Decrescente";"Nublado";"Simples";"Reta";"Sim";2;0;1;0;1;0;1;2;-18,1784;-47,9362;"SPRF-GO";"DEL06-GO";"UOP01-DEL06-GO"
403610;2021-12-23;"quinta-feira";"17:00:00";"PR";369;158,9;"CAMBE";"Frear bruscamente";"Colisão traseira";"Com Vítimas Feridas";"Pleno dia";"Crescente";"Nublado";"Dupla";"Aclive";"Sim";3;0;1;0;2;0;1;2;-23,284807;-51,240201;"SPRF-PR";"DEL07-PR";"UOP01-DEL07-PR"
403611;2021-12-23;"quinta-feira";"15:45:00";"DF";0;0;"BRASILIA";"Manobra de mudança de faixa";"Colisão traseira";"Sem Vítimas";"Pleno dia";"Não Informado";"Céu Claro";"Dupla";"Rotatória";"Sim";5;0;0;0;5;0;0;3;-15,86410529;-47,8202033;"SPRF-DF";"N/A";"N/A"
403613;2021-12-23;"quinta-feira";"10:20:00";"MT";174;439;"NOVA LACERDA";"Reação tardia ou ineficiente do condutor";"Saída de leito carroçável";"Com Vítimas Feridas";"Pleno dia";"Crescente";"Céu Claro";"Simples";"Reta";"Não";2;0;2;0;0;0;2;1;-14,06925404;-59,74197717;"SPRF-MT";"DEL04-MT";"UOP01-DEL04-MT"
403615;2021-12-23;"quinta-feira";"11:00:00";"MG";381;517;"IGARAPE";"Velocidade Incompatível";"Tombamento";"Com Vítimas Feridas";"Pleno dia";"Decrescente";"Céu Claro";"Dupla";"Reta";"Sim";1;0;0;1;0;0;1;1;-20,11382303;-44,30720801;"SPRF-MG";"DEL04-MG";"UOP03-DEL04-MG"
403616;2021-12-23;"quinta-feira";"16:00:00";"RJ";101;66;"CAMPOS DOS GOYTACAZES";"Transitar no acostamento";"Colisão traseira";"Com Vítimas Feridas";"Pleno dia";"Decrescente";"Céu Claro";"Simples";"Reta";"Não";2;0;0;1;1;0;1;2;-21,742022;-41,33021;"SPRF-RJ";"DEL08-RJ";"UOP02-DEL08-RJ"