"id";"data_inversa";"dia_semana";"horario";"uf";"br";"km";"municipio";"causa_acidente";"tipo_acidente";"classificacao_acidente";"fase_dia";"sentido_via";"condicao_metereologica";"tipo_pista";"tracado_via";"uso_solo";"pessoas";"mortos";"feridos_leves";"feridos_graves";"ilesos";"ignorados";"feridos";"veiculos";"latitude";"longitude";"regional";"delegacia";"uop"
403617;2021-12-23;"quinta-feira";"17:00:00";"MT";163;796;"VERA";"Velocidade Incompatível";"Colisão transversal";"Com Vítimas Feridas";"Pleno dia";"Crescente";"Chuva";"Simples";"Curva";"Não";4;0;0;4;0;0;4;2;-12,32082282;-55,58270237;"SPRF-MT";"DEL06-MT";"UOP01-DEL06-MT"
403619;2021-12-23;"quinta-feira";"17:15:00";"PI";343;591;"FLORIANO";"Condutor deixou de manter distância do veículo da frente";"Colisão traseira";"Com Vítimas Feridas";"Pleno dia";"Decrescente";"Céu Claro";"Dupla";"Reta";"Sim";2;0;1;0;1;0;1;2;-6,781361;-43,023224;"SPRF-PI";"DEL03-PI";"UOP01-DEL03-PI"
403620;2021-12-23;"quinta-feira";"17:20:00";"SC";282;167,2;"BOCAINA DO SUL";"Demais falhas mecânicas ou elétricas";"Incêndio";"Sem Vítimas";"Pleno dia";"Crescente";"Céu Claro";"Simples";"Curva";"Não";4;0;0;0;4;0;0;1;-27,748844;-49,817348;"SPRF-SC";"DEL05-SC";"UOP01-DEL05-SC"
403622;2021-12-23;"quinta-feira";"17:05:00";"RO";364;713;"PORTO VELHO";"Ausência de reação do condutor";"Colisão transversal";"Com Vítimas Feridas";"Anoitecer";"Crescente";"Chuva";"Dupla";"Curva";"Sim";2;0;1;0;1;0;1;2;-8,771302;-63,883237;"SPRF-RO";"DEL01-RO";"UOP01-DEL01-RO"
403623;2021-12-21;"terça-feira";"18:20:00";"SC";101;120;"ITAJAI";"Trafegar com motocicleta (ou similar) entre as faixas";"Colisão traseira";"Com Vítimas Feridas";"Pleno dia";"Crescente";"Céu Claro";"Simples";"Reta";"Não";3;0;1;0;2;0;1;2;-26,912758;-48,711998;"SPRF-SC";"DEL04-SC";"UOP04-DEL04-SC"
403624;2021-12-23;"quinta-feira";"17:00:00";"PR";376;164,7;"MARINGA";"Reação tardia ou ineficiente do condutor";"Saída de leito carroçável";"Sem Vítimas";"Pleno dia";"Decrescente";"Céu Claro";"Dupla";"Reta";"Não";1;0;0;0;1;0;0;1;-23,38591406;-52,02449602;"SPRF-PR";"DEL09-PR";"UOP01-DEL09-PR"
403625;2021-12-23;"quinta-feira";"15:50:00";"MT";364;348,8;"SANTO ANTONIO DO LEVERGER";"Chuva";"Saída de leito carroçável";"Com Vítimas Feridas";"Anoitecer";"Crescente";"Chuva";"Dupla";"Curva";"Não";3;0;3;0;0;0;3;1;-15,80416834;-55,55429598;"SPRF-MT";"DEL05-MT";"UOP02-DEL05-MT"
403628;2021-12-21;"terça-feira";"17:30:00";"SC";101;121;"ITAJAI";"Trafegar com motocicleta (ou similar) entre as faixas";"Tombamento";"Com Vítimas Feridas";"Plena Noite";"Crescente";"Chuva";"Dupla";"Reta";"Não";1;0;0;1;0;0;1;1;-26,92103178;-48,70856446;"SPRF-SC";"DEL04-SC";"UOP04-DEL04-SC"
403629;2021-12-23;"quinta-feira";"17:30:00";"PR";476;116;"COLOMBO";"Reação tardia ou ineficiente do condutor";"Colisão transversal";"Com Vítimas Feridas";"Pleno dia";"Decrescente";"Céu Claro";"Dupla";"Interseção de Vias;Reta";"Sim";3;0;2;0;1;0;2;2;-25,34996;-49,16642;"SPRF-PR";"DEL01-PR";"UOP02-DEL01-PR"
403630;2021-12-23;"quinta-feira";"18:55:00";"PR";376;158,2;"MANDAGUACU";"Demais falhas mecânicas ou elétricas";"Colisão com objeto";"Com Vítimas Feridas";"Pleno dia";"Decrescente";"Céu Claro";"Dupla";"Reta";"Sim";4;0;0;1;3;0;1;1;-23,36169997;-52,08593395;"SPRF-PR";"DEL09-PR";"UOP01-DEL09-PR"
403631;2021-12-23;"quinta-feira";"14:20:00";"BA";135;193;"BARREIRAS";"Transitar na contramão";"Colisão frontal";"Com Vítimas Fatais";"Pleno dia";"Decrescente";"Chuva";"Simples";"Reta";"Não";3;2;1;0;0;0;1;2;-12,26441694;-45,02416645;"SPRF-BA";"DEL10-BA";"UOP01-DEL10-BA"
403632;2021-12-23;"quinta-feira";"18:45:00";"PB";230;5,2;"CABEDELO";"Ingestão de álcool pelo condutor";"Colisão traseira";"Com Vítimas Feridas";"Plena Noite";"Crescente";"Céu Claro";"Dupla";"Desvio Temporário;Em Obras;Reta";"Não";3;0;0;2;1;0;2;2;-7,01;-34,8312;"SPRF-PB";"DEL01-PB";"UOP01-DEL01-PB"
403633;2021-12-23;"quinta-feira";"12:00:00";"MS";262;781;"CORUMBA";"Ultrapassagem Indevida";"Colisão lateral mesmo sentido";"Sem Vítimas";"Pleno dia";"Crescente";"Céu Claro";"Simples";"Reta";"Não";3;0;0;0;3;0;0;3;-19,08285699;-57,62168025;"SPRF-MS";"DEL03-MS";"UOP03-DEL03-MS"
403634;2021-12-23;"quinta-feira";"13:30:00";"RR";174;510,9;"BOA VISTA";"Reação tardia ou ineficiente do condutor";"Saída de leito carroçável";"Com Vítimas Feridas";"Pleno dia";"Decrescente";"Céu Claro";"Simples";"Ponte";"Sim";3;0;2;1;0;0;3;1;2,861408;-60,69804;"SPRF-RR";"DEL01-RR";"UOP01-DEL01-RR"
403635;2021-12-23;"quinta-feira";"18:30:00";"MG";381;479,3;"CONTAGEM";"Condutor deixou de manter distância do veículo da frente";"Colisão traseira";"Com Vítimas Feridas";"Anoitecer";"Crescente";"Nublado";"Múltipla";"Aclive";"Sim";2;0;1;0;1;0;1;2;-19,95889605;-44,069202;"SPRF-MG";"DEL01-MG";"UOP03-DEL01-MG"
403636;2021-12-23;"quinta-feira";"18:10:00";"MG";50;105,1;"UBERABA";"Reação tardia ou ineficiente do condutor";"Engavetamento";"Com Vítimas Feridas";"Anoitecer";"Decrescente";"Chuva";"Dupla";"Reta";"Não";3;0;3;0;0;0;3;3;-19,1797979;-48,15768268;"SPRF-MG";"DEL13-MG";"UOP01-DEL13-MG"
403637;2021-12-23;"quinta-feira";"18:30:00";"MG";40;549;"NOVA LIMA";"Avarias e/ou desgaste excessivo no pneu";"Tombamento";"Com Vítimas Feridas";"Anoitecer";"Crescente";"Chuva";"Dupla";"Curva";"Não";2;0;1;0;1;0;1;1;-20,03972326;-43,96703232;"SPRF-MG";"DEL01-MG";"UOP02-DEL01-MG"
403638;2021-12-23;"quinta-feira";"17:40:00";"MT";70;8;"BARRA DO GARCAS";"Acesso irregular";"Colisão frontal";"Com Vítimas Feridas";"Pleno dia";"Decrescente";"Céu Claro";"Simples";"Reta";"Sim";3;0;3;0;0;0;3;2;-15,87825854;-52,325823;"SPRF-MT";"DEL07-MT";"UOP01-DEL07-MT"
403639;2021-12-23;"quinta-feira";"18:00:00";"MG";262;453;"NOVA SERRANA";"Velocidade Incompatível";"Saída de leito carroçável";"Sem Vítimas";"Pleno dia";"Crescente";"Nublado";"Simples";"Reta";"Não";2;0;0;0;2;0;0;1;-19,8563698;-45,01560692;"SPRF-MG";"DEL08-MG";"UOP03-DEL08-MG"
403640;2021-12-22;"quarta-feira";"06:29:00";"SC";101;124;"ITAJAI";"Ultrapassagem Indevida";"Colisão transversal";"Com Vítimas Feridas";"Pleno dia";"Crescente";"Céu Claro";"Dupla";"Rotatória";"Não";2;0;0;1;1;0;1;2;-26,94335064;-48,69198648;"SPRF-SC";"DEL04-SC";"UOP04-DEL04-SC"
403642;2021-12-23;"quinta-feira";"19:43:00";"PR";277;194,4;"PALMEIRA";"Desrespeitar a preferência no cruzamento";"Colisão transversal";"Com Vítimas Fatais";"Plena Noite";"Decrescente";"Céu Claro";"Simples";"Reta";"Não";2;1;0;1;0;0;1;2;-25,46333445;-50,22635048;"SPRF-PR";"DEL03-PR";"UOP03-DEL03-PR"
403643;2021-12-23;"quinta-feira";"15:40:00";"BA";242;834;"BARREIRAS";"Chuva";"Saída de leito carroçável";"Com Vítimas Feridas";"Pleno dia";"Crescente";"Chuva";"Simples";"Reta";"Não";2;0;2;0;0;0;2;1;-12,1014373;-45,3432158;"SPRF-BA";"DEL10-BA";"UOP01-DEL10-BA"
403644;2021-12-23;"quinta-feira";"19:35:00";"RJ";101;486;"ANGRA DOS REIS";"Problema com o freio";"Colisão traseira";"Com Vítimas Feridas";"Plena Noite";"Crescente";"Céu Claro";"Simples";"Reta";"Sim";26;0;22;2;2;0;24;2;-22,97708786;-44,29634653;"SPRF-RJ";"DEL03-RJ";"UOP03-DEL03-RJ"
403645;2021-12-23;"quinta-feira";"19:00:00";"SP";116;270,6;"TABOAO DA SERRA";"Condutor deixou de manter distância do veículo da frente";"Queda de ocupante de veículo";"Com Vítimas Feridas";"Plena Noite";"Crescente";"Céu Claro";"Dupla";"Reta";"Sim";2;0;1;0;1;0;1;1;-23,61799728;-46,79677694;"SPRF-SP";"DEL04-SP";"UOP01-DEL04-SP"
403646;2021-12-23;"quinta-feira";"18:55:00";"ES";262;6,3;"CARIACICA";"Condutor desrespeitou a iluminação vermelha do semáforo";"Colisão transversal";"Com Vítimas Feridas";"Plena Noite";"Crescente";"Nublado";"Múltipla";"Interseção de Vias";"Sim";3;0;1;2;0;0;3;2;-20,34147827;-40,39737225;"SPRF-ES";"DEL01-ES";"UOP01-DEL01-ES"
403647;2021-12-23;"quinta-feira";"19:10:00";"MG";365;463;"PATROCINIO";"Chuva";"Colisão traseira";"Com Vítimas Feridas";"Plena Noite";"Crescente";"Chuva";"Simples";"Declive";"Não";5;0;1;0;4;0;1;2;-18,88970475;-46,93477915;"SPRF-MG";"DEL10-MG";"UOP01-DEL10-MG"
403648;2021-12-23;"quinta-feira";"20:25:00";"GO";153;495,5;"GOIANIA";"Ausência de reação do condutor";"Queda de ocupante de veículo";"Com Vítimas Feridas";"Plena Noite";"Decrescente";"Céu Claro";"Dupla";"Reta";"Sim";1;0;1;0;0;0;1;1;-16,6681;-49,2263;"SPRF-GO";"DEL01-GO";"UOP01-DEL01-GO"
403649;2021-12-23;"quinta-feira";"18:10:00";"PB";230;158;"CAMPINA GRANDE";"Ausência de reação do condutor";"Queda de ocupante de veículo";"Com Vítimas Feridas";"Amanhecer";"Crescente";"Céu Claro";"Simples";"Reta";"Sim";2;0;1;0;1;0;1;1;-7,2582;-35,9267;"SPRF-PB";"DEL02-PB";"UOP01-DEL02-PB"
403650;2021-12-23;"quinta-feira";"19:30:00";"SP";116;196;"ARUJA";"Pedestre andava na pista";"Atropelamento de Pedestre";"Com Vítimas Feridas";"Plena Noite";"Crescente";"Céu Claro";"Dupla";"Reta";"Não";2;0;1;0;1;0;1;2;-23,39265978;-46,2844631;"SPRF-SP";"DEL01-SP";"UOP01-DEL01-SP"
403652;2021-12-23;"quinta-feira";"17:40:00";"MG";365;791,3;"GURINHATA";"Desrespeitar a preferência no cruzamento";"Colisão transversal";"Sem Vítimas";"Pleno dia";"Crescente";"Nublado";"Simples";"Interseção de Vias";"Não";2;0;0;0;2;0;0;2;-18,936457;-49,824009;"SPRF-MG";"DEL15-MG";"UOP03-DEL15-MG"
403654;2021-12-23;"quinta-feira";"20:30:00";"RN";101;109;"PARNAMIRIM";"Acessar a via sem observar a presença dos outros veículos";"Colisão traseira";"Com Vítimas Feridas";"Plena Noite";"Crescente";"Céu Claro";"Múltipla";"Interseção de Vias";"Sim";3;0;2;0;1;0;2;2;-5,937378;-35,26483;"SPRF-RN";"DEL01-RN";"UOP01-DEL01-RN"
403655;2021-12-23;"quinta-feira";"20:15:00";"RS";386;416,9;"MONTENEGRO";"Conversão proibida";"Colisão transversal";"Com Vítimas Feridas";"Plena Noite";"Decrescente";"Céu Claro";"Simples";"Curva";"Sim";5;0;4;0;1;0;4;2;-29,81764531;-51,45854473;"SPRF-RS";"DEL04-RS";"UOP02-DEL04-RS"
403656;2021-12-23;"quinta-feira";"19:15:00";"PR";277;73;"SAO JOSE DOS PINHAIS";"Condutor deixou de manter distância do veículo da frente";"Queda de ocupante de veículo";"Com Vítimas Feridas";"Plena Noite";"Decrescente";"Céu Claro";"Dupla";"Aclive";"Não";1;0;0;1;0;0;1;1;-25,52124342;-49,10648119;"SPRF-PR";"DEL01-PR";"UOP01-DEL01-PR"
403659;2021-12-23;"quinta-feira";"20:10:00";"SP";116;111;"TAUBATE";"Avarias e/ou desgaste excessivo no pneu";"Colisão com objeto";"Sem Vítimas";"Plena Noite";"Crescente";"Nublado";"Dupla";"Reta";"Sim";2;0;0;0;1;1;0;1;-23,03887149;-45,56097419;"SPRF-SP";"DEL02-SP";"UOP02-DEL02-SP"
403660;2021-12-23;"quinta-feira";"18:15:00";"SC";101;368;"ICARA";"Reação tardia ou ineficiente do condutor";"Saída de leito carroçável";"Com Vítimas Feridas";"Pleno dia";"Crescente";"Céu Claro";"Múltipla";"Interseção de Vias";"Não";1;0;0;1;0;0;1;1;-28,6957326;-49,17347228;"SPRF-SC";"DEL02-SC";"UOP01-DEL02-SC"
403661;2021-12-23;"quinta-feira";"19:30:00";"MS";60;414,2;"SIDROLANDIA";"Reação tardia ou ineficiente do condutor";"Colisão lateral sentido oposto";"Com Vítimas Feridas";"Plena Noite";"Decrescente";"Chuva";"Simples";"Curva";"Não";6;0;1;0;5;0;1;2;-20,896667;-54,869581;"SPRF-MS";"DEL01-MS";"UOP04-DEL01-MS"
403662;2021-12-23;"quinta-feira";"20:50:00";"RS";285;313,3;"PASSO FUNDO";"Demais falhas mecânicas ou elétricas";"Incêndio";"Sem Vítimas";"Plena Noite";"Crescente";"Céu Claro";"Simples";"Reta";"Não";1;0;0;0;1;0;0;1;-28,242607;-52,563049;"SPRF-RS";"DEL08-RS";"UOP03-DEL08-RS"
403663;2021-12-23;"quinta-feira";"20:00:00";"PE";104;53;"CARUARU";"Reação tardia ou ineficiente do condutor";"Colisão traseira";"Sem Vítimas";"Plena Noite";"Crescente";"Céu Claro";"Dupla";"Reta";"Não";2;0;0;0;1;1;0;2;-8,1837;-35,967;"SPRF-PE";"DEL02-PE";"UOP01-DEL02-PE"
403666;2021-12-23;"quinta-feira";"19:55:00";"RJ";101;254,8;"RIO BONITO";"Manobra de mudança de faixa";"Colisão traseira";"Com Vítimas Feridas";"Plena Noite";"Decrescente";"Chuva";"Dupla";"Reta";"Não";3;0;1;0;2;0;1;2;-22,692225;-42,549546;"SPRF-RJ";"DEL02-RJ";"UOP03-DEL02-RJ"
403668;2021-12-23;"quinta-feira";"21:00:00";"PR";116;126;"FAZENDA RIO GRANDE";"Ausência de reação do condutor";"Colisão traseira";"Com Vítimas Feridas";"Plena Noite";"Crescente";"Céu Claro";"Dupla";"Reta;Interseção de Vias";"Sim";4;0;2;0;2;0;2;3;-25,60389895;-49,31824423;"SPRF-PR";"DEL01-PR";"UOP03-DEL01-PR"
403669;2021-12-23;"quinta-feira";"20:05:00";"RS";290;261,7;"CACHOEIRA DO SUL";"Transitar na contramão";"Colisão frontal";"Com Vítimas Feridas";"Plena Noite";"Crescente";"Céu Claro";"Simples";"Reta";"Não";5;0;4;0;1;0;4;2;-30,261528;-52,835316;"SPRF-RS";"DEL02-RS";"UOP03-DEL02-RS"
403670;2021-12-23;"quinta-feira";"16:10:00";"SC";470;92,4;"APIUNA";"Ausência de reação do condutor";"Tombamento";"Com Vítimas Feridas";"Pleno dia";"Crescente";"Céu Claro";"Simples";"Reta";"Sim";1;0;1;0;0;0;1;1;-26,994484;-49,375908;"SPRF-SC";"DEL04-SC";"UOP01-DEL04-SC"
403672;2021-12-23;"quinta-feira";"17:15:00";"RJ";40;65;"PETROPOLIS";"Velocidade Incompatível";"Atropelamento de Pedestre";"Com Vítimas Feridas";"Pleno dia";"Crescente";"Garoa/Chuvisco";"Dupla";"Reta";"Não";2;0;0;1;1;0;1;2;-22,427473;-43,16011;"SPRF-RJ";"DEL06-RJ";"UOP01-DEL06-RJ"
403673;2021-12-23;"quinta-feira";"20:05:00";"SC";153;35,8;"VARGEM BONITA";"Ultrapassagem Indevida";"Colisão frontal";"Com Vítimas Feridas";"Plena Noite";"Crescente";"Céu Claro";"Simples";"Reta";"Não";3;0;1;0;2;0;1;2;-26,813108;-51,724167;"SPRF-SC";"DEL07-SC";"UOP05-DEL07-SC"
403675;2021-12-23;"quinta-feira";"19:50:00";"MA";135;4;"SAO LUIS";"Acumulo de óleo sobre o pavimento";"Capotamento";"Com Vítimas Feridas";"Plena Noite";"Decrescente";"Céu Claro";"Dupla";"Reta";"Sim";1;0;1;0;0;0;1;1;-2,640642;-44,309864;"SPRF-MA";"DEL01-MA";"UOP01-DEL01-MA"
403676;2021-12-23;"quinta-feira";"20:20:00";"PR";277;100;"CURITIBA";"Condutor deixou de manter distância do veículo da frente";"Colisão traseira";"Com Vítimas Feridas";"Plena Noite";"Decrescente";"Nublado";"Dupla";"Viaduto;Retorno Regulamentado;Interseção de Vias;Reta";"Não";2;0;1;0;1;0;1;2;-25,43228187;-49,36694741;"SPRF-PR";"DEL01-PR";"UOP01-DEL01-PR"
403679;2021-12-23;"quinta-feira";"18:00:00";"SC";280;293,8;"PORTO UNIAO";"Condutor deixou de manter distância do veículo da frente";"Colisão lateral mesmo sentido";"Com Vítimas Feridas";"Pleno dia";"Crescente";"Céu Claro";"Simples";"Reta";"Não";2;0;1;0;1;0;1;2;-26,29680504;-50,95533402;"SPRF-SC";"DEL06-SC";"UOP04-DEL06-SC"
403680;2021-12-23;"quinta-feira";"19:45:00";"SC";280;123;"RIO NEGRINHO";"Acessar a via sem observar a presença dos outros veículos";"Atropelamento de Pedestre";"Com Vítimas Feridas";"Plena Noite";"Crescente";"Céu Claro";"Simples";"Reta";"Sim";2;0;1;0;0;1;1;2;-26,23705438;-49,49001789;"SPRF-SC";"DEL06-SC";"UOP03-DEL06-SC"
403682;2021-12-23;"quinta-feira";"21:30:00";"MT";163;79;"RONDONOPOLIS";"Reação tardia ou ineficiente do condutor";"Saída de leito carroçável";"Com Vítimas Feridas";"Plena Noite";"Decrescente";"Garoa/Chuvisco";"Dupla";"Reta";"Não";2;0;1;1;0;0;2;1;-16,82565108;-54,69594586;"SPRF-MT";"DEL02-MT";"UOP01-DEL02-MT"
403683;2021-12-23;"quinta-feira";"22:45:00";"RS";386;407,2;"TRIUNFO";"Transitar na contramão";"Colisão frontal";"Com Vítimas Feridas";"Plena Noite";"Decrescente";"Céu Claro";"Simples";"Curva";"Não";11;0;5;3;3;0;8;5;-29,786842;-51,543865;"SPRF-RS";"DEL04-RS";"UOP02-DEL04-RS"
403684;2021-12-23;"quinta-feira";"22:00:00";"GO";70;9,4;"AGUAS LINDAS DE GOIAS";"Ingestão de álcool pelo condutor";"Colisão traseira";"Sem Vítimas";"Plena Noite";"Crescente";"Nublado";"Dupla";"Reta";"Sim";3;0;0;0;3;0;0;2;-15,73576731;-48,28288046;"SPRF-DF";"DEL03-DF";"UOP02-DEL03-DF"
403685;2021-12-23;"quinta-feira";"21:55:00";"DF";0;0;"BRASILIA";"Ingestão de álcool pelo condutor";"Colisão com objeto";"Sem Vítimas";"Plena Noite";"Não Informado";"Garoa/Chuvisco";"Simples";"Ponte";"Sim";1;0;0;0;1;0;0;1;-15,94582;-47,792267;"SPRF-DF";"DEL01-DF";"UOP01-DEL01-DF"
403687;2021-12-23;"quinta-feira";"23:25:00";"PR";376;191,9;"MARIALVA";"Ingestão de álcool pelo condutor";"Saída de leito carroçável";"Com Vítimas Feridas";"Plena Noite";"Decrescente";"Céu Claro";"Dupla";"Aclive;Reta";"Não";1;0;1;0;0;0;1;1;-23,47952242;-51,80363021;"SPRF-PR";"DEL09-PR";"UOP01-DEL09-PR"
403688;2021-12-23;"quinta-feira";"23:30:00";"GO";40;7;"VALPARAISO DE GOIAS";"Acessar a via sem observar a presença dos outros veículos";"Colisão lateral mesmo sentido";"Sem Vítimas";"Plena Noite";"Crescente";"Garoa/Chuvisco";"Dupla";"Reta";"Sim";2;0;0;0;1;1;0;2;-16,108482;-47,972524;"SPRF-DF";"DEL01-DF";"UOP01-DEL01-DF"
403689;2021-12-23;"quinta-feira";"23:20:00";"RS";290;103,7;"ELDORADO DO SUL";"Ingestão de álcool pelo condutor";"Colisão traseira";"Com Vítimas Feridas";"Plena Noite";"Crescente";"Céu Claro";"Dupla";"Declive;Ponte;Reta";"Sim";3;0;2;0;1;0;2;2;-29,99017;-51,265766;"SPRF-RS";"DEL02-RS";"UOP01-DEL02-RS"
403690;2021-11-23;"terça-feira";"19:45:00";"GO";40;0;"VALPARAISO DE GOIAS";"Ingestão de álcool pelo condutor";"Colisão traseira";"Sem Vítimas";"Plena Noite";"Crescente";"Chuva";"Dupla";"Reta";"Sim";2;0;0;0;2;0;0;2;-16,058273;-47,982655;"SPRF-DF";"DEL01-DF";"UOP01-DEL01-DF"
403691;2021-12-23;"quinta-feira";"23:20:00";"SC";101;213,2;"PALHOCA";"Velocidade Incompatível";"Colisão lateral mesmo sentido";"Com Vítimas Feridas";"Plena Noite";"Crescente";"Nublado";"Múltipla";"Reta";"Sim";3;0;2;0;0;1;2;2;-27,63697369;-48,66514142;"SPRF-SC";"DEL01-SC";"UOP02-DEL01-SC"
403694;2021-12-23;"quinta-feira";"18:20:00";"MG";365;184;"BURITIZEIRO";"Pista esburacada";"Colisão com objeto";"Com Vítimas Feridas";"Anoitecer";"Decrescente";"Chuva";"Simples";"Reta";"Não";3;0;2;0;1;0;2;2;-17,42185469;-45,12100297;"SPRF-MG";"DEL12-MG";"UOP01-DEL12-MG"
403695;2021-12-24;"sexta-feira";"00:30:00";"PR";277;68;"SAO JOSE DOS PINHAIS";"Velocidade Incompatível";"Saída de leito carroçável";"Sem Vítimas";"Plena Noite";"Decrescente";"Garoa/Chuvisco";"Dupla";"Reta";"Não";1;0;0;0;1;0;0;1;-25,54908791;-49,04398096;"SPRF-PR";"DEL01-PR";"UOP01-DEL01-PR"
403698;2021-12-23;"quinta-feira";"23:15:00";"RS";470;166;"VILA FLORES";"Ingestão de álcool pelo condutor";"Capotamento";"Com Vítimas Feridas";"Plena Noite";"Decrescente";"Céu Claro";"Simples";"Curva";"Não";2;0;1;0;1;0;1;1;-28,84766792;-51,57122398;"SPRF-RS";"DEL06-RS";"UOP02-DEL06-RS"
403702;2021-12-23;"quinta-feira";"19:15:00";"RO";364;778;"PORTO VELHO";"Reação tardia ou ineficiente do condutor";"Colisão frontal";"Com Vítimas Feridas";"Plena Noite";"Crescente";"Céu Claro";"Simples";"Reta";"Não";5;0;2;2;1;0;4;2;-9,179238;-64,231631;"SPRF-RO";"DEL01-RO";"UOP02-DEL01-RO"
403704;2021-12-24;"sexta-feira";"03:10:00";"MG";262;768;"UBERABA";"Reação tardia ou ineficiente do condutor";"Saída de leito carroçável";"Com Vítimas Feridas";"Plena Noite";"Decrescente";"Céu Claro";"Simples";"Interseção de Vias";"Não";2;0;1;1;0;0;2;1;-19,68520161;-47,67621209;"SPRF-MG";"DEL13-MG";"UOP01-DEL13-MG"
403705;2021-12-24;"sexta-feira";"01:20:00";"PE";232;354;"FLORES";"Animais na Pista";"Atropelamento de Animal";"Com Vítimas Feridas";"Plena Noite";"Crescente";"Céu Claro";"Simples";"Reta";"Não";3;0;3;0;0;0;3;1;-8,05787609;-37,82299502;"SPRF-PE";"DEL03-PE";"UOP02-DEL03-PE"
403708;2021-12-24;"sexta-feira";"03:00:00";"SP";116;204;"ARUJA";"Ingestão de álcool pelo condutor";"Colisão com objeto";"Sem Vítimas";"Plena Noite";"Decrescente";"Ignorado";"Múltipla";"Reta";"Não";1;0;0;0;1;0;0;1;-23,41236123;-46,35692496;"SPRF-SP";"DEL01-SP";"UOP01-DEL01-SP"
403709;2021-12-24;"sexta-feira";"03:05:00";"MS";262;556,2;"MIRANDA";"Reação tardia ou ineficiente do condutor";"Colisão traseira";"Com Vítimas Fatais";"Plena Noite";"Decrescente";"Céu Claro";"Simples";"Reta";"Não";2;1;0;0;1;0;0;2;-20,24532037;-56,3602255;"SPRF-MS";"DEL03-MS";"UOP02-DEL03-MS"
403710;2021-12-24;"sexta-feira";"03:30:00";"SC";101;210,5;"SAO JOSE";"Ingestão de álcool pelo condutor";"Colisão lateral mesmo sentido";"Sem Vítimas";"Plena Noite";"Crescente";"Céu Claro";"Dupla";"Reta";"Sim";2;0;0;0;2;0;0;2;-27,6167305;-48,6457265;"SPRF-SC";"DEL01-SC";"UOP01-DEL01-SC"
403711;2021-12-24;"sexta-feira";"03:00:00";"MS";163;211,7;"CAARAPO";"Objeto estático sobre o leito carroçável";"Colisão com objeto";"Com Vítimas Feridas";"Plena Noite";"Decrescente";"Céu Claro";"Simples";"Aclive";"Não";2;0;1;0;1;0;1;1;-22,612989;-54,81620977;"SPRF-MS";"DEL04-MS";"UOP02-DEL04-MS"
403712;2021-12-24;"sexta-feira";"04:10:00";"GO";50;274;"CATALAO";"Condutor Dormindo";"Saída de leito carroçável";"Sem Vítimas";"Plena Noite";"Decrescente";"Chuva";"Dupla";"Reta";"Sim";1;0;0;0;0;1;0;1;-18,1392;-47,9059;"SPRF-GO";"DEL06-GO";"UOP01-DEL06-GO"
403713;2021-12-23;"quinta-feira";"22:25:00";"MS";163;596;"SAO GABRIEL DO OESTE";"Ingestão de álcool pelo condutor";"Saída de leito carroçável";"Com Vítimas Feridas";"Plena Noite";"Crescente";"Chuva";"Dupla";"Reta";"Não";3;0;1;0;2;0;1;1;-19,53273305;-54,45573903;"SPRF-MS";"DEL06-MS";"UOP02-DEL06-MS"
403714;2021-12-24;"sexta-feira";"02:45:00";"RJ";101;263,7;"RIO BONITO";"Deficiência do Sistema de Iluminação/Sinalização";"Colisão traseira";"Com Vítimas Fatais";"Plena Noite";"Crescente";"Chuva";"Dupla";"Reta";"Sim";2;1;0;0;1;0;0;2;-22,71887266;-42,62637498;"SPRF-RJ";"DEL02-RJ";"UOP03-DEL02-RJ"
403715;2021-12-24;"sexta-feira";"04:45:00";"RJ";101;328;"RIO DE JANEIRO";"Avarias e/ou desgaste excessivo no pneu";"Tombamento";"Com Vítimas Feridas";"Amanhecer";"Crescente";"Chuva";"Dupla";"Reta";"Não";2;0;2;0;0;0;2;1;-22,87028692;-43,16579699;"SPRF-RJ";"DEL02-RJ";"UOP02-DEL02-RJ"
403717;2021-12-23;"quinta-feira";"23:00:00";"MT";174;6;"PONTES E LACERDA";"Ingestão de álcool pelo condutor";"Saída de leito carroçável";"Com Vítimas Feridas";"Plena Noite";"Crescente";"Céu Claro";"Simples";"Reta";"Sim";2;0;2;0;0;0;2;1;-15,22755498;-59,34921026;"SPRF-MT";"DEL03-MT";"UOP01-DEL03-MT"
403718;2021-12-24;"sexta-feira";"02:30:00";"MG";262;44,1;"MANHUACU";"Ingestão de álcool pelo condutor";"Capotamento";"Sem Vítimas";"Plena Noite";"Decrescente";"Nublado";"Simples";"Curva";"Não";1;0;0;0;1;0;0;1;-20,26011575;-42,08811198;"SPRF-MG";"DEL06-MG";"UOP03-DEL06-MG"
403721;2021-12-23;"quinta-feira";"20:20:00";"RS";472;487;"ITAQUI";"Animais na Pista";"Atropelamento de Animal";"Sem Vítimas";"Plena Noite";"Decrescente";"Céu Claro";"Simples";"Reta";"Não";2;0;0;0;1;1;0;2;-29,208285;-56,551021;"SPRF-RS";"DEL12-RS";"UOP01-DEL12-RS"
403722;2021-12-24;"sexta-feira";"04:40:00";"GO";60;4;"SANTO ANTONIO DO DESCOBERTO";"Acumulo de água sobre o pavimento";"Colisão com objeto";"Com Vítimas Feridas";"Plena Noite";"Crescente";"Chuva";"Dupla";"Reta";"Não";3;0;0;3;0;0;3;1;-16,082898;-48,271464;"SPRF-DF";"DEL03-DF";"UOP01-DEL03-DF"