"id";"data_inversa";"dia_semana";"horario";"uf";"br";"km";"municipio";"causa_acidente";"tipo_acidente";"classificacao_acidente";"fase_dia";"sentido_via";"condicao_metereologica";"tipo_pista";"tracado_via";"uso_solo";"pessoas";"mortos";"feridos_leves";"feridos_graves";"ilesos";"ignorados";"feridos";"veiculos";"latitude";"longitude";"regional";"delegacia";"uop"
403724;2021-12-24;"sexta-feira";"05:00:00";"PR";376;437,8;"TIBAGI";"Velocidade Incompatível";"Saída de leito carroçável";"Com Vítimas Feridas";"Amanhecer";"Crescente";"Céu Claro";"Dupla";"Reta";"Não";5;0;1;0;4;0;1;1;-24,79557604;-50,49512839;"SPRF-PR";"DEL03-PR";"UOP02-DEL03-PR"
403725;2021-12-24;"sexta-feira";"05:50:00";"MA";135;22;"SAO LUIS";"Ausência de reação do condutor";"Queda de ocupante de veículo";"Com Vítimas Feridas";"Amanhecer";"Crescente";"Céu Claro";"Dupla";"Aclive";"Não";1;0;0;1;0;0;1;1;-2,74596712;-44,34234384;"SPRF-MA";"DEL01-MA";"UOP01-DEL01-MA"
403727;2021-12-24;"sexta-feira";"05:00:00";"MS";262;235,3;"RIBAS DO RIO PARDO";"Ausência de reação do condutor";"Colisão com objeto";"Com Vítimas Feridas";"Amanhecer";"Crescente";"Céu Claro";"Simples";"Ponte";"Não";1;0;1;0;0;0;1;1;-20,4579057;-53,7211531;"SPRF-MS";"DEL01-MS";"UOP01-DEL01-MS"
403730;2021-12-24;"sexta-feira";"05:50:00";"RJ";101;332,9;"RIO DE JANEIRO";"Condutor Dormindo";"Colisão com objeto";"Com Vítimas Fatais";"Pleno dia";"Crescente";"Chuva";"Dupla";"Reta";"Não";1;1;0;0;0;0;0;1;-22,87133305;-43,20407695;"SPRF-RJ";"DEL02-RJ";"UOP02-DEL02-RJ"
403731;2021-12-24;"sexta-feira";"06:30:00";"SP";381;86;"SAO PAULO";"Demais falhas mecânicas ou elétricas";"Queda de ocupante de veículo";"Com Vítimas Feridas";"Pleno dia";"Crescente";"Nublado";"Múltipla";"Reta";"Não";1;0;1;0;0;0;1;1;-23,45930499;-46,57161179;"SPRF-SP";"DEL03-SP";"UOP01-DEL03-SP"
403733;2021-12-24;"sexta-feira";"06:45:00";"PR";369;524;"CASCAVEL";"Ingestão de álcool pelo condutor";"Colisão traseira";"Sem Vítimas";"Pleno dia";"Crescente";"Céu Claro";"Simples";"Reta";"Sim";2;0;0;0;1;1;0;2;-24,96462285;-53,40359688;"SPRF-PR";"DEL04-PR";"UOP01-DEL04-PR"
403734;2021-12-24;"sexta-feira";"02:30:00";"SC";116;11;"MAFRA";"Ausência de reação do condutor";"Saída de leito carroçável";"Sem Vítimas";"Pleno dia";"Decrescente";"Céu Claro";"Simples";"Curva";"Não";1;0;0;0;1;0;0;1;-26,17627262;-49,8580203;"SPRF-SC";"DEL06-SC";"UOP01-DEL06-SC"
403736;2021-12-24;"sexta-feira";"06:10:00";"MG";262;652;"IBIA";"Condutor Dormindo";"Saída de leito carroçável";"Com Vítimas Feridas";"Amanhecer";"Decrescente";"Nublado";"Simples";"Curva";"Não";5;0;5;0;0;0;5;1;-19,56772728;-46,64785025;"SPRF-MG";"DEL08-MG";"UOP01-DEL08-MG"
403737;2021-12-24;"sexta-feira";"07:30:00";"RS";290;26;"SANTO ANTONIO DA PATRULHA";"Manobra de mudança de faixa";"Colisão com objeto";"Com Vítimas Feridas";"Pleno dia";"Crescente";"Sol";"Simples";"Curva";"Sim";4;0;3;1;0;0;4;1;-29,880135;-50,514297;"SPRF-RS";"DEL03-RS";"UOP01-DEL03-RS"
403740;2021-12-24;"sexta-feira";"07:10:00";"SE";101;93;"NOSSA SENHORA DO SOCORRO";"Condutor deixou de manter distância do veículo da frente";"Colisão traseira";"Com Vítimas Feridas";"Pleno dia";"Crescente";"Céu Claro";"Dupla";"Reta";"Sim";3;0;1;0;2;0;1;2;-10,90212319;-37,14494787;"SPRF-SE";"DEL01-SE";"UOP01-DEL01-SE"
403743;2021-12-24;"sexta-feira";"07:30:00";"RS";116;248;"SAO LEOPOLDO";"Retorno proibido";"Colisão transversal";"Com Vítimas Feridas";"Pleno dia";"Crescente";"Céu Claro";"Múltipla";"Viaduto";"Sim";2;0;1;0;1;0;1;2;-29,77605895;-51,15508618;"SPRF-RS";"DEL01-RS";"UOP02-DEL01-RS"
403746;2021-12-24;"sexta-feira";"06:45:00";"MG";262;470,1;"BOM DESPACHO";"Velocidade Incompatível";"Saída de leito carroçável";"Com Vítimas Feridas";"Pleno dia";"Crescente";"Nublado";"Simples";"Reta";"Não";6;0;1;0;5;0;1;1;-19,7905492;-45,1584721;"SPRF-MG";"DEL08-MG";"UOP03-DEL08-MG"
403749;2021-12-24;"sexta-feira";"08:00:00";"MG";365;624;"UBERLANDIA";"Acessar a via sem observar a presença dos outros veículos";"Colisão lateral mesmo sentido";"Com Vítimas Feridas";"Pleno dia";"Crescente";"Céu Claro";"Múltipla";"Reta";"Sim";2;0;1;0;1;0;1;2;-18,90754763;-48,3160669;"SPRF-MG";"DEL15-MG";"UOP01-DEL15-MG"
403750;2021-12-24;"sexta-feira";"08:55:00";"MG";40;468,8;"SETE LAGOAS";"Retorno proibido";"Colisão transversal";"Com Vítimas Feridas";"Pleno dia";"Decrescente";"Nublado";"Dupla";"Aclive";"Não";2;0;0;2;0;0;2;2;-19,45630182;-44,30941888;"SPRF-MG";"DEL02-MG";"UOP01-DEL02-MG"
403751;2021-12-24;"sexta-feira";"08:00:00";"MG";381;854;"POUSO ALEGRE";"Velocidade Incompatível";"Engavetamento";"Com Vítimas Feridas";"Pleno dia";"Decrescente";"Céu Claro";"Dupla";"Reta;Aclive";"Não";13;0;2;2;9;0;4;4;-22,26782465;-45,89172745;"SPRF-MG";"DEL16-MG";"UOP01-DEL16-MG"
403752;2021-12-24;"sexta-feira";"08:00:00";"PR";277;329,4;"GUARAPUAVA";"Condutor Dormindo";"Colisão com objeto";"Com Vítimas Feridas";"Pleno dia";"Decrescente";"Céu Claro";"Simples";"Reta";"Não";1;0;1;0;0;0;1;1;-25,37463596;-51,29878598;"SPRF-PR";"DEL08-PR";"UOP01-DEL08-PR"
403754;2021-12-24;"sexta-feira";"08:00:00";"SC";116;5,5;"MAFRA";"Acessar a via sem observar a presença dos outros veículos";"Colisão transversal";"Sem Vítimas";"Plena Noite";"Crescente";"Céu Claro";"Simples";"Interseção de Vias";"Sim";2;0;0;0;1;1;0;2;-26,14094396;-49,81508303;"SPRF-SC";"DEL06-SC";"UOP01-DEL06-SC"
403755;2021-12-24;"sexta-feira";"09:20:00";"RS";101;71,6;"OSORIO";"Reação tardia ou ineficiente do condutor";"Saída de leito carroçável";"Com Vítimas Feridas";"Pleno dia";"Decrescente";"Sol";"Dupla";"Reta";"Sim";3;0;0;1;2;0;1;1;-29,759604;-50,21723;"SPRF-RS";"DEL03-RS";"UOP01-DEL03-RS"
403758;2021-12-24;"sexta-feira";"09:00:00";"SC";101;140;"BALNEARIO CAMBORIU";"Reação tardia ou ineficiente do condutor";"Colisão com objeto";"Com Vítimas Feridas";"Pleno dia";"Crescente";"Céu Claro";"Simples";"Curva";"Não";1;0;0;1;0;0;1;1;-27,03881189;-48,60025148;"SPRF-SC";"DEL04-SC";"UOP03-DEL04-SC"
403759;2021-12-24;"sexta-feira";"09:50:00";"GO";40;69;"CRISTALINA";"Ausência de reação do condutor";"Saída de leito carroçável";"Com Vítimas Feridas";"Pleno dia";"Crescente";"Nublado";"Dupla";"Reta";"Não";3;0;3;0;0;0;3;1;-16,596563;-47,775077;"SPRF-DF";"DEL01-DF";"UOP02-DEL01-DF"
403763;2021-12-24;"sexta-feira";"09:40:00";"SC";470;9,9;"NAVEGANTES";"Desrespeitar a preferência no cruzamento";"Colisão transversal";"Com Vítimas Feridas";"Pleno dia";"Decrescente";"Céu Claro";"Simples";"Reta;Em Obras;Interseção de Vias";"Sim";2;0;0;1;1;0;1;2;-26,83365231;-48,73636699;"SPRF-SC";"DEL04-SC";"UOP04-DEL04-SC"
403764;2021-12-24;"sexta-feira";"06:30:00";"PR";163;109,8;"CAPANEMA";"Transitar na contramão";"Colisão frontal";"Com Vítimas Feridas";"Pleno dia";"Decrescente";"Céu Claro";"Simples";"Reta";"Não";5;0;2;3;0;0;5;2;-25,617472;-53,677701;"SPRF-PR";"DEL02-PR";"UOP02-DEL02-PR"
403765;2021-12-24;"sexta-feira";"03:30:00";"MA";222;440;"SANTA LUZIA";"Ingestão de álcool ou de substâncias psicoativas pelo pedestre";"Atropelamento de Pedestre";"Com Vítimas Fatais";"Plena Noite";"Decrescente";"Nublado";"Simples";"Curva";"Não";2;1;0;0;0;1;0;2;-4,07246077;-45,90808018;"SPRF-MA";"DEL02-MA";"UOP01-DEL02-MA"
403767;2021-12-24;"sexta-feira";"10:50:00";"SE";101;58;"ROSARIO DO CATETE";"Manobra de mudança de faixa";"Colisão lateral sentido oposto";"Com Vítimas Feridas";"Pleno dia";"Crescente";"Céu Claro";"Simples";"Reta";"Não";3;0;1;0;2;0;1;2;-10,65178333;-37,02372954;"SPRF-SE";"DEL02-SE";"UOP02-DEL02-SE"
403768;2021-12-24;"sexta-feira";"10:40:00";"GO";50;195;"CAMPO ALEGRE DE GOIAS";"Velocidade Incompatível";"Capotamento";"Com Vítimas Feridas";"Pleno dia";"Crescente";"Chuva";"Dupla";"Reta";"Não";4;0;3;0;1;0;3;1;-17,5368;-47,8289;"SPRF-GO";"DEL06-GO";"UOP01-DEL06-GO"
403770;2021-12-24;"sexta-feira";"10:35:00";"SC";280;162,4;"MAFRA";"Ultrapassagem Indevida";"Colisão lateral mesmo sentido";"Com Vítimas Feridas";"Pleno dia";"Decrescente";"Céu Claro";"Simples";"Reta";"Não";6;0;2;0;3;1;2;4;-26,20386631;-49,79088509;"SPRF-SC";"DEL06-SC";"UOP03-DEL06-SC"
403771;2021-12-24;"sexta-feira";"11:40:00";"BA";324;562,6;"SAO SEBASTIAO DO PASSE";"Redutor de velocidade em desacordo";"Colisão traseira";"Com Vítimas Feridas";"Pleno dia";"Decrescente";"Céu Claro";"Dupla";"Reta;Aclive";"Não";7;0;1;0;6;0;1;4;-12,503202;-38,639217;"SPRF-BA";"DEL01-BA";"UOP01-DEL01-BA"
403772;2021-12-24;"sexta-feira";"11:30:00";"PR";369;89;"CORNELIO PROCOPIO";"Reação tardia ou ineficiente do condutor";"Saída de leito carroçável";"Com Vítimas Feridas";"Pleno dia";"Decrescente";"Céu Claro";"Dupla";"Reta";"Sim";1;0;0;1;0;0;1;1;-23,189921;-50,645159;"SPRF-PR";"DEL07-PR";"UOP01-DEL07-PR"
403773;2021-12-24;"sexta-feira";"11:25:00";"PR";116;42;"CAMPINA GRANDE DO SUL";"Acumulo de água sobre o pavimento";"Colisão com objeto";"Sem Vítimas";"Pleno dia";"Crescente";"Garoa/Chuvisco";"Dupla";"Curva";"Não";1;0;0;0;1;0;0;1;-25,17611697;-48,874256;"SPRF-PR";"DEL01-PR";"UOP02-DEL01-PR"
403774;2021-12-24;"sexta-feira";"11:00:00";"MG";267;287,5;"BAEPENDI";"Animais na Pista";"Atropelamento de Animal";"Com Vítimas Feridas";"Pleno dia";"Crescente";"Céu Claro";"Simples";"Curva";"Não";1;0;1;0;0;0;1;1;-21,92806706;-44,78614808;"SPRF-MG";"DEL17-MG";"UOP01-DEL17-MG"
403775;2021-12-24;"sexta-feira";"09:20:00";"RN";101;42;"MAXARANGUAPE";"Animais na Pista";"Capotamento";"Com Vítimas Feridas";"Pleno dia";"Decrescente";"Céu Claro";"Simples";"Curva";"Não";4;0;3;1;0;0;4;1;-5,4604668;-35,33254243;"SPRF-RN";"DEL02-RN";"UOP01-DEL02-RN"
403776;2021-12-24;"sexta-feira";"10:00:00";"GO";153;37;"PORANGATU";"Pista esburacada";"Saída de leito carroçável";"Com Vítimas Feridas";"Pleno dia";"Decrescente";"Chuva";"Simples";"Reta";"Não";4;0;1;0;3;0;1;1;-13;-49;"SPRF-GO";"DEL07-GO";"UOP01-DEL07-GO"
403777;2021-12-24;"sexta-feira";"11:55:00";"CE";116;14;"FORTALEZA";"Condutor deixou de manter distância do veículo da frente";"Colisão traseira";"Com Vítimas Feridas";"Pleno dia";"Crescente";"Céu Claro";"Dupla";"Reta";"Sim";2;0;1;0;1;0;1;2;-3,86973356;-38,49827361;"SPRF-CE";"DEL01-CE";"UOP02-DEL01-CE"
403778;2021-12-24;"sexta-feira";"11:54:00";"PR";376;164,8;"MARINGA";"Velocidade Incompatível";"Colisão traseira";"Com Vítimas Feridas";"Pleno dia";"Decrescente";"Céu Claro";"Dupla";"Reta";"Não";3;0;1;0;2;0;1;3;-23,38591406;-52,02449602;"SPRF-PR";"DEL09-PR";"UOP01-DEL09-PR"
403779;2021-12-24;"sexta-feira";"10:50:00";"PR";376;470;"PONTA GROSSA";"Velocidade Incompatível";"Capotamento";"Sem Vítimas";"Pleno dia";"Crescente";"Ignorado";"Dupla";"Curva";"Não";2;0;0;0;2;0;0;2;-25,0409359;-50,27017496;"SPRF-PR";"DEL03-PR";"UOP01-DEL03-PR"
403781;2021-12-24;"sexta-feira";"12:05:00";"MG";40;633,5;"CONSELHEIRO LAFAIETE";"Acessar a via sem observar a presença dos outros veículos";"Colisão transversal";"Com Vítimas Feridas";"Pleno dia";"Decrescente";"Céu Claro";"Simples";"Reta";"Não";2;0;1;0;1;0;1;2;-20,68168197;-43,79419779;"SPRF-MG";"DEL05-MG";"UOP02-DEL05-MG"
403783;2021-12-24;"sexta-feira";"08:40:00";"RJ";101;288;"ITABORAI";"Chuva";"Colisão com objeto";"Com Vítimas Feridas";"Pleno dia";"Decrescente";"Chuva";"Dupla";"Reta";"Sim";1;0;1;0;0;0;1;1;-22,75933747;-42,84321275;"SPRF-RJ";"DEL02-RJ";"UOP03-DEL02-RJ"
403785;2021-12-24;"sexta-feira";"12:25:00";"RS";158;327;"SANTA MARIA";"Condutor deixou de manter distância do veículo da frente";"Colisão traseira";"Com Vítimas Feridas";"Pleno dia";"Crescente";"Céu Claro";"Simples";"Reta;Em Obras";"Sim";3;0;1;0;2;0;1;2;-29,714945;-53,81083;"SPRF-RS";"DEL09-RS";"UOP01-DEL09-RS"
403786;2021-12-24;"sexta-feira";"12:20:00";"GO";153;516,8;"APARECIDA DE GOIANIA";"Acessar a via sem observar a presença dos outros veículos";"Colisão lateral mesmo sentido";"Com Vítimas Feridas";"Pleno dia";"Decrescente";"Nublado";"Dupla";"Reta";"Sim";3;0;1;0;2;0;1;2;-16,8504;-49,2473;"SPRF-GO";"DEL01-GO";"UOP03-DEL01-GO"
403788;2021-12-24;"sexta-feira";"10:04:00";"SP";116;565;"BARRA DO TURVO";"Pista Escorregadia";"Tombamento";"Com Vítimas Feridas";"Pleno dia";"Crescente";"Nublado";"Dupla";"Curva";"Não";1;0;0;1;0;0;1;1;-25,0358686;-48,54404396;"SPRF-SP";"DEL05-SP";"UOP02-DEL05-SP"
403789;2021-12-24;"sexta-feira";"10:50:00";"AC";364;125;"RIO BRANCO";"Ultrapassagem Indevida";"Colisão lateral mesmo sentido";"Com Vítimas Feridas";"Pleno dia";"Crescente";"Céu Claro";"Dupla";"Reta";"Sim";3;0;0;1;2;0;1;2;-10,01280606;-67,80005697;"SPRF-AC";"DEL01-AC";"UOP01-DEL01-AC"
403790;2021-12-24;"sexta-feira";"11:30:00";"RO";425;97;"NOVA MAMORE";"Transitar no acostamento";"Colisão lateral mesmo sentido";"Com Vítimas Feridas";"Pleno dia";"Decrescente";"Céu Claro";"Simples";"Interseção de Vias";"Sim";2;0;1;0;1;0;1;2;-10,385812;-65,323311;"SPRF-RO";"DEL01-RO";"UOP03-DEL01-RO"
403791;2021-12-24;"sexta-feira";"12:40:00";"SC";101;117,3;"ITAJAI";"Desrespeitar a preferência no cruzamento";"Colisão transversal";"Com Vítimas Feridas";"Pleno dia";"Crescente";"Sol";"Dupla";"Interseção de Vias";"Não";2;0;1;0;1;0;1;2;-26,88747187;-48,72252969;"SPRF-SC";"DEL04-SC";"UOP04-DEL04-SC"
403792;2021-12-24;"sexta-feira";"13:40:00";"SP";101;29,3;"UBATUBA";"Conversão proibida";"Colisão transversal";"Com Vítimas Feridas";"Pleno dia";"Decrescente";"Garoa/Chuvisco";"Simples";"Declive;Reta";"Não";3;0;1;0;2;0;1;2;-23,37341522;-44,96219491;"SPRF-SP";"DEL06-SP";"UOP01-DEL06-SP"
403793;2021-12-24;"sexta-feira";"11:30:00";"RJ";116;114;"MAGE";"Acessar a via sem observar a presença dos outros veículos";"Colisão lateral mesmo sentido";"Com Vítimas Feridas";"Pleno dia";"Decrescente";"Céu Claro";"Simples";"Reta";"Não";3;0;1;0;2;0;1;2;-22,58009519;-43,0114958;"SPRF-RJ";"DEL04-RJ";"UOP02-DEL04-RJ"
403794;2021-12-24;"sexta-feira";"13:45:00";"SP";116;213;"GUARULHOS";"Avarias e/ou desgaste excessivo no pneu";"Tombamento";"Com Vítimas Feridas";"Pleno dia";"Decrescente";"Nublado";"Múltipla";"Reta";"Sim";3;0;2;0;0;1;2;2;-23,43971486;-46,43667806;"SPRF-SP";"DEL01-SP";"UOP01-DEL01-SP"
403795;2021-12-24;"sexta-feira";"09:00:00";"SC";153;58,8;"IRANI";"Desrespeitar a preferência no cruzamento";"Colisão transversal";"Com Vítimas Feridas";"Pleno dia";"Crescente";"Céu Claro";"Dupla";"Rotatória";"Não";5;0;0;1;4;0;1;2;-26,964373;-51,841362;"SPRF-SC";"DEL07-SC";"UOP04-DEL07-SC"
403796;2021-12-24;"sexta-feira";"12:45:00";"MS";163;446,2;"CAMPO GRANDE";"Reação tardia ou ineficiente do condutor";"Saída de leito carroçável";"Com Vítimas Feridas";"Pleno dia";"Decrescente";"Céu Claro";"Simples";"Aclive";"Não";3;0;3;0;0;0;3;1;-20,75951198;-54,53107192;"SPRF-MS";"DEL01-MS";"UOP01-DEL01-MS"
403798;2021-12-24;"sexta-feira";"11:15:00";"SC";282;474,4;"VARGEAO";"Ingestão de álcool pelo condutor";"Saída de leito carroçável";"Com Vítimas Feridas";"Pleno dia";"Crescente";"Céu Claro";"Simples";"Reta";"Sim";1;0;1;0;0;0;1;1;-26,874346;-52,155285;"SPRF-SC";"DEL07-SC";"UOP01-DEL07-SC"
403799;2021-12-24;"sexta-feira";"12:42:00";"MG";116;771,8;"LEOPOLDINA";"Reação tardia ou ineficiente do condutor";"Saída de leito carroçável";"Com Vítimas Feridas";"Pleno dia";"Crescente";"Sol";"Simples";"Curva";"Sim";3;0;2;1;0;0;3;2;-21,55638202;-42,67583002;"SPRF-MG";"DEL07-MG";"UOP01-DEL07-MG"
403802;2021-12-24;"sexta-feira";"14:24:00";"RS";290;66;"GRAVATAI";"Manobra de mudança de faixa";"Saída de leito carroçável";"Com Vítimas Feridas";"Pleno dia";"Crescente";"Sol";"Dupla";"Reta";"Não";4;0;3;0;1;0;3;2;-29,942627;-50,915585;"SPRF-RS";"DEL03-RS";"UOP01-DEL03-RS"
403804;2021-12-24;"sexta-feira";"11:30:00";"RJ";101;309;"SAO GONCALO";"Ausência de reação do condutor";"Colisão traseira";"Com Vítimas Feridas";"Pleno dia";"Decrescente";"Céu Claro";"Dupla";"Reta";"Sim";5;0;2;0;3;0;2;2;-22,79498873;-43,03446105;"SPRF-RJ";"DEL02-RJ";"UOP02-DEL02-RJ"
403806;2021-12-24;"sexta-feira";"12:30:00";"MA";135;21;"SAO LUIS";"Condutor deixou de manter distância do veículo da frente";"Colisão traseira";"Com Vítimas Feridas";"Pleno dia";"Decrescente";"Céu Claro";"Dupla";"Reta";"Sim";3;0;2;0;1;0;2;2;-2,55979529;-44,31397006;"SPRF-MA";"DEL01-MA";"UOP01-DEL01-MA"
403807;2021-12-24;"sexta-feira";"14:40:00";"MG";364;22,3;"FRUTAL";"Ausência de reação do condutor";"Colisão com objeto";"Com Vítimas Fatais";"Pleno dia";"Crescente";"Céu Claro";"Simples";"Declive";"Não";4;1;0;3;0;0;3;1;-20,04325;-48,85137;"SPRF-MG";"DEL13-MG";"UOP02-DEL13-MG"
403808;2021-12-24;"sexta-feira";"14:45:00";"MG";381;451;"SABARA";"Ausência de reação do condutor";"Colisão traseira";"Com Vítimas Feridas";"Pleno dia";"Decrescente";"Céu Claro";"Simples";"Curva";"Não";3;0;2;0;1;0;2;2;-19,83832024;-43,8806931;"SPRF-MG";"DEL01-MG";"UOP01-DEL01-MG"
403811;2021-12-24;"sexta-feira";"14:15:00";"MG";40;0,4;"PARACATU";"Pista Escorregadia";"Saída de leito carroçável";"Com Vítimas Feridas";"Pleno dia";"Crescente";"Nublado";"Simples";"Curva";"Não";2;0;2;0;0;0;2;1;-17,034834;-47,15882;"SPRF-MG";"DEL14-MG";"UOP01-DEL14-MG"
403813;2021-12-24;"sexta-feira";"13:00:00";"PR";277;231;"FERNANDES PINHEIRO";"Condutor deixou de manter distância do veículo da frente";"Saída de leito carroçável";"Sem Vítimas";"Pleno dia";"Crescente";"Céu Claro";"Simples";"Reta";"Não";2;0;0;0;2;0;0;1;-25,47102707;-50,47003802;"SPRF-PR";"DEL03-PR";"UOP03-DEL03-PR"
403814;2021-12-24;"sexta-feira";"15:30:00";"PR";277;5;"PARANAGUA";"Entrada inopinada do pedestre";"Queda de ocupante de veículo";"Com Vítimas Feridas";"Pleno dia";"Crescente";"Céu Claro";"Dupla";"Reta";"Sim";1;0;1;0;0;0;1;1;-25,5205;-48,5095;"SPRF-PR";"DEL01-PR";"UOP05-DEL01-PR"
403815;2021-12-24;"sexta-feira";"15:00:00";"PE";101;11,3;"GOIANA";"Condutor usando celular";"Colisão com objeto";"Com Vítimas Feridas";"Plena Noite";"Crescente";"Céu Claro";"Dupla";"Reta";"Não";1;0;0;1;0;0;1;1;-7,59514001;-34,98460002;"SPRF-PE";"DEL01-PE";"UOP02-DEL01-PE"
403816;2021-12-24;"sexta-feira";"14:35:00";"MG";459;84;"CONGONHAL";"Acessar a via sem observar a presença dos outros veículos";"Colisão transversal";"Com Vítimas Feridas";"Pleno dia";"Decrescente";"Céu Claro";"Simples";"Interseção de Vias";"Sim";4;0;1;0;3;0;1;2;-22,150941;-46,0460186;"SPRF-MG";"DEL09-MG";"UOP01-DEL09-MG"
403817;2021-12-24;"sexta-feira";"14:00:00";"SC";280;52,5;"GUARAMIRIM";"Retorno proibido";"Colisão lateral mesmo sentido";"Com Vítimas Feridas";"Pleno dia";"Decrescente";"Sol";"Dupla";"Reta;Em Obras";"Não";4;0;0;2;2;0;2;2;-26,47282995;-48,97535563;"SPRF-SC";"DEL03-SC";"UOP03-DEL03-SC"
403818;2021-12-24;"sexta-feira";"09:00:00";"DF";60;24;"BRASILIA";"Chuva";"Saída de leito carroçável";"Com Vítimas Feridas";"Pleno dia";"Decrescente";"Chuva";"Dupla";"Reta";"Não";2;0;2;0;0;0;2;1;-15,991807;-48,232067;"SPRF-DF";"DEL03-DF";"UOP01-DEL03-DF"
403820;2021-12-24;"sexta-feira";"15:35:00";"SP";153;58;"SAO JOSE DO RIO PRETO";"Ausência de reação do condutor";"Saída de leito carroçável";"Com Vítimas Feridas";"Pleno dia";"Decrescente";"Sol";"Dupla";"Reta";"Sim";4;0;3;1;0;0;4;2;-20,77838195;-49,35300538;"SPRF-SP";"DEL09-SP";"UOP01-DEL09-SP"
403821;2021-12-24;"sexta-feira";"16:00:00";"MG";40;506,1;"RIBEIRAO DAS NEVES";"Acessar a via sem observar a presença dos outros veículos";"Colisão traseira";"Com Vítimas Feridas";"Pleno dia";"Crescente";"Céu Claro";"Dupla";"Reta";"Não";2;0;1;0;1;0;1;2;-19,74716686;-44,14731173;"SPRF-MG";"DEL02-MG";"UOP01-DEL02-MG"
403822;2021-12-24;"sexta-feira";"14:30:00";"ES";262;28;"VIANA";"Demais falhas mecânicas ou elétricas";"Incêndio";"Sem Vítimas";"Pleno dia";"Crescente";"Céu Claro";"Simples";"Reta;Declive";"Não";1;0;0;0;1;0;0;1;-20,38426904;-40,55863435;"SPRF-ES";"DEL01-ES";"UOP01-DEL01-ES"
403823;2021-12-24;"sexta-feira";"08:50:00";"SC";282;644,1;"SAO MIGUEL DO OESTE";"Ingestão de álcool e/ou substâncias psicoativas pelo pedestre";"Atropelamento de Pedestre";"Com Vítimas Feridas";"Pleno dia";"Crescente";"Céu Claro";"Simples";"Reta";"Não";2;0;1;0;0;1;1;2;-26,769157;-53,479385;"SPRF-SC";"DEL07-SC";"UOP03-DEL07-SC"
403824;2021-12-24;"sexta-feira";"15:10:00";"RS";285;632;"SANTO ANTONIO DAS MISSOES";"Reação tardia ou ineficiente do condutor";"Saída de leito carroçável";"Com Vítimas Feridas";"Pleno dia";"Decrescente";"Sol";"Simples";"Reta";"Não";3;0;3;0;0;0;3;1;-28,564873;-55,591652;"SPRF-RS";"DEL12-RS";"UOP01-DEL12-RS"
403827;2021-12-24;"sexta-feira";"14:45:00";"MS";60;434;"SIDROLANDIA";"Demais falhas mecânicas ou elétricas";"Tombamento";"Com Vítimas Feridas";"Pleno dia";"Crescente";"Céu Claro";"Simples";"Reta";"Não";2;0;2;0;0;0;2;1;-20,98953165;-54,99379787;"SPRF-MS";"DEL01-MS";"UOP04-DEL01-MS"
403828;2021-12-24;"sexta-feira";"16:45:00";"PE";101;68,3;"RECIFE";"Condutor deixou de manter distância do veículo da frente";"Colisão traseira";"Com Vítimas Feridas";"Pleno dia";"Decrescente";"Céu Claro";"Dupla";"Reta";"Sim";5;0;2;0;3;0;2;2;-8,053826;-34,946259;"SPRF-PE";"DEL01-PE";"UOP01-DEL01-PE"
403829;2021-12-23;"quinta-feira";"16:55:00";"RS";293;366,5;"SANTANA DO LIVRAMENTO";"Avarias e/ou desgaste excessivo no pneu";"Tombamento";"Com Vítimas Feridas";"Pleno dia";"Decrescente";"Sol";"Simples";"Reta";"Não";2;0;1;0;1;0;1;1;-30,74457283;-55,7666069;"SPRF-RS";"DEL11-RS";"UOP01-DEL11-RS"
403831;2021-12-24;"sexta-feira";"17:10:00";"RN";101;148,3;"GOIANINHA";"Reação tardia ou ineficiente do condutor";"Colisão traseira";"Com Vítimas Feridas";"Pleno dia";"Crescente";"Nublado";"Múltipla";"Viaduto";"Sim";3;0;1;0;2;0;1;2;-6,27949119;-35,20490033;"SPRF-RN";"DEL01-RN";"UOP01-DEL01-RN"
403832;2021-12-24;"sexta-feira";"15:25:00";"PI";343;195;"PIRIPIRI";"Avarias e/ou desgaste excessivo no pneu";"Colisão com objeto";"Com Vítimas Feridas";"Pleno dia";"Decrescente";"Céu Claro";"Simples";"Reta";"Não";2;0;1;1;0;0;2;1;-4,353818;-41,812202;"SPRF-PI";"DEL02-PI";"UOP01-DEL02-PI"
403834;2021-12-24;"sexta-feira";"15:05:00";"SC";101;374,6;"ICARA";"Reação tardia ou ineficiente do condutor";"Saída de leito carroçável";"Com Vítimas Feridas";"Pleno dia";"Decrescente";"Céu Claro";"Dupla";"Reta";"Não";1;0;0;1;0;0;1;1;-28,71534412;-49,22723198;"SPRF-SC";"DEL02-SC";"UOP01-DEL02-SC"
403835;2021-12-24;"sexta-feira";"16:45:00";"RJ";356;26;"ITAPERUNA";"Reação tardia ou ineficiente do condutor";"Colisão traseira";"Com Vítimas Feridas";"Pleno dia";"Decrescente";"Céu Claro";"Simples";"Aclive;Reta";"Não";2;0;0;1;1;0;1;2;-21,17939459;-41,95448991;"SPRF-RJ";"DEL08-RJ";"UOP03-DEL08-RJ"
403836;2021-12-24;"sexta-feira";"16:00:00";"PI";343;306;"ALTOS";"Acessar a via sem observar a presença dos outros veículos";"Colisão transversal";"Com Vítimas Feridas";"Pleno dia";"Decrescente";"Céu Claro";"Simples";"Interseção de Vias";"Sim";3;0;2;0;1;0;2;2;-5,03764517;-42,44771903;"SPRF-PI";"DEL01-PI";"UOP01-DEL01-PI"