"id";"data_inversa";"dia_semana";"horario";"uf";"br";"km";"municipio";"causa_acidente";"tipo_acidente";"classificacao_acidente";"fase_dia";"sentido_via";"condicao_metereologica";"tipo_pista";"tracado_via";"uso_solo";"pessoas";"mortos";"feridos_leves";"feridos_graves";"ilesos";"ignorados";"feridos";"veiculos";"latitude";"longitude";"regional";"delegacia";"uop"
403839;2021-12-24;"sexta-feira";"16:00:00";"SC";101;415,8;"ARARANGUA";"Manobra de mudança de faixa";"Colisão frontal";"Com Vítimas Feridas";"Pleno dia";"Crescente";"Céu Claro";"Múltipla";"Interseção de Vias";"Sim";3;0;3;0;0;0;3;2;-28,97082717;-49,52791214;"SPRF-SC";"DEL02-SC";"UOP02-DEL02-SC"
403840;2021-12-24;"sexta-feira";"17:00:00";"PI";343;305,2;"ALTOS";"Ultrapassagem Indevida";"Colisão lateral mesmo sentido";"Com Vítimas Feridas";"Anoitecer";"Crescente";"Nublado";"Simples";"Reta";"Sim";3;0;1;1;0;1;2;2;-5,03866364;-42,45008826;"SPRF-PI";"DEL01-PI";"UOP01-DEL01-PI"
403842;2021-12-24;"sexta-feira";"12:00:00";"ES";101;393,6;"RIO NOVO DO SUL";"Condutor deixou de manter distância do veículo da frente";"Queda de ocupante de veículo";"Com Vítimas Feridas";"Pleno dia";"Crescente";"Nublado";"Dupla";"Reta";"Não";1;0;1;0;0;0;1;1;-20,865694;-40,91366;"SPRF-ES";"DEL03-ES";"UOP02-DEL03-ES"
403844;2021-12-24;"sexta-feira";"15:40:00";"MG";356;265,6;"MURIAE";"Mal súbito do condutor";"Colisão com objeto";"Com Vítimas Feridas";"Pleno dia";"Decrescente";"Sol";"Simples";"Reta";"Sim";1;0;1;0;0;0;1;1;-21,12838898;-42,366803;"SPRF-MG";"DEL07-MG";"UOP02-DEL07-MG"
403845;2021-12-24;"sexta-feira";"17:35:00";"DF";60;30;"BRASILIA";"Acesso irregular";"Colisão transversal";"Com Vítimas Feridas";"Pleno dia";"Crescente";"Garoa/Chuvisco";"Dupla";"Reta";"Sim";4;0;1;0;3;0;1;2;-16,03854;-48,255955;"SPRF-DF";"DEL03-DF";"UOP01-DEL03-DF"
403846;2021-12-24;"sexta-feira";"18:00:00";"SP";116;165;"JACAREI";"Ausência de reação do condutor";"Colisão traseira";"Sem Vítimas";"Anoitecer";"Crescente";"Céu Claro";"Dupla";"Reta";"Não";2;0;0;0;2;0;0;2;-23,29691791;-46,00798704;"SPRF-SP";"DEL02-SP";"UOP01-DEL02-SP"
403847;2021-12-24;"sexta-feira";"18:35:00";"RS";392;21,5;"RIO GRANDE";"Demais falhas mecânicas ou elétricas";"Saída de leito carroçável";"Com Vítimas Feridas";"Pleno dia";"Crescente";"Céu Claro";"Dupla";"Curva";"Não";4;0;3;0;1;0;3;1;-32,08769775;-52,20709106;"SPRF-RS";"DEL07-RS";"UOP02-DEL07-RS"
403848;2021-12-24;"sexta-feira";"18:10:00";"RN";101;76,3;"NATAL";"Animais na Pista";"Atropelamento de Animal";"Com Vítimas Feridas";"Plena Noite";"Crescente";"Céu Claro";"Dupla";"Reta;Aclive";"Não";1;0;0;1;0;0;1;1;-5,72603024;-35,28461489;"SPRF-RN";"DEL02-RN";"UOP01-DEL02-RN"
403849;2021-12-24;"sexta-feira";"17:30:00";"RS";448;21;"PORTO ALEGRE";"Reação tardia ou ineficiente do condutor";"Colisão com objeto";"Sem Vítimas";"Pleno dia";"Crescente";"Céu Claro";"Dupla";"Curva";"Sim";1;0;0;0;1;0;0;1;-29,97420327;-51,19974067;"SPRF-RS";"DEL01-RS";"UOP01-DEL01-RS"
403850;2021-12-24;"sexta-feira";"18:45:00";"RJ";116;114;"MAGE";"Transitar na contramão";"Colisão traseira";"Sem Vítimas";"Plena Noite";"Decrescente";"Vento";"Dupla";"Reta";"Não";2;0;0;0;2;0;0;2;-22,58009519;-43,0114958;"SPRF-RJ";"DEL04-RJ";"UOP02-DEL04-RJ"
403851;2021-12-24;"sexta-feira";"18:20:00";"PR";476;174;"CONTENDA";"Desrespeitar a preferência no cruzamento";"Colisão transversal";"Com Vítimas Fatais";"Pleno dia";"Decrescente";"Céu Claro";"Simples";"Reta";"Não";4;2;1;0;0;1;1;3;-25,685408;-49,535042;"SPRF-PR";"DEL01-PR";"UOP03-DEL01-PR"
403852;2021-12-24;"sexta-feira";"15:25:00";"RJ";40;114;"DUQUE DE CAXIAS";"Reação tardia ou ineficiente do condutor";"Colisão com objeto";"Com Vítimas Feridas";"Pleno dia";"Crescente";"Céu Claro";"Dupla";"Declive";"Sim";1;0;0;1;0;0;1;1;-22,71853604;-43,28993324;"SPRF-RJ";"DEL01-RJ";"UOP01-DEL01-RJ"
403853;2021-12-24;"sexta-feira";"17:00:00";"PR";277;587;"CASCAVEL";"Ingestão de álcool pelo condutor";"Colisão com objeto";"Sem Vítimas";"Pleno dia";"Decrescente";"Céu Claro";"Simples";"Reta";"Sim";1;0;0;0;1;0;0;1;-24,96941255;-53,42959722;"SPRF-PR";"DEL04-PR";"UOP01-DEL04-PR"
403854;2021-12-24;"sexta-feira";"18:37:00";"SC";470;53,1;"BLUMENAU";"Acessar a via sem observar a presença dos outros veículos";"Colisão transversal";"Com Vítimas Feridas";"Anoitecer";"Decrescente";"Céu Claro";"Simples";"Curva";"Sim";3;0;1;1;1;0;2;2;-26,8688969;-49,10477422;"SPRF-SC";"DEL04-SC";"UOP01-DEL04-SC"
403855;2021-12-24;"sexta-feira";"18:55:00";"MG";262;1;"MARTINS SOARES";"Acesso irregular";"Colisão transversal";"Com Vítimas Feridas";"Plena Noite";"Decrescente";"Nublado";"Simples";"Reta";"Não";5;0;4;0;1;0;4;2;-20,26789503;-41,7770879;"SPRF-MG";"DEL06-MG";"UOP03-DEL06-MG"
403857;2021-12-24;"sexta-feira";"19:30:00";"RJ";101;69,4;"CAMPOS DOS GOYTACAZES";"Avarias e/ou desgaste excessivo no pneu";"Colisão traseira";"Com Vítimas Feridas";"Plena Noite";"Crescente";"Céu Claro";"Simples";"Reta";"Não";4;0;1;0;2;1;1;2;-21,77624383;-41,3653321;"SPRF-RJ";"DEL08-RJ";"UOP02-DEL08-RJ"
403858;2021-12-24;"sexta-feira";"18:40:00";"BA";324;620;"SALVADOR";"Acumulo de água sobre o pavimento";"Queda de ocupante de veículo";"Com Vítimas Feridas";"Plena Noite";"Decrescente";"Chuva";"Dupla";"Reta";"Sim";1;0;1;0;0;0;1;1;-12,90482172;-38,45556535;"SPRF-BA";"DEL01-BA";"UOP01-DEL01-BA"
403860;2021-12-24;"sexta-feira";"14:53:00";"RJ";393;275;"BARRA DO PIRAI";"Acessar a via sem observar a presença dos outros veículos";"Colisão lateral mesmo sentido";"Sem Vítimas";"Pleno dia";"Decrescente";"Nublado";"Simples";"Interseção de Vias";"Não";2;0;0;0;2;0;0;2;-22,48279699;-43,970547;"SPRF-RJ";"DEL05-RJ";"UOP04-DEL05-RJ"
403861;2021-12-24;"sexta-feira";"16:30:00";"SC";101;4;"GARUVA";"Demais falhas mecânicas ou elétricas";"Incêndio";"Sem Vítimas";"Pleno dia";"Decrescente";"Nublado";"Dupla";"Reta";"Sim";1;0;0;0;1;0;0;1;-26,00908719;-48,86448735;"SPRF-SC";"DEL03-SC";"UOP01-DEL03-SC"
403862;2021-12-24;"sexta-feira";"16:30:00";"SC";470;168,6;"POUSO REDONDO";"Reação tardia ou ineficiente do condutor";"Tombamento";"Sem Vítimas";"Pleno dia";"Crescente";"Céu Claro";"Simples";"Reta";"Não";2;0;0;0;2;0;0;1;-27,266994;-49,872524;"SPRF-SC";"DEL04-SC";"UOP02-DEL04-SC"
403863;2021-12-24;"sexta-feira";"17:40:00";"MG";153;178,4;"COMENDADOR GOMES";"Avarias e/ou desgaste excessivo no pneu";"Saída de leito carroçável";"Com Vítimas Feridas";"Pleno dia";"Crescente";"Céu Claro";"Simples";"Reta";"Não";1;0;0;1;0;0;1;1;-19,83944199;-48,96458295;"SPRF-MG";"DEL13-MG";"UOP02-DEL13-MG"
403864;2021-12-24;"sexta-feira";"19:40:00";"PR";369;182,2;"ARAPONGAS";"Desrespeitar a preferência no cruzamento";"Colisão transversal";"Com Vítimas Feridas";"Plena Noite";"Decrescente";"Céu Claro";"Simples";"Reta";"Sim";3;0;0;1;2;0;1;2;-23,384177;-51,418995;"SPRF-PR";"DEL07-PR";"UOP02-DEL07-PR"
403865;2021-12-24;"sexta-feira";"20:20:00";"ES";101;23;"PEDRO CANARIO";"Condutor deixou de manter distância do veículo da frente";"Colisão traseira";"Com Vítimas Feridas";"Plena Noite";"Crescente";"Nublado";"Simples";"Reta";"Não";2;0;0;1;1;0;1;2;-18,35114403;-39,95691507;"SPRF-ES";"DEL04-ES";"UOP02-DEL04-ES"
403866;2021-12-24;"sexta-feira";"19:00:00";"MG";262;832,4;"UBERABA";"Reação tardia ou ineficiente do condutor";"Colisão com objeto";"Com Vítimas Feridas";"Plena Noite";"Decrescente";"Céu Claro";"Dupla";"Curva";"Não";1;0;1;0;0;0;1;1;-19,74213602;-48,212724;"SPRF-MG";"DEL13-MG";"UOP01-DEL13-MG"
403867;2021-12-24;"sexta-feira";"20:25:00";"RJ";101;473;"ANGRA DOS REIS";"Ausência de reação do condutor";"Colisão com objeto";"Sem Vítimas";"Plena Noite";"Crescente";"Céu Claro";"Dupla";"Interseção de Vias";"Sim";1;0;0;0;1;0;0;1;-22,98960623;-44,24168693;"SPRF-RJ";"DEL03-RJ";"UOP03-DEL03-RJ"
403869;2021-12-24;"sexta-feira";"17:30:00";"RJ";116;95;"GUAPIMIRIM";"Velocidade Incompatível";"Colisão frontal";"Sem Vítimas";"Pleno dia";"Decrescente";"Chuva";"Simples";"Curva";"Não";2;0;0;0;2;0;0;2;-22,47374702;-43,00117923;"SPRF-RJ";"DEL04-RJ";"UOP02-DEL04-RJ"
403870;2021-12-24;"sexta-feira";"19:40:00";"MS";163;655;"RIO VERDE DE MATO GROSSO";"Condutor Dormindo";"Colisão com objeto";"Com Vítimas Feridas";"Plena Noite";"Decrescente";"Céu Claro";"Simples";"Reta";"Não";1;0;1;0;0;0;1;1;-19,11772981;-54,75802065;"SPRF-MS";"DEL06-MS";"UOP02-DEL06-MS"
403871;2021-12-24;"sexta-feira";"20:45:00";"SP";116;137;"SAO JOSE DOS CAMPOS";"Demais falhas na via";"Tombamento";"Com Vítimas Feridas";"Plena Noite";"Decrescente";"Céu Claro";"Dupla";"Reta";"Não";1;0;1;0;0;0;1;1;-23,15496641;-45,79080281;"SPRF-SP";"DEL02-SP";"UOP01-DEL02-SP"
403872;2021-12-24;"sexta-feira";"19:50:00";"MG";381;286,4;"JAGUARACU";"Pista esburacada";"Tombamento";"Com Vítimas Feridas";"Plena Noite";"Decrescente";"Nublado";"Simples";"Reta";"Não";2;0;2;0;0;0;2;1;-19,62557509;-42,8057348;"SPRF-MG";"DEL03-MG";"UOP02-DEL03-MG"
403873;2021-12-24;"sexta-feira";"19:00:00";"BA";324;438,9;"RIACHAO DO JACUIPE";"Chuva";"Saída de leito carroçável";"Com Vítimas Feridas";"Plena Noite";"Crescente";"Chuva";"Simples";"Curva";"Não";3;0;3;0;0;0;3;1;-11,81927987;-39,37289715;"SPRF-BA";"DEL02-BA";"UOP01-DEL02-BA"
403874;2021-12-24;"sexta-feira";"20:40:00";"MG";381;517,5;"IGARAPE";"Velocidade Incompatível";"Colisão com objeto";"Sem Vítimas";"Plena Noite";"Decrescente";"Chuva";"Dupla";"Reta";"Não";1;0;0;0;1;0;0;1;-20,11382303;-44,30720801;"SPRF-MG";"DEL04-MG";"UOP03-DEL04-MG"
403877;2021-12-24;"sexta-feira";"21:20:00";"SC";470;55,5;"BLUMENAU";"Conversão proibida";"Colisão transversal";"Com Vítimas Feridas";"Plena Noite";"Decrescente";"Céu Claro";"Simples";"Reta";"Sim";2;0;0;1;1;0;1;2;-26,875601;-49,117992;"SPRF-SC";"DEL04-SC";"UOP01-DEL04-SC"
403878;2021-12-24;"sexta-feira";"20:40:00";"MS";163;681;"RIO VERDE DE MATO GROSSO";"Conversão proibida";"Colisão transversal";"Com Vítimas Feridas";"Plena Noite";"Decrescente";"Céu Claro";"Simples";"Interseção de Vias";"Sim";2;0;1;0;1;0;1;2;-18,91578008;-54,83862738;"SPRF-MS";"DEL06-MS";"UOP02-DEL06-MS"
403880;2021-12-24;"sexta-feira";"20:30:00";"BA";101;227,1;"CRUZ DAS ALMAS";"Acesso irregular";"Colisão frontal";"Sem Vítimas";"Plena Noite";"Crescente";"Chuva";"Simples";"Reta";"Não";3;0;0;0;3;0;0;2;-12,70699492;-39,16110992;"SPRF-BA";"DEL01-BA";"UOP02-DEL01-BA"
403881;2021-12-24;"sexta-feira";"20:30:00";"PE";232;86,6;"GRAVATA";"Ausência de reação do condutor";"Saída de leito carroçável";"Com Vítimas Fatais";"Plena Noite";"Crescente";"Céu Claro";"Dupla";"Curva";"Não";2;1;0;1;0;0;1;1;-8,21286855;-35,62011813;"SPRF-PE";"DEL02-PE";"UOP02-DEL02PE"
403882;2021-12-24;"sexta-feira";"10:45:00";"SC";280;69,2;"JARAGUA DO SUL";"Reação tardia ou ineficiente do condutor";"Colisão traseira";"Sem Vítimas";"Pleno dia";"Crescente";"Céu Claro";"Simples";"Reta";"Não";2;0;0;0;2;0;0;2;-26,46803296;-49,11833097;"SPRF-SC";"DEL03-SC";"UOP03-DEL03-SC"
403883;2021-12-24;"sexta-feira";"16:20:00";"RO";364;635;"CANDEIAS DO JAMARI";"Ausência de reação do condutor";"Saída de leito carroçável";"Com Vítimas Feridas";"Pleno dia";"Crescente";"Céu Claro";"Simples";"Reta";"Não";6;0;3;1;2;0;4;1;-9,05470802;-63,41069602;"SPRF-RO";"DEL01-RO";"UOP04-DEL01-RO"
403885;2021-12-24;"sexta-feira";"19:00:00";"PI";135;293,3;"CRISTINO CASTRO";"Transitar na contramão";"Colisão frontal";"Com Vítimas Fatais";"Plena Noite";"Crescente";"Chuva";"Simples";"Declive";"Não";2;1;0;0;0;1;0;2;-8,67540605;-44,06118996;"SPRF-PI";"DEL03-PI";"UOP02-DEL03-PI"
403886;2021-12-24;"sexta-feira";"22:15:00";"MG";381;500;"BETIM";"Pedestre cruzava a pista fora da faixa";"Atropelamento de Pedestre";"Com Vítimas Feridas";"Plena Noite";"Crescente";"Nublado";"Dupla";"Declive;Reta";"Não";2;0;1;0;1;0;1;2;-20,02513493;-44,23112709;"SPRF-MG";"DEL01-MG";"UOP03-DEL01-MG"
403887;2021-12-24;"sexta-feira";"15:40:00";"PA";10;86;"ULIANOPOLIS";"Acessar a via sem observar a presença dos outros veículos";"Colisão traseira";"Com Vítimas Fatais";"Pleno dia";"Decrescente";"Sol";"Simples";"Reta";"Não";3;1;0;0;2;0;0;2;-3,69439999;-47,48713539;"SPRF-PA";"DEL02-PA";"UOP02-DEL02-PA"
403888;2021-12-24;"sexta-feira";"15:30:00";"MG";116;547,1;"SANTA BARBARA DO LESTE";"Velocidade Incompatível";"Saída de leito carroçável";"Com Vítimas Feridas";"Pleno dia";"Crescente";"Nublado";"Simples";"Reta";"Não";2;0;2;0;0;0;2;1;-19,94406896;-42,1320258;"SPRF-MG";"DEL06-MG";"UOP02-DEL06-MG"
403889;2021-12-24;"sexta-feira";"21:40:00";"MT";163;203,8;"RONDONOPOLIS";"Mal súbito do condutor";"Queda de ocupante de veículo";"Com Vítimas Feridas";"Plena Noite";"Decrescente";"Nublado";"Dupla";"Reta";"Sim";1;0;1;0;0;0;1;1;-16,46207487;-54,65955734;"SPRF-MT";"DEL05-MT";"UOP02-DEL05-MT"
403890;2021-12-24;"sexta-feira";"20:50:00";"SC";470;103,9;"APIUNA";"Transitar na contramão";"Colisão frontal";"Com Vítimas Feridas";"Plena Noite";"Crescente";"Céu Claro";"Simples";"Reta";"Não";4;0;2;0;1;1;2;3;-27,064796;-49,401424;"SPRF-SC";"DEL04-SC";"UOP02-DEL04-SC"
403891;2021-12-24;"sexta-feira";"20:50:00";"RJ";116;272,8;"BARRA MANSA";"Ausência de reação do condutor";"Queda de ocupante de veículo";"Com Vítimas Fatais";"Plena Noite";"Crescente";"Céu Claro";"Simples";"Declive";"Não";1;1;0;0;0;0;0;1;-22,55606865;-44,13021704;"SPRF-RJ";"DEL07-RJ";"UOP02-DEL07-RJ"
403892;2021-12-24;"sexta-feira";"22:40:00";"PR";369;522,3;"CASCAVEL";"Desrespeitar a preferência no cruzamento";"Colisão transversal";"Com Vítimas Feridas";"Plena Noite";"Decrescente";"Céu Claro";"Simples";"Reta";"Não";3;0;0;1;2;0;1;2;-24,9408;-53,3978;"SPRF-PR";"DEL04-PR";"UOP01-DEL04-PR"
403893;2021-12-24;"sexta-feira";"21:40:00";"PR";376;186,5;"MARIALVA";"Ausência de reação do condutor";"Capotamento";"Com Vítimas Feridas";"Plena Noite";"Decrescente";"Céu Claro";"Dupla";"Reta";"Sim";2;0;2;0;0;0;2;1;-23,45147413;-51,85361808;"SPRF-PR";"DEL09-PR";"UOP01-DEL09-PR"
403894;2021-12-24;"sexta-feira";"22:20:00";"PE";232;5;"RECIFE";"Acessar a via sem observar a presença dos outros veículos";"Atropelamento de Pedestre";"Com Vítimas Feridas";"Plena Noite";"Crescente";"Nublado";"Dupla";"Reta";"Sim";2;0;1;1;0;0;2;2;-8,070996;-34,95416;"SPRF-PE";"DEL01-PE";"UOP01-DEL01-PE"
403895;2021-12-24;"sexta-feira";"23:15:00";"PE";232;6,1;"RECIFE";"Condutor deixou de manter distância do veículo da frente";"Colisão traseira";"Com Vítimas Feridas";"Plena Noite";"Decrescente";"Céu Claro";"Dupla";"Reta";"Não";2;0;1;0;1;0;1;2;-8,07114;-34,954225;"SPRF-PE";"DEL01-PE";"UOP01-DEL01-PE"
403896;2021-12-24;"sexta-feira";"22:30:00";"PR";277;84;"CURITIBA";"Ingestão de álcool e/ou substâncias psicoativas pelo pedestre";"Colisão com objeto";"Sem Vítimas";"Plena Noite";"Decrescente";"Céu Claro";"Simples";"Curva";"Sim";1;0;0;0;1;0;0;1;-25,44850131;-49,23196793;"SPRF-PR";"DEL01-PR";"UOP01-DEL01-PR"
403897;2021-12-24;"sexta-feira";"22:45:00";"SC";101;455,6;"SAO JOAO DO SUL";"Reação tardia ou ineficiente do condutor";"Saída de leito carroçável";"Com Vítimas Feridas";"Plena Noite";"Crescente";"Nublado";"Múltipla";"Rotatória;Interseção de Vias";"Sim";2;0;2;0;0;0;2;1;-29,22733458;-49,75970188;"SPRF-SC";"DEL02-SC";"UOP02-DEL02-SC"
403898;2021-12-24;"sexta-feira";"22:00:00";"MS";163;451,6;"CAMPO GRANDE";"Animais na Pista";"Atropelamento de Animal";"Com Vítimas Feridas";"Plena Noite";"Decrescente";"Céu Claro";"Dupla";"Reta";"Não";1;0;0;1;0;0;1;1;-20,71604308;-54,54432725;"SPRF-MS";"DEL01-MS";"UOP01-DEL01-MS"
403899;2021-12-24;"sexta-feira";"23:55:00";"CE";116;495,2;"BREJO SANTO";"Ingestão de álcool pelo condutor";"Queda de ocupante de veículo";"Com Vítimas Feridas";"Plena Noite";"Decrescente";"Céu Claro";"Simples";"Ponte;Reta";"Não";1;0;1;0;0;0;1;1;-7,40167384;-38,96238817;"SPRF-CE";"DEL05-CE";"UOP03-DEL05-CE"
403901;2021-12-25;"sábado";"00:05:00";"PR";376;185,7;"SARANDI";"Ingestão de álcool pelo condutor";"Colisão traseira";"Com Vítimas Feridas";"Plena Noite";"Crescente";"Céu Claro";"Dupla";"Declive;Reta";"Sim";14;0;11;2;0;1;13;4;-23,45024969;-51,85608566;"SPRF-PR";"DEL09-PR";"UOP01-DEL09-PR"
403902;2021-12-24;"sexta-feira";"20:22:00";"PR";376;196;"MARIALVA";"Objeto estático sobre o leito carroçável";"Capotamento";"Com Vítimas Feridas";"Plena Noite";"Decrescente";"Céu Claro";"Dupla";"Reta";"Não";4;0;2;0;2;0;2;1;-23,50026007;-51,76384001;"SPRF-PR";"DEL09-PR";"UOP01-DEL09-PR"
403903;2021-12-25;"sábado";"00:01:00";"DF";70;4;"BRASILIA";"Reação tardia ou ineficiente do condutor";"Colisão com objeto";"Sem Vítimas";"Plena Noite";"Crescente";"Céu Claro";"Dupla";"Reta";"Sim";1;0;0;0;1;0;0;1;-15,798115;-48,089317;"SPRF-DF";"DEL03-DF";"UOP02-DEL03-DF"
403904;2021-12-24;"sexta-feira";"22:35:00";"PR";277;180,6;"PALMEIRA";"Transitar na contramão";"Colisão frontal";"Com Vítimas Fatais";"Plena Noite";"Crescente";"Céu Claro";"Simples";"Reta";"Não";5;2;0;2;1;0;2;3;-25,43281894;-50,02090395;"SPRF-PR";"DEL03-PR";"UOP03-DEL03-PR"
403907;2021-12-25;"sábado";"00:44:00";"PR";116;57;"CAMPINA GRANDE DO SUL";"Condutor Dormindo";"Colisão com objeto";"Sem Vítimas";"Plena Noite";"Decrescente";"Nublado";"Múltipla";"Reta";"Não";1;0;0;0;1;0;0;1;-25,28847066;-48,9329365;"SPRF-PR";"DEL01-PR";"UOP02-DEL01-PR"
403908;2021-12-24;"sexta-feira";"21:00:00";"MG";153;26,5;"CENTRALINA";"Pista esburacada";"Tombamento";"Com Vítimas Feridas";"Plena Noite";"Decrescente";"Céu Claro";"Dupla";"Reta";"Não";2;0;2;0;0;0;2;1;-18,64727712;-49,17447621;"SPRF-MG";"DEL15-MG";"UOP03-DEL15-MG"
403909;2021-12-25;"sábado";"00:55:00";"SC";101;211,8;"PALHOCA";"Reação tardia ou ineficiente do condutor";"Colisão lateral mesmo sentido";"Com Vítimas Feridas";"Plena Noite";"Decrescente";"Nublado";"Múltipla";"Reta";"Sim";2;0;0;1;0;1;1;2;-27,62963171;-48,65852773;"SPRF-SC";"DEL01-SC";"UOP02-DEL01-SC"
403910;2021-12-24;"sexta-feira";"20:30:00";"MA";230;477,7;"RIACHAO";"Transitar na contramão";"Colisão frontal";"Com Vítimas Fatais";"Plena Noite";"Decrescente";"Nublado";"Simples";"Curva;Aclive";"Não";3;2;0;0;0;1;0;2;-7,39484004;-46,64488029;"SPRF-MA";"DEL05-MA";"UOP01-DEL05-MA"
403912;2021-12-25;"sábado";"01:00:00";"MG";381;277,4;"JAGUARACU";"Condutor Dormindo";"Tombamento";"Com Vítimas Feridas";"Plena Noite";"Decrescente";"Nublado";"Simples";"Curva";"Não";1;0;0;1;0;0;1;1;-19,553721;-42,70941;"SPRF-MG";"DEL03-MG";"UOP02-DEL03-MG"
403913;2021-12-25;"sábado";"02:05:00";"RS";101;69;"OSORIO";"Ausência de reação do condutor";"Saída de leito carroçável";"Sem Vítimas";"Plena Noite";"Crescente";"Céu Claro";"Dupla";"Reta";"Não";1;0;0;0;0;1;0;1;-29,750034;-50,21252;"SPRF-RS";"DEL03-RS";"UOP01-DEL03-RS"
403914;2021-12-24;"sexta-feira";"22:40:00";"RJ";101;417;"MANGARATIBA";"Reação tardia ou ineficiente do condutor";"Colisão frontal";"Com Vítimas Feridas";"Plena Noite";"Decrescente";"Chuva";"Simples";"Curva";"Sim";8;0;2;5;1;0;7;2;-22,91293797;-43,89732384;"SPRF-RJ";"DEL03-RJ";"UOP03-DEL03-RJ"
403915;2021-12-25;"sábado";"00:20:00";"MA";10;254,5;"IMPERATRIZ";"Condutor desrespeitou a iluminação vermelha do semáforo";"Colisão transversal";"Com Vítimas Feridas";"Pleno dia";"Decrescente";"Chuva";"Simples";"Reta";"Sim";3;0;1;0;2;0;1;2;-5,517879;-47,471581;"SPRF-MA";"DEL04-MA";"UOP01-DEL04-MA"
403916;2021-12-25;"sábado";"02:30:00";"RS";101;71,9;"OSORIO";"Ingestão de álcool pelo condutor";"Saída de leito carroçável";"Sem Vítimas";"Plena Noite";"Crescente";"Céu Claro";"Dupla";"Curva";"Sim";1;0;0;0;1;0;0;1;-29,76314247;-50,21814477;"SPRF-RS";"DEL03-RS";"UOP01-DEL03-RS"
403918;2021-12-24;"sexta-feira";"23:00:00";"RJ";101;428;"MANGARATIBA";"Acessar a via sem observar a presença dos outros veículos";"Colisão transversal";"Com Vítimas Feridas";"Plena Noite";"Decrescente";"Céu Claro";"Dupla";"Interseção de Vias";"Sim";2;0;2;0;0;0;2;2;-22,93391858;-43,9899979;"SPRF-RJ";"DEL03-RJ";"UOP03-DEL03-RJ"
403919;2021-12-25;"sábado";"02:10:00";"PR";277;81;"CURITIBA";"Demais falhas mecânicas ou elétricas";"Saída de leito carroçável";"Sem Vítimas";"Plena Noite";"Crescente";"Nublado";"Dupla";"Reta";"Sim";1;0;0;0;0;1;0;1;-25,46776404;-49,21445847;"SPRF-PR";"DEL01-PR";"UOP01-DEL01-PR"
403920;2021-12-25;"sábado";"01:00:00";"PR";376;175;"MARINGA";"Condutor desrespeitou a iluminação vermelha do semáforo";"Colisão transversal";"Com Vítimas Feridas";"Plena Noite";"Decrescente";"Céu Claro";"Dupla";"Reta";"Sim";2;0;1;0;1;0;1;2;-23,4113569;-51,9407767;"SPRF-PR";"DEL09-PR";"UOP01-DEL09-PR"
403921;2021-12-25;"sábado";"02:30:00";"PB";230;27,5;"JOAO PESSOA";"Reação tardia ou ineficiente do condutor";"Colisão com objeto";"Sem Vítimas";"Plena Noite";"Crescente";"Céu Claro";"Dupla";"Reta";"Sim";1;0;0;0;0;1;0;1;-7,1677;-34,8855;"SPRF-PB";"DEL01-PB";"UOP01-DEL01-PB"
403922;2021-12-24;"sexta-feira";"21:30:00";"AC";364;43;"SENADOR GUIOMARD";"Demais falhas na via";"Saída de leito carroçável";"Com Vítimas Feridas";"Plena Noite";"Decrescente";"Céu Claro";"Simples";"Reta";"Não";4;0;2;2;0;0;4;1;-9,96774615;-67,11880395;"SPRF-AC";"DEL01-AC";"UOP01-DEL01-AC"
403924;2021-12-25;"sábado";"02:40:00";"RS";472;577;"URUGUAIANA";"Desrespeitar a preferência no cruzamento";"Colisão transversal";"Com Vítimas Feridas";"Plena Noite";"Decrescente";"Céu Claro";"Simples";"Rotatória";"Sim";5;0;1;1;2;1;2;3;-29,78005996;-57,06312776;"SPRF-RS";"DEL13-RS";"UOP01-DEL13-RS"
403925;2021-12-25;"sábado";"02:10:00";"SC";101;138,4;"BALNEARIO CAMBORIU";"Transitar na contramão";"Colisão com objeto";"Com Vítimas Fatais";"Plena Noite";"Decrescente";"Nublado";"Dupla";"Reta";"Sim";1;1;0;0;0;0;0;1;-27,02794534;-48,60553265;"SPRF-SC";"DEL04-SC";"UOP03-DEL04-SC"
403926;2021-12-25;"sábado";"03:20:00";"MG";262;414,2;"IGARATINGA";"Velocidade Incompatível";"Saída de leito carroçável";"Com Vítimas Feridas";"Plena Noite";"Decrescente";"Ignorado";"Dupla";"Reta";"Não";1;0;1;0;0;0;1;1;-19,90339593;-44,66308607;"SPRF-MG";"DEL08-MG";"UOP03-DEL08-MG"
403927;2021-12-25;"sábado";"04:00:00";"MG";40;524,8;"CONTAGEM";"Entrada inopinada do pedestre";"Atropelamento de Pedestre";"Com Vítimas Feridas";"Plena Noite";"Crescente";"Nublado";"Dupla";"Reta";"Sim";2;0;1;0;1;0;1;2;-19,8754469;-44,05345586;"SPRF-MG";"DEL01-MG";"UOP02-DEL01-MG"
403929;2021-12-25;"sábado";"02:10:00";"RJ";40;61;"PETROPOLIS";"Condutor Dormindo";"Saída de leito carroçável";"Com Vítimas Feridas";"Plena Noite";"Crescente";"Céu Claro";"Múltipla";"Reta";"Não";1;0;1;0;0;0;1;1;-22,40240833;-43,13786279;"SPRF-RJ";"DEL05-RJ";"UOP02-DEL05-RJ"