"id";"data_inversa";"dia_semana";"horario";"uf";"br";"km";"municipio";"causa_acidente";"tipo_acidente";"classificacao_acidente";"fase_dia";"sentido_via";"condicao_metereologica";"tipo_pista";"tracado_via";"uso_solo";"pessoas";"mortos";"feridos_leves";"feridos_graves";"ilesos";"ignorados";"feridos";"veiculos";"latitude";"longitude";"regional";"delegacia";"uop"
403930;2021-12-25;"sábado";"03:10:00";"SC";282;20,4;"PALHOCA";"Ingestão de álcool pelo condutor";"Saída de leito carroçável";"Com Vítimas Feridas";"Plena Noite";"Crescente";"Céu Claro";"Simples";"Reta";"Sim";2;0;0;1;0;1;1;1;-27,683958;-48,71006;"SPRF-SC";"DEL01-SC";"UOP02-DEL01-SC"
403931;2021-12-25;"sábado";"01:30:00";"MS";163;346;"RIO BRILHANTE";"Ingestão de álcool pelo condutor";"Saída de leito carroçável";"Sem Vítimas";"Plena Noite";"Decrescente";"Céu Claro";"Simples";"Reta";"Não";1;0;0;0;1;0;0;1;-21,62576197;-54,43038093;"SPRF-MS";"DEL02-MS";"UOP01-DEL02-MS"
403932;2021-12-25;"sábado";"04:00:00";"RO";364;339,8;"JI-PARANA";"Transitar na contramão";"Colisão frontal";"Com Vítimas Feridas";"Plena Noite";"Crescente";"Céu Claro";"Múltipla";"Reta";"Sim";4;0;2;0;1;1;2;3;-10,902637;-61,930375;"SPRF-RO";"DEL02-RO";"UOP01-DEL02-RO"
403933;2021-12-25;"sábado";"05:25:00";"RJ";101;333;"RIO DE JANEIRO";"Ausência de reação do condutor";"Colisão com objeto";"Com Vítimas Feridas";"Amanhecer";"Crescente";"Céu Claro";"Simples";"Curva";"Não";1;0;0;1;0;0;1;1;-22,87827816;-43,21053578;"SPRF-RJ";"DEL02-RJ";"UOP02-DEL02-RJ"
403934;2021-12-25;"sábado";"03:00:00";"MS";158;296;"TRES LAGOAS";"Velocidade Incompatível";"Colisão com objeto";"Sem Vítimas";"Plena Noite";"Crescente";"Céu Claro";"Dupla";"Curva";"Não";1;0;0;0;0;1;0;1;-20,93165411;-51,81939198;"SPRF-MS";"DEL07-MS";"UOP01-DEL07-MS"
403935;2021-12-25;"sábado";"04:50:00";"PR";376;265,4;"MARILANDIA DO SUL";"Transitar na contramão";"Colisão frontal";"Com Vítimas Fatais";"Amanhecer";"Crescente";"Céu Claro";"Dupla";"Aclive;Curva";"Não";8;1;1;0;6;0;1;3;-23,7158894;-51,3167749;"SPRF-PR";"DEL07-PR";"UOP02-DEL07-PR"
403936;2021-12-25;"sábado";"05:30:00";"SP";153;34,5;"NOVA GRANADA";"Demais falhas mecânicas ou elétricas";"Incêndio";"Sem Vítimas";"Amanhecer";"Crescente";"Céu Claro";"Simples";"Reta";"Não";1;0;0;0;0;1;0;1;-20,57168502;-49,31773682;"SPRF-SP";"DEL09-SP";"UOP01-DEL09-SP"
403937;2021-12-25;"sábado";"00:40:00";"MG";381;496;"BETIM";"Velocidade Incompatível";"Colisão com objeto";"Sem Vítimas";"Plena Noite";"Crescente";"Céu Claro";"Dupla";"Reta";"Não";1;0;0;0;0;1;0;1;-19,99676497;-44,20958506;"SPRF-MG";"DEL01-MG";"UOP03-DEL01-MG"
403938;2021-12-25;"sábado";"04:10:00";"SC";282;190;"LAGES";"Ingestão de álcool pelo condutor";"Colisão frontal";"Com Vítimas Feridas";"Plena Noite";"Crescente";"Céu Claro";"Simples";"Curva;Declive";"Não";2;0;1;0;1;0;1;2;-27,73763052;-50,02212524;"SPRF-SC";"DEL05-SC";"UOP01-DEL05-SC"
403939;2021-12-25;"sábado";"05:30:00";"RS";116;262;"CANOAS";"Ausência de reação do condutor";"Colisão traseira";"Com Vítimas Feridas";"Pleno dia";"Decrescente";"Céu Claro";"Dupla";"Curva";"Sim";2;0;1;0;1;0;1;2;-29,896475;-51,17593;"SPRF-RS";"DEL01-RS";"UOP01-DEL01-RS"
403940;2021-12-25;"sábado";"00:20:00";"PI";407;422;"PICOS";"Animais na Pista";"Atropelamento de Animal";"Sem Vítimas";"Plena Noite";"Decrescente";"Nublado";"Simples";"Reta";"Sim";1;0;0;0;0;1;0;1;-7,07751993;-41,44205198;"SPRF-PI";"DEL04-PI";"UOP01-DEL04-PI"
403941;2021-12-25;"sábado";"05:30:00";"RS";392;7,6;"RIO GRANDE";"Ingestão de álcool pelo condutor";"Saída de leito carroçável";"Sem Vítimas";"Amanhecer";"Decrescente";"Céu Claro";"Simples";"Reta";"Não";1;0;0;0;0;1;0;1;-32,093615;-52,108877;"SPRF-RS";"DEL07-RS";"UOP02-DEL07-RS"
403942;2021-12-25;"sábado";"06:30:00";"CE";222;5;"CAUCAIA";"Ausência de reação do condutor";"Colisão traseira";"Sem Vítimas";"Pleno dia";"Decrescente";"Sol";"Múltipla";"Reta";"Sim";3;0;0;0;2;1;0;3;-3,74296918;-38,61330997;"SPRF-CE";"DEL01-CE";"UOP01-DEL01-CE"
403943;2021-12-25;"sábado";"03:25:00";"MT";364;448;"VARZEA GRANDE";"Chuva";"Saída de leito carroçável";"Com Vítimas Feridas";"Amanhecer";"Decrescente";"Chuva";"Simples";"Curva";"Não";1;0;1;0;0;0;1;1;-15,54295159;-56,27523422;"SPRF-MT";"DEL01-MT";"UOP02-DEL01-MT"
403944;2021-12-25;"sábado";"05:50:00";"CE";116;4;"FORTALEZA";"Ausência de reação do condutor";"Colisão lateral mesmo sentido";"Sem Vítimas";"Pleno dia";"Crescente";"Céu Claro";"Dupla";"Reta";"Sim";2;0;0;0;2;0;0;2;-3,7867209;-38,5114568;"SPRF-CE";"DEL01-CE";"UOP02-DEL01-CE"
403945;2021-12-25;"sábado";"06:50:00";"GO";60;93;"ANAPOLIS";"Ingestão de álcool pelo condutor";"Queda de ocupante de veículo";"Com Vítimas Feridas";"Pleno dia";"Crescente";"Céu Claro";"Simples";"Interseção de Vias";"Sim";1;0;0;1;0;0;1;1;-16,35327089;-48,92385721;"SPRF-GO";"DEL02-GO";"UOP01-DEL02-GO"
403946;2021-12-25;"sábado";"04:20:00";"MS";163;278;"DOURADOS";"Ingestão de álcool pelo condutor";"Colisão com objeto";"Sem Vítimas";"Amanhecer";"Decrescente";"Céu Claro";"Dupla";"Rotatória";"Sim";1;0;0;0;0;1;0;1;-22,14945463;-54,6341663;"SPRF-MS";"DEL04-MS";"UOP01-DEL04-MS"
403947;2021-12-25;"sábado";"07:00:00";"RS";290;43,5;"GLORINHA";"Ausência de reação do condutor";"Saída de leito carroçável";"Com Vítimas Feridas";"Pleno dia";"Decrescente";"Céu Claro";"Dupla";"Reta";"Não";3;0;2;1;0;0;3;1;-29,889887;-50,699654;"SPRF-RS";"DEL03-RS";"UOP01-DEL03-RS"
403949;2021-12-25;"sábado";"07:50:00";"SC";101;203;"SAO JOSE";"Demais falhas mecânicas ou elétricas";"Queda de ocupante de veículo";"Com Vítimas Feridas";"Pleno dia";"Crescente";"Sol";"Dupla";"Reta";"Não";2;0;2;0;0;0;2;1;-27,5650044;-48,61460082;"SPRF-SC";"DEL01-SC";"UOP01-DEL01-SC"
403950;2021-12-25;"sábado";"07:20:00";"CE";222;58,4;"SAO GONCALO DO AMARANTE";"Acessar a via sem observar a presença dos outros veículos";"Colisão transversal";"Com Vítimas Fatais";"Pleno dia";"Crescente";"Céu Claro";"Simples";"Reta";"Não";6;1;2;1;0;2;3;3;-3,67025018;-39,06296199;"SPRF-CE";"DEL01-CE";"UOP03-DEL01-CE"
403951;2021-12-25;"sábado";"06:00:00";"RJ";356;110,9;"CARDOSO MOREIRA";"Reação tardia ou ineficiente do condutor";"Saída de leito carroçável";"Com Vítimas Feridas";"Pleno dia";"Crescente";"Céu Claro";"Simples";"Curva";"Não";5;0;3;0;2;0;3;1;-21,56351352;-41,44933216;"SPRF-RJ";"DEL08-RJ";"UOP03-DEL08-RJ"
403952;2021-12-25;"sábado";"08:30:00";"GO";60;63;"ABADIANIA";"Demais falhas mecânicas ou elétricas";"Queda de ocupante de veículo";"Com Vítimas Feridas";"Pleno dia";"Crescente";"Céu Claro";"Dupla";"Reta";"Não";2;0;1;0;1;0;1;1;-16,1936;-48,7279;"SPRF-GO";"DEL02-GO";"UOP01-DEL02-GO"
403953;2021-12-25;"sábado";"07:50:00";"PE";101;48;"ABREU E LIMA";"Ingestão de álcool pelo condutor";"Colisão traseira";"Com Vítimas Feridas";"Pleno dia";"Crescente";"Céu Claro";"Múltipla";"Reta";"Sim";2;0;1;0;1;0;1;2;-7,89174705;-34,9033493;"SPRF-PE";"DEL01-PE";"UOP02-DEL01-PE"
403954;2021-12-25;"sábado";"07:10:00";"MG";262;141;"RIO CASCA";"Velocidade Incompatível";"Saída de leito carroçável";"Com Vítimas Feridas";"Pleno dia";"Decrescente";"Nublado";"Simples";"Declive;Reta";"Não";1;0;1;0;0;0;1;1;-20,06617491;-42,71832256;"SPRF-MG";"DEL03-MG";"UOP03-DEL03-MG"
403955;2021-12-25;"sábado";"08:10:00";"RS";116;412,9;"CAMAQUA";"Ingestão de álcool pelo condutor";"Saída de leito carroçável";"Com Vítimas Feridas";"Pleno dia";"Crescente";"Céu Claro";"Simples";"Reta";"Não";1;0;1;0;0;0;1;1;-30,92659213;-51,90929593;"SPRF-RS";"DEL02-RS";"UOP02-DEL02-RS"
403956;2021-12-25;"sábado";"07:40:00";"CE";222;7,5;"CAUCAIA";"Condutor Dormindo";"Saída de leito carroçável";"Com Vítimas Fatais";"Pleno dia";"Crescente";"Nublado";"Dupla";"Reta";"Sim";4;1;0;0;0;3;0;2;-3,75173;-38,63459;"SPRF-CE";"DEL01-CE";"UOP01-DEL01-CE"
403957;2021-12-25;"sábado";"08:20:00";"PB";101;89,8;"JOAO PESSOA";"Reação tardia ou ineficiente do condutor";"Saída de leito carroçável";"Com Vítimas Feridas";"Pleno dia";"Crescente";"Céu Claro";"Múltipla";"Retorno Regulamentado";"Sim";1;0;1;0;0;0;1;1;-7,1710694;-34,89765372;"SPRF-PB";"DEL01-PB";"UOP02-DEL01-PB"
403958;2021-12-25;"sábado";"07:30:00";"RS";153;394,3;"CACHOEIRA DO SUL";"Avarias e/ou desgaste excessivo no pneu";"Saída de leito carroçável";"Com Vítimas Fatais";"Pleno dia";"Decrescente";"Sol";"Simples";"Reta";"Não";1;1;0;0;0;0;0;1;-29,920791;-52,972126;"SPRF-RS";"DEL02-RS";"UOP03-DEL02-RS"
403959;2021-12-25;"sábado";"08:35:00";"SC";101;196,5;"BIGUACU";"Velocidade Incompatível";"Colisão lateral mesmo sentido";"Com Vítimas Feridas";"Pleno dia";"Decrescente";"Céu Claro";"Múltipla";"Reta";"Sim";2;0;0;1;1;0;1;2;-27,51101091;-48,64322292;"SPRF-SC";"DEL01-SC";"UOP01-DEL01-SC"
403960;2021-12-25;"sábado";"08:00:00";"PR";476;141;"CURITIBA";"Ausência de reação do condutor";"Colisão frontal";"Com Vítimas Feridas";"Pleno dia";"Crescente";"Céu Claro";"Dupla";"Reta";"Sim";5;0;2;0;3;0;2;2;-25,53328821;-49,30062016;"SPRF-PR";"DEL01-PR";"UOP03-DEL01-PR"
403962;2021-12-25;"sábado";"05:15:00";"MT";70;276;"PRIMAVERA DO LESTE";"Ingestão de álcool pelo condutor";"Saída de leito carroçável";"Com Vítimas Feridas";"Amanhecer";"Crescente";"Nublado";"Simples";"Reta";"Não";4;0;4;0;0;0;4;1;-15,55357814;-54,26204493;"SPRF-MT";"DEL05-MT";"UOP01-DEL05-MT"
403963;2021-12-25;"sábado";"09:20:00";"RS";386;350,3;"LAJEADO";"Velocidade Incompatível";"Saída de leito carroçável";"Sem Vítimas";"Pleno dia";"Decrescente";"Céu Claro";"Dupla";"Reta";"Sim";1;0;0;0;0;1;0;1;-29,4743;-51,952923;"SPRF-RS";"DEL04-RS";"UOP02-DEL04-RS"
403964;2021-12-25;"sábado";"09:18:00";"SP";116;164;"JACAREI";"Avarias e/ou desgaste excessivo no pneu";"Tombamento";"Com Vítimas Feridas";"Pleno dia";"Crescente";"Céu Claro";"Dupla";"Reta";"Não";2;0;2;0;0;0;2;1;-23,29060434;-45,99394513;"SPRF-SP";"DEL02-SP";"UOP01-DEL02-SP"
403965;2021-12-25;"sábado";"08:15:00";"PR";277;26,2;"MORRETES";"Condutor Dormindo";"Colisão traseira";"Sem Vítimas";"Pleno dia";"Crescente";"Céu Claro";"Dupla";"Reta";"Não";2;0;0;0;2;0;0;2;-25,53270001;-48,716296;"SPRF-PR";"DEL01-PR";"UOP05-DEL01-PR"
403966;2021-12-25;"sábado";"09:34:00";"SP";381;79;"SAO PAULO";"Condutor Dormindo";"Colisão com objeto";"Com Vítimas Feridas";"Pleno dia";"Decrescente";"Céu Claro";"Dupla";"Curva;Declive";"Sim";2;0;1;0;1;0;1;1;-23,41237156;-46,58154309;"SPRF-SP";"DEL03-SP";"UOP01-DEL03-SP"
403967;2021-12-25;"sábado";"03:00:00";"RS";471;680;"CHUI";"Pedestre andava na pista";"Atropelamento de Pedestre";"Com Vítimas Fatais";"Plena Noite";"Crescente";"Céu Claro";"Simples";"Reta";"Não";2;1;0;0;0;1;0;2;-33,689819;-53,455074;"SPRF-RS";"DEL07-RS";"UOP04-DEL07-RS"
403968;2021-12-24;"sexta-feira";"21:10:00";"RS";448;3,8;"ESTEIO";"Animais na Pista";"Colisão com objeto";"Sem Vítimas";"Plena Noite";"Crescente";"Céu Claro";"Dupla";"Reta";"Não";1;0;0;0;1;0;0;1;-29,846483;-51,206802;"SPRF-RS";"DEL01-RS";"UOP02-DEL01-RS"
403969;2021-12-25;"sábado";"09:20:00";"PR";376;70,1;"GUAIRACA";"Velocidade Incompatível";"Saída de leito carroçável";"Com Vítimas Feridas";"Pleno dia";"Decrescente";"Céu Claro";"Simples";"Curva";"Não";4;0;3;0;0;1;3;2;-22,93638517;-52,73905105;"SPRF-PR";"DEL09-PR";"UOP02-DEL09-PR"
403971;2021-12-25;"sábado";"10:45:00";"SC";101;136,3;"BALNEARIO CAMBORIU";"Ingestão de álcool pelo condutor";"Colisão com objeto";"Com Vítimas Feridas";"Pleno dia";"Decrescente";"Céu Claro";"Múltipla";"Reta";"Sim";2;0;1;0;1;0;1;2;-27,008113;-48,617245;"SPRF-SC";"DEL04-SC";"UOP03-DEL04-SC"
403972;2021-12-25;"sábado";"10:00:00";"RS";153;0,6;"CACHOEIRA DO SUL";"Ultrapassagem Indevida";"Colisão lateral mesmo sentido";"Com Vítimas Feridas";"Pleno dia";"Decrescente";"Sol";"Simples";"Reta";"Não";6;0;4;0;2;0;4;2;-30,03964;-52,894356;"SPRF-RS";"DEL02-RS";"UOP03-DEL02-RS"
403974;2021-12-25;"sábado";"08:50:00";"MS";376;126;"IVINHEMA";"Reação tardia ou ineficiente do condutor";"Saída de leito carroçável";"Com Vítimas Feridas";"Pleno dia";"Decrescente";"Sol";"Simples";"Reta";"Não";2;0;2;0;0;0;2;1;-22,33326642;-53,77063514;"SPRF-MS";"DEL04-MS";"UOP04-DEL04-MS"
403975;2021-12-25;"sábado";"09:08:00";"SC";470;92;"ASCURRA";"Acessar a via sem observar a presença dos outros veículos";"Colisão lateral mesmo sentido";"Com Vítimas Feridas";"Pleno dia";"Decrescente";"Céu Claro";"Simples";"Reta";"Não";3;0;2;1;0;0;3;2;-26,98592;-49,373047;"SPRF-SC";"DEL04-SC";"UOP01-DEL04-SC"
403976;2021-12-25;"sábado";"00:50:00";"SC";101;131;"BALNEARIO CAMBORIU";"Entrada inopinada do pedestre";"Atropelamento de Pedestre";"Com Vítimas Feridas";"Plena Noite";"Crescente";"Nublado";"Dupla";"Reta";"Não";2;0;1;0;0;1;1;2;-26,99064209;-48,66310912;"SPRF-SC";"DEL04-SC";"UOP03-DEL04-SC"
403977;2021-12-25;"sábado";"12:15:00";"SC";280;33,2;"ARAQUARI";"Acessar a via sem observar a presença dos outros veículos";"Colisão transversal";"Com Vítimas Feridas";"Pleno dia";"Crescente";"Céu Claro";"Simples";"Reta";"Não";5;0;4;0;1;0;4;2;-26,42576441;-48,78741376;"SPRF-SC";"DEL03-SC";"UOP03-DEL03-SC"
403978;2021-12-25;"sábado";"12:30:00";"RJ";116;67;"TERESOPOLIS";"Acessar a via sem observar a presença dos outros veículos";"Colisão transversal";"Com Vítimas Feridas";"Pleno dia";"Crescente";"Céu Claro";"Simples";"Reta";"Sim";2;0;1;0;1;0;1;2;-22,316529;-42,937829;"SPRF-RJ";"DEL04-RJ";"UOP01-DEL04-RJ"
403979;2021-12-25;"sábado";"09:45:00";"SC";101;166;"TIJUCAS";"Manobra de mudança de faixa";"Colisão lateral mesmo sentido";"Sem Vítimas";"Pleno dia";"Decrescente";"Céu Claro";"Dupla";"Retorno Regulamentado";"Não";2;0;0;0;1;1;0;2;-27,26147697;-48,63180349;"SPRF-SC";"DEL04-SC";"UOP03-DEL04-SC"
403981;2021-12-25;"sábado";"12:30:00";"RJ";116;195;"QUEIMADOS";"Demais falhas mecânicas ou elétricas";"Capotamento";"Sem Vítimas";"Pleno dia";"Crescente";"Sol";"Dupla";"Reta";"Não";2;0;0;0;2;0;0;1;-22,73573614;-43,54749701;"SPRF-RJ";"DEL01-RJ";"UOP02-DEL01-RJ"
403983;2021-12-25;"sábado";"11:40:00";"PA";230;146,8;"MARABA";"Acesso irregular";"Colisão transversal";"Com Vítimas Feridas";"Pleno dia";"Crescente";"Céu Claro";"Simples";"Reta";"Não";2;0;0;1;1;0;1;2;-5,29568718;-49,28257726;"SPRF-PA";"DEL03-PA";"UOP01-DEL03-PA"
403985;2021-12-25;"sábado";"11:20:00";"RJ";101;505;"ANGRA DOS REIS";"Reação tardia ou ineficiente do condutor";"Saída de leito carroçável";"Com Vítimas Feridas";"Pleno dia";"Decrescente";"Nublado";"Simples";"Curva";"Não";1;0;1;0;0;0;1;1;-22,93561595;-44,39617909;"SPRF-RJ";"DEL03-RJ";"UOP02-DEL03-RJ"
403986;2021-12-25;"sábado";"11:15:00";"BA";324;550;"AMELIA RODRIGUES";"Reação tardia ou ineficiente do condutor";"Colisão traseira";"Com Vítimas Feridas";"Pleno dia";"Decrescente";"Chuva";"Múltipla";"Reta";"Não";3;0;1;0;2;0;1;2;-12,43832718;-38,72506515;"SPRF-BA";"DEL01-BA";"UOP03-DEL01-BA"
403987;2021-12-25;"sábado";"13:30:00";"MG";40;665;"CARANDAI";"Acessar a via sem observar a presença dos outros veículos";"Colisão transversal";"Com Vítimas Feridas";"Pleno dia";"Decrescente";"Céu Claro";"Simples";"Reta;Retorno Regulamentado";"Sim";2;0;1;0;1;0;1;2;-20,93778015;-43,81473317;"SPRF-MG";"DEL05-MG";"UOP02-DEL05-MG"
403988;2021-12-25;"sábado";"14:00:00";"MG";50;100;"UBERLANDIA";"Avarias e/ou desgaste excessivo no pneu";"Queda de ocupante de veículo";"Com Vítimas Feridas";"Pleno dia";"Crescente";"Sol";"Dupla";"Reta";"Não";2;0;2;0;0;0;2;1;-19,1360921;-48,17067835;"SPRF-MG";"DEL15-MG";"UOP01-DEL15-MG"
403990;2021-12-25;"sábado";"14:45:00";"PR";277;9;"PARANAGUA";"Velocidade Incompatível";"Colisão com objeto";"Com Vítimas Feridas";"Pleno dia";"Crescente";"Céu Claro";"Dupla";"Declive";"Não";1;0;0;1;0;0;1;1;-25,568198;-48,615292;"SPRF-PR";"DEL01-PR";"UOP05-DEL01-PR"
403992;2021-12-25;"sábado";"14:20:00";"SC";470;18;"ILHOTA";"Condutor deixou de manter distância do veículo da frente";"Colisão traseira";"Com Vítimas Feridas";"Pleno dia";"Crescente";"Céu Claro";"Simples";"Reta";"Não";2;0;0;1;1;0;1;2;-26,855534;-48,808922;"SPRF-SC";"DEL04-SC";"UOP04-DEL04-SC"
403993;2021-12-25;"sábado";"13:20:00";"PA";0;0;"SANTA MARIA DO PARA";"Pista em desnível";"Colisão com objeto";"Com Vítimas Feridas";"Pleno dia";"Não Informado";"Nublado";"Simples";"Reta";"Não";2;0;2;0;0;0;2;1;-1,32929331;-47,54195273;"SPRF-PA";"DEL01-PA";"UOP02-DEL01-PA"
403994;2021-12-25;"sábado";"10:15:00";"RS";293;232;"DOM PEDRITO";"Reação tardia ou ineficiente do condutor";"Saída de leito carroçável";"Com Vítimas Feridas";"Pleno dia";"Decrescente";"Céu Claro";"Simples";"Reta";"Não";1;0;1;0;0;0;1;1;-31,05491469;-54,50304177;"SPRF-RS";"DEL11-RS";"UOP03-DEL11-RS"
403995;2021-12-25;"sábado";"15:10:00";"PE";428;121,3;"LAGOA GRANDE";"Chuva";"Colisão com objeto";"Com Vítimas Feridas";"Pleno dia";"Crescente";"Chuva";"Simples";"Reta";"Não";1;0;1;0;0;0;1;1;-8,93005884;-40,11502506;"SPRF-PE";"DEL06-PE";"UOP03-DEL06-PE"
403996;2021-12-25;"sábado";"14:50:00";"RS";470;240;"BARAO";"Ausência de reação do condutor";"Saída de leito carroçável";"Com Vítimas Feridas";"Pleno dia";"Crescente";"Céu Claro";"Simples";"Curva";"Sim";4;0;4;0;0;0;4;1;-29,3514449;-51,51380192;"SPRF-RS";"DEL06-RS";"UOP01-DEL06-RS"
403997;2021-12-25;"sábado";"15:15:00";"SC";101;138,2;"BALNEARIO CAMBORIU";"Reação tardia ou ineficiente do condutor";"Colisão com objeto";"Com Vítimas Feridas";"Pleno dia";"Crescente";"Céu Claro";"Dupla";"Curva";"Sim";1;0;1;0;0;0;1;1;-27,02397426;-48,60761649;"SPRF-SC";"DEL04-SC";"UOP03-DEL04-SC"
403998;2021-12-25;"sábado";"16:00:00";"ES";101;266;"SERRA";"Ausência de reação do condutor";"Tombamento";"Com Vítimas Feridas";"Pleno dia";"Crescente";"Céu Claro";"Simples";"Reta";"Sim";1;0;1;0;0;0;1;1;-20,190199;-40,26828891;"SPRF-ES";"DEL02-ES";"UOP01-DEL02-ES"
403999;2021-12-25;"sábado";"15:50:00";"SC";280;30;"ARAQUARI";"Velocidade Incompatível";"Colisão traseira";"Com Vítimas Feridas";"Pleno dia";"Decrescente";"Sol";"Simples";"Reta";"Sim";3;0;1;1;1;0;2;2;-26,4141523;-48,76209493;"SPRF-SC";"DEL03-SC";"UOP03-DEL03-SC"
404000;2021-12-25;"sábado";"16:00:00";"PB";230;175,6;"CAMPINA GRANDE";"Reação tardia ou ineficiente do condutor";"Tombamento";"Com Vítimas Feridas";"Pleno dia";"Decrescente";"Nublado";"Simples";"Aclive";"Não";3;0;3;0;0;0;3;1;-7,1775;-36,0247;"SPRF-PB";"DEL02-PB";"UOP02-DEL02-PB"
404001;2021-12-25;"sábado";"16:00:00";"MG";262;42,6;"MANHUACU";"Pista esburacada";"Tombamento";"Com Vítimas Feridas";"Pleno dia";"Crescente";"Céu Claro";"Simples";"Reta";"Não";1;0;0;1;0;0;1;1;-20,26976316;-42,06894006;"SPRF-MG";"DEL06-MG";"UOP03-DEL06-MG"
404002;2021-12-25;"sábado";"07:00:00";"MT";70;164;"GENERAL CARNEIRO";"Avarias e/ou desgaste excessivo no pneu";"Saída de leito carroçável";"Com Vítimas Feridas";"Pleno dia";"Decrescente";"Céu Claro";"Simples";"Curva";"Não";3;0;0;3;0;0;3;1;-15,58071996;-53,47894302;"SPRF-MT";"DEL05-MT";"UOP01-DEL05-MT"
404003;2021-12-25;"sábado";"16:20:00";"MG";381;431;"SABARA";"Velocidade Incompatível";"Saída de leito carroçável";"Com Vítimas Feridas";"Pleno dia";"Crescente";"Céu Claro";"Dupla";"Curva";"Sim";1;0;0;1;0;0;1;1;-19,78854826;-43,69815304;"SPRF-MG";"DEL01-MG";"UOP01-DEL01-MG"
404004;2021-12-25;"sábado";"15:50:00";"SC";101;290;"IMBITUBA";"Entrada inopinada do pedestre";"Atropelamento de Pedestre";"Com Vítimas Feridas";"Pleno dia";"Crescente";"Sol";"Dupla";"Aclive";"Sim";2;0;0;1;1;0;1;2;-28,26202477;-48,70403355;"SPRF-SC";"DEL02-SC";"UOP03-DEL02-SC"
404005;2021-12-25;"sábado";"17:00:00";"RS";293;61;"PIRATINI";"Ultrapassagem Indevida";"Colisão lateral mesmo sentido";"Com Vítimas Feridas";"Pleno dia";"Decrescente";"Céu Claro";"Simples";"Reta";"Não";10;0;6;4;0;0;10;2;-31,70229054;-52,93440419;"SPRF-RS";"DEL07-RS";"UOP01-DEL07-RS"
404006;2021-12-25;"sábado";"16:50:00";"GO";40;10,9;"LUZIANIA";"Manobra de mudança de faixa";"Saída de leito carroçável";"Sem Vítimas";"Pleno dia";"Crescente";"Céu Claro";"Dupla";"Reta";"Sim";1;0;0;0;1;0;0;1;-16,131285;-47,957923;"SPRF-DF";"DEL01-DF";"UOP01-DEL01-DF"
404008;2021-12-25;"sábado";"17:40:00";"PR";277;605;"SANTA TEREZA DO OESTE";"Ultrapassagem Indevida";"Colisão lateral sentido oposto";"Com Vítimas Feridas";"Pleno dia";"Decrescente";"Céu Claro";"Simples";"Reta";"Não";8;0;7;1;0;0;8;2;-25,02995138;-53,57946397;"SPRF-PR";"DEL05-PR";"UOP02-DEL05-PR"
404009;2021-12-25;"sábado";"16:50:00";"MG";381;730,2;"CARMO DA CACHOEIRA";"Demais falhas mecânicas ou elétricas";"Saída de leito carroçável";"Com Vítimas Feridas";"Pleno dia";"Crescente";"Céu Claro";"Dupla";"Reta";"Não";3;0;3;0;0;0;3;1;-21,504029;-45,215223;"SPRF-MG";"DEL16-MG";"UOP02-DEL16-MG"
404011;2021-12-25;"sábado";"17:45:00";"SC";280;53;"GUARAMIRIM";"Acessar a via sem observar a presença dos outros veículos";"Atropelamento de Pedestre";"Com Vítimas Feridas";"Pleno dia";"Crescente";"Céu Claro";"Dupla";"Reta";"Sim";3;0;0;1;1;1;1;2;-26,47236756;-48,97426617;"SPRF-SC";"DEL03-SC";"UOP03-DEL03-SC"
404013;2021-12-24;"sexta-feira";"22:00:00";"PR";277;190;"PALMEIRA";"Ingestão de álcool pelo condutor";"Saída de leito carroçável";"Com Vítimas Feridas";"Plena Noite";"Decrescente";"Ignorado";"Simples";"Reta";"Não";1;0;1;0;0;0;1;1;-25,449;-50,193;"SPRF-PR";"DEL03-PR";"UOP03-DEL03-PR"
404015;2021-12-25;"sábado";"16:30:00";"RJ";356;187;"SAO JOAO DA BARRA";"Velocidade Incompatível";"Saída de leito carroçável";"Com Vítimas Fatais";"Pleno dia";"Decrescente";"Céu Claro";"Simples";"Reta";"Não";1;1;0;0;0;0;0;1;-21,63955824;-41,04732513;"SPRF-RJ";"DEL08-RJ";"UOP02-DEL08-RJ"
404016;2021-12-25;"sábado";"18:30:00";"RJ";116;83;"TERESOPOLIS";"Pedestre cruzava a pista fora da faixa";"Atropelamento de Pedestre";"Com Vítimas Feridas";"Anoitecer";"Crescente";"Céu Claro";"Simples";"Curva";"Sim";2;0;0;1;0;1;1;2;-22,41517488;-42,95011324;"SPRF-RJ";"DEL04-RJ";"UOP01-DEL04-RJ"
404017;2021-12-25;"sábado";"18:20:00";"RS";116;490;"PELOTAS";"Condutor Dormindo";"Saída de leito carroçável";"Com Vítimas Feridas";"Anoitecer";"Crescente";"Céu Claro";"Dupla";"Reta";"Não";2;0;0;2;0;0;2;1;-31,46858183;-52,21242355;"SPRF-RS";"DEL07-RS";"UOP01-DEL07-RS"
404019;2021-12-25;"sábado";"04:30:00";"BA";101;424;"IBIRAPITANGA";"Reação tardia ou ineficiente do condutor";"Colisão frontal";"Com Vítimas Fatais";"Amanhecer";"Decrescente";"Chuva";"Simples";"Reta";"Não";4;1;3;0;0;0;3;2;-14,149112;-39,347685;"SPRF-BA";"DEL05-BA";"UOP03-DEL05-BA"
404020;2021-12-25;"sábado";"15:30:00";"RS";287;262,9;"SANTA MARIA";"Demais falhas mecânicas ou elétricas";"Tombamento";"Com Vítimas Feridas";"Pleno dia";"Crescente";"Sol";"Simples";"Reta";"Não";2;0;2;0;0;0;2;1;-29,67311425;-53,99158702;"SPRF-RS";"DEL09-RS";"UOP01-DEL09-RS"