"id";"data_inversa";"dia_semana";"horario";"uf";"br";"km";"municipio";"causa_acidente";"tipo_acidente";"classificacao_acidente";"fase_dia";"sentido_via";"condicao_metereologica";"tipo_pista";"tracado_via";"uso_solo";"pessoas";"mortos";"feridos_leves";"feridos_graves";"ilesos";"ignorados";"feridos";"veiculos";"latitude";"longitude";"regional";"delegacia";"uop"
404115;2021-12-26;"domingo";"12:20:00";"AL";104;90,4;"RIO LARGO";"Chuva";"Saída de leito carroçável";"Sem Vítimas";"Pleno dia";"Decrescente";"Chuva";"Dupla";"Reta";"Não";2;0;0;0;2;0;0;1;-9,50059087;-35,81127569;"SPRF-AL";"DEL01-AL";"UOP01-DEL01-AL"
404116;2021-12-26;"domingo";"11:00:00";"GO";364;203,5;"JATAI";"Reação tardia ou ineficiente do condutor";"Saída de leito carroçável";"Com Vítimas Feridas";"Pleno dia";"Crescente";"Céu Claro";"Simples";"Reta;Declive";"Não";1;0;1;0;0;0;1;1;-17,909494;-51,782795;"SPRF-GO";"DEL05-GO";"UOP01-DEL05-GO"
404117;2021-12-26;"domingo";"11:40:00";"PA";10;25;"DOM ELISEU";"Afundamento ou ondulação no pavimento";"Tombamento";"Com Vítimas Feridas";"Pleno dia";"Decrescente";"Nublado";"Simples";"Declive";"Não";1;0;0;1;0;0;1;1;-4,23294798;-47,55242904;"SPRF-PA";"DEL02-PA";"UOP02-DEL02-PA"
404118;2021-12-26;"domingo";"12:50:00";"PE";232;51,5;"VITORIA DE SANTO ANTAO";"Acumulo de água sobre o pavimento";"Colisão traseira";"Com Vítimas Feridas";"Pleno dia";"Decrescente";"Chuva";"Dupla";"Reta";"Não";2;0;0;1;1;0;1;2;-8,13823439;-35,33196918;"SPRF-PE";"DEL01-PE";"UOP01-DEL01-PE"
404122;2021-12-26;"domingo";"13:20:00";"RS";287;327;"SANTA MARIA";"Ingestão de álcool pelo condutor";"Saída de leito carroçável";"Sem Vítimas";"Pleno dia";"Decrescente";"Céu Claro";"Simples";"Reta";"Sim";1;0;0;0;0;1;0;1;-29,70841979;-53,82550132;"SPRF-RS";"DEL09-RS";"UOP01-DEL09-RS"
404123;2021-12-26;"domingo";"13:00:00";"MG";459;66,7;"IPUIUNA";"Chuva";"Colisão frontal";"Com Vítimas Feridas";"Pleno dia";"Crescente";"Chuva";"Simples";"Curva";"Não";3;0;2;1;0;0;3;2;-22,133119;-46,173303;"SPRF-MG";"DEL09-MG";"UOP01-DEL09-MG"
404124;2021-12-26;"domingo";"13:00:00";"SC";101;192;"BIGUACU";"Condutor deixou de manter distância do veículo da frente";"Colisão traseira";"Sem Vítimas";"Pleno dia";"Decrescente";"Céu Claro";"Múltipla";"Reta";"Sim";3;0;0;0;3;0;0;3;-27,48443781;-48,64765238;"SPRF-SC";"DEL01-SC";"UOP01-DEL01-SC"
404125;2021-12-26;"domingo";"12:25:00";"MG";381;420,4;"CAETE";"Velocidade Incompatível";"Saída de leito carroçável";"Sem Vítimas";"Pleno dia";"Crescente";"Céu Claro";"Múltipla";"Aclive;Curva";"Não";1;0;0;0;1;0;0;1;-19,77712975;-43,65501412;"SPRF-MG";"DEL01-MG";"UOP01-DEL01-MG"
404127;2021-12-26;"domingo";"14:00:00";"MG";40;771,5;"JUIZ DE FORA";"Condutor deixou de manter distância do veículo da frente";"Colisão traseira";"Sem Vítimas";"Pleno dia";"Decrescente";"Céu Claro";"Simples";"Reta";"Não";2;0;0;0;2;0;0;2;-21,63474759;-43,44178677;"SPRF-MG";"DEL05-MG";"UOP01-DEL05-MG"
404128;2021-12-26;"domingo";"13:40:00";"RS";116;253;"SAPUCAIA DO SUL";"Condutor desrespeitou a iluminação vermelha do semáforo";"Colisão transversal";"Com Vítimas Feridas";"Pleno dia";"Crescente";"Céu Claro";"Dupla";"Interseção de Vias";"Sim";4;0;1;0;3;0;1;2;-29,81784209;-51,16996166;"SPRF-RS";"DEL01-RS";"UOP02-DEL01-RS"
404129;2021-12-26;"domingo";"11:00:00";"SC";101;326;"PESCARIA BRAVA";"Ausência de reação do condutor";"Colisão traseira";"Com Vítimas Feridas";"Pleno dia";"Decrescente";"Céu Claro";"Dupla";"Aclive";"Não";3;0;1;0;2;0;1;3;-28,42524483;-48,94302707;"SPRF-SC";"DEL02-SC";"UOP01-DEL02-SC"
404130;2021-12-26;"domingo";"10:30:00";"SC";101;342,4;"TUBARAO";"Reação tardia ou ineficiente do condutor";"Capotamento";"Com Vítimas Feridas";"Pleno dia";"Crescente";"Céu Claro";"Múltipla";"Reta";"Sim";3;0;3;0;0;0;3;1;-28,53917751;-49,05309677;"SPRF-SC";"DEL02-SC";"UOP01-DEL02-SC"
404131;2021-12-26;"domingo";"09:40:00";"SC";282;41;"AGUAS MORNAS";"Desrespeitar a preferência no cruzamento";"Colisão transversal";"Com Vítimas Fatais";"Pleno dia";"Decrescente";"Céu Claro";"Simples";"Reta";"Sim";3;1;0;0;2;0;0;2;-27,717094;-48,8809425;"SPRF-SC";"DEL01-SC";"UOP03-DEL01-SC"
404134;2021-12-26;"domingo";"13:30:00";"PI";316;86;"OLHO DAGUA DO PIAUI";"Acessar a via sem observar a presença dos outros veículos";"Colisão transversal";"Com Vítimas Fatais";"Pleno dia";"Decrescente";"Céu Claro";"Simples";"Reta";"Sim";4;1;2;0;1;0;2;2;-5,77629916;-42,58552016;"SPRF-PI";"DEL04-PI";"UOP02-DEL04-PI"
404135;2021-12-26;"domingo";"12:40:00";"PR";153;224,5;"IRATI";"Demais falhas mecânicas ou elétricas";"Incêndio";"Sem Vítimas";"Pleno dia";"Crescente";"Céu Claro";"Simples";"Reta";"Não";4;0;0;0;4;0;0;1;-25,39901052;-50,61238289;"SPRF-PR";"DEL03-PR";"UOP02-DEL03-PR"
404136;2021-12-26;"domingo";"13:00:00";"MG";262;460;"NOVA SERRANA";"Ingestão de álcool pelo condutor";"Saída de leito carroçável";"Sem Vítimas";"Pleno dia";"Decrescente";"Céu Claro";"Simples";"Reta";"Não";3;0;0;0;1;2;0;2;-19,82719122;-45,07371312;"SPRF-MG";"DEL08-MG";"UOP03-DEL08-MG"
404138;2021-12-26;"domingo";"14:00:00";"SC";101;192,7;"BIGUACU";"Velocidade Incompatível";"Engavetamento";"Com Vítimas Feridas";"Pleno dia";"Decrescente";"Céu Claro";"Múltipla";"Reta";"Sim";4;0;0;1;3;0;1;3;-27,48443781;-48,64765238;"SPRF-SC";"DEL01-SC";"UOP01-DEL01-SC"
404139;2021-12-26;"domingo";"12:20:00";"TO";153;490;"PARAISO DO TOCANTINS";"Ausência de reação do condutor";"Colisão traseira";"Sem Vítimas";"Pleno dia";"Crescente";"Garoa/Chuvisco";"Simples";"Reta";"Não";8;0;0;0;8;0;0;3;-10,12486384;-48,88412526;"SPRF-TO";"DEL01-TO";"UOP01-DEL01-TO"
404140;2021-12-26;"domingo";"12:10:00";"RJ";116;125;"MAGE";"Acessar a via sem observar a presença dos outros veículos";"Colisão lateral mesmo sentido";"Com Vítimas Feridas";"Pleno dia";"Crescente";"Céu Claro";"Dupla";"Reta";"Não";4;0;1;0;3;0;1;2;-22,65156898;-43,07769901;"SPRF-RJ";"DEL04-RJ";"UOP02-DEL04-RJ"
404141;2021-12-26;"domingo";"08:30:00";"MS";262;368;"CAMPO GRANDE";"Acessar a via sem observar a presença dos outros veículos";"Colisão transversal";"Com Vítimas Feridas";"Pleno dia";"Crescente";"Céu Claro";"Dupla";"Reta";"Sim";2;0;0;1;1;0;1;2;-20,47852447;-54,76010297;"SPRF-MS";"DEL01-MS";"UOP03-DEL01-MS"
404144;2021-12-26;"domingo";"12:15:00";"SC";282;135;"BOM RETIRO";"Reação tardia ou ineficiente do condutor";"Colisão transversal";"Com Vítimas Feridas";"Pleno dia";"Decrescente";"Céu Claro";"Simples";"Curva";"Não";3;0;1;0;2;0;1;2;-27,81822;-49,548347;"SPRF-SC";"DEL05-SC";"UOP01-DEL05-SC"
404145;2021-12-26;"domingo";"15:09:00";"SP";381;33,8;"ATIBAIA";"Ausência de reação do condutor";"Colisão com objeto";"Sem Vítimas";"Pleno dia";"Crescente";"Céu Claro";"Dupla";"Curva";"Sim";1;0;0;0;0;1;0;1;-23,0728028;-46,56673562;"SPRF-SP";"DEL03-SP";"UOP01-DEL03-SP"
404146;2021-12-26;"domingo";"15:05:00";"PE";232;260,5;"ARCOVERDE";"Ausência de reação do condutor";"Saída de leito carroçável";"Com Vítimas Feridas";"Pleno dia";"Decrescente";"Nublado";"Simples";"Reta";"Não";2;0;0;2;0;0;2;1;-8,40717481;-37,12911505;"SPRF-PE";"DEL03-PE";"UOP02-DEL03-PE"
404147;2021-12-26;"domingo";"15:20:00";"RJ";393;239,5;"VASSOURAS";"Avarias e/ou desgaste excessivo no pneu";"Colisão frontal";"Com Vítimas Feridas";"Pleno dia";"Crescente";"Chuva";"Simples";"Reta";"Não";5;0;3;0;2;0;3;2;-22,40800571;-43,67023264;"SPRF-RJ";"DEL05-RJ";"UOP04-DEL05-RJ"
404148;2021-12-26;"domingo";"15:45:00";"SC";101;125;"ITAJAI";"Condutor deixou de manter distância do veículo da frente";"Colisão traseira";"Com Vítimas Feridas";"Pleno dia";"Crescente";"Céu Claro";"Dupla";"Reta";"Não";2;0;1;0;1;0;1;2;-26,94802427;-48,68338515;"SPRF-SC";"DEL04-SC";"UOP04-DEL04-SC"
404150;2021-12-26;"domingo";"15:50:00";"DF";70;11;"BRASILIA";"Acessar a via sem observar a presença dos outros veículos";"Colisão traseira";"Com Vítimas Feridas";"Pleno dia";"Decrescente";"Céu Claro";"Dupla";"Reta";"Não";2;0;1;0;1;0;1;2;-15,78912904;-48,14769122;"SPRF-DF";"DEL03-DF";"UOP02-DEL03-DF"
404151;2021-12-26;"domingo";"15:00:00";"PE";101;130;"ESCADA";"Acessar a via sem observar a presença dos outros veículos";"Atropelamento de Pedestre";"Com Vítimas Feridas";"Pleno dia";"Decrescente";"Chuva";"Dupla";"Reta";"Sim";2;0;0;1;1;0;1;2;-8,392345;-35,257055;"SPRF-PE";"DEL01-PE";"UOP01-DEL01-PE"
404152;2021-12-26;"domingo";"16:05:00";"MG";40;760,2;"JUIZ DE FORA";"Condutor Dormindo";"Colisão frontal";"Com Vítimas Fatais";"Pleno dia";"Decrescente";"Chuva";"Simples";"Declive;Curva";"Não";26;5;1;1;19;0;2;2;-21,56109178;-43,49577427;"SPRF-MG";"DEL05-MG";"UOP01-DEL05-MG"
404154;2021-12-26;"domingo";"14:30:00";"MG";381;164,4;"GOVERNADOR VALADARES";"Velocidade Incompatível";"Colisão traseira";"Com Vítimas Feridas";"Pleno dia";"Decrescente";"Céu Claro";"Simples";"Aclive;Reta";"Não";4;0;1;0;1;2;1;3;-18,94120195;-42,05863304;"SPRF-MG";"DEL06-MG";"UOP01-DEL06-MG"
404155;2021-12-26;"domingo";"16:20:00";"MG";381;357;"JOAO MONLEVADE";"Acessar a via sem observar a presença dos outros veículos";"Colisão frontal";"Com Vítimas Feridas";"Pleno dia";"Crescente";"Céu Claro";"Simples";"Interseção de Vias";"Sim";7;0;2;0;3;2;2;4;-19,85175308;-43,213709;"SPRF-MG";"DEL03-MG";"UOP01-DEL03-MG"
404156;2021-12-26;"domingo";"14:30:00";"SC";101;55,4;"ARAQUARI";"Trafegar com motocicleta (ou similar) entre as faixas";"Colisão lateral mesmo sentido";"Com Vítimas Feridas";"Pleno dia";"Crescente";"Sol";"Dupla";"Reta";"Não";2;0;1;0;1;0;1;2;-26,42280898;-48,82977496;"SPRF-SC";"DEL03-SC";"UOP01-DEL03-SC"
404157;2021-12-26;"domingo";"16:40:00";"PB";101;84;"BAYEUX";"Demais falhas mecânicas ou elétricas";"Queda de ocupante de veículo";"Com Vítimas Feridas";"Pleno dia";"Crescente";"Céu Claro";"Dupla";"Reta";"Sim";2;0;2;0;0;0;2;1;-7,13957906;-34,92312806;"SPRF-PB";"DEL01-PB";"UOP01-DEL01-PB"
404158;2021-12-26;"domingo";"13:50:00";"RR";401;26;"BONFIM";"Reação tardia ou ineficiente do condutor";"Colisão traseira";"Com Vítimas Feridas";"Pleno dia";"Decrescente";"Céu Claro";"Simples";"Reta";"Não";3;0;1;1;1;0;2;2;2,89042243;-60,49659776;"SPRF-RR";"DEL01-RR";"UOP01-DEL01-RR"
404159;2021-12-26;"domingo";"16:05:00";"PB";230;13,3;"CABEDELO";"Acessar a via sem observar a presença dos outros veículos";"Colisão traseira";"Com Vítimas Feridas";"Pleno dia";"Decrescente";"Nublado";"Dupla";"Reta";"Sim";4;0;2;0;0;2;2;3;-7,0772;-34,8494;"SPRF-PB";"DEL01-PB";"UOP01-DEL01-PB"
404160;2021-12-26;"domingo";"16:00:00";"MG";381;500;"BETIM";"Velocidade Incompatível";"Engavetamento";"Com Vítimas Feridas";"Pleno dia";"Decrescente";"Céu Claro";"Dupla";"Reta";"Não";6;0;2;0;4;0;2;4;-20,02513493;-44,23112709;"SPRF-MG";"DEL01-MG";"UOP03-DEL01-MG"
404161;2021-12-26;"domingo";"12:30:00";"MT";70;522;"VARZEA GRANDE";"Transitar na contramão";"Colisão frontal";"Com Vítimas Feridas";"Pleno dia";"Crescente";"Céu Claro";"Simples";"Reta";"Não";2;0;1;1;0;0;2;2;-15,65448446;-56,19123816;"SPRF-MT";"DEL01-MT";"UOP02-DEL01-MT"
404162;2021-12-26;"domingo";"16:30:00";"SC";101;145;"ITAPEMA";"Manobra de mudança de faixa";"Colisão lateral mesmo sentido";"Com Vítimas Feridas";"Pleno dia";"Decrescente";"Céu Claro";"Dupla";"Reta";"Não";3;0;2;0;1;0;2;2;-27,08139206;-48,60130993;"SPRF-SC";"DEL04-SC";"UOP03-DEL04-SC"
404163;2021-12-26;"domingo";"17:10:00";"SC";101;148;"ITAPEMA";"Reação tardia ou ineficiente do condutor";"Engavetamento";"Com Vítimas Feridas";"Pleno dia";"Crescente";"Sol";"Múltipla";"Reta";"Sim";7;0;3;0;3;1;3;5;-27,10123686;-48,61807962;"SPRF-SC";"DEL04-SC";"UOP03-DEL04-SC"
404164;2021-12-26;"domingo";"16:30:00";"SP";116;299;"SAO LOURENCO DA SERRA";"Frear bruscamente";"Colisão traseira";"Sem Vítimas";"Pleno dia";"Decrescente";"Céu Claro";"Dupla";"Aclive";"Sim";3;0;0;0;2;1;0;2;-23,79881101;-46,91523899;"SPRF-SP";"DEL04-SP";"UOP01-DEL04-SP"
404165;2021-12-26;"domingo";"14:10:00";"PR";277;147,9;"BALSA NOVA";"Condutor deixou de manter distância do veículo da frente";"Colisão traseira";"Com Vítimas Feridas";"Pleno dia";"Decrescente";"Céu Claro";"Simples";"Reta;Aclive";"Não";8;0;2;0;6;0;2;2;-25,471586;-49,804595;"SPRF-PR";"DEL01-PR";"UOP03-DEL03-PR"
404168;2021-12-26;"domingo";"15:40:00";"SP";116;197;"ARUJA";"Reação tardia ou ineficiente do condutor";"Colisão com objeto";"Sem Vítimas";"Pleno dia";"Crescente";"Céu Claro";"Dupla";"Reta";"Não";1;0;0;0;1;0;0;1;-23,39721625;-46,29284287;"SPRF-SP";"DEL01-SP";"UOP01-DEL01-SP"
404169;2021-12-26;"domingo";"17:00:00";"SP";153;64,3;"SAO JOSE DO RIO PRETO";"Avarias e/ou desgaste excessivo no pneu";"Tombamento";"Com Vítimas Feridas";"Pleno dia";"Decrescente";"Céu Claro";"Simples";"Curva";"Sim";2;0;2;0;0;0;2;1;-20,83200075;-49,3614006;"SPRF-SP";"DEL09-SP";"UOP01-DEL09-SP"
404170;2021-12-26;"domingo";"17:00:00";"ES";101;9;"PEDRO CANARIO";"Reação tardia ou ineficiente do condutor";"Tombamento";"Com Vítimas Feridas";"Pleno dia";"Decrescente";"Sol";"Simples";"Reta";"Não";1;0;1;0;0;0;1;1;-18,23902299;-39,95409619;"SPRF-ES";"DEL04-ES";"UOP02-DEL04-ES"
404172;2021-12-26;"domingo";"17:00:00";"ES";101;188;"ARACRUZ";"Ingestão de álcool pelo condutor";"Colisão com objeto";"Sem Vítimas";"Pleno dia";"Decrescente";"Céu Claro";"Simples";"Reta";"Sim";1;0;0;0;1;0;0;1;-19,67569037;-40,26368893;"SPRF-ES";"DEL04-ES";"UOP01-DEL04-ES"
404173;2021-12-26;"domingo";"16:30:00";"PR";369;453,4;"UBIRATA";"Ultrapassagem Indevida";"Colisão frontal";"Com Vítimas Fatais";"Pleno dia";"Decrescente";"Nublado";"Simples";"Declive";"Não";6;1;0;4;0;1;4;3;-24,5513;-53,0224;"SPRF-PR";"DEL04-PR";"UOP03-DEL04-PR"
404175;2021-12-26;"domingo";"17:00:00";"ES";101;267,9;"SERRA";"Ingestão de álcool pelo condutor";"Colisão traseira";"Sem Vítimas";"Pleno dia";"Decrescente";"Nublado";"Múltipla";"Reta";"Não";2;0;0;0;2;0;0;2;-20,19930999;-40,26884609;"SPRF-ES";"DEL02-ES";"UOP01-DEL02-ES"
404177;2021-12-26;"domingo";"17:56:00";"PR";277;60,8;"SAO JOSE DOS PINHAIS";"Ingestão de álcool pelo condutor";"Colisão transversal";"Sem Vítimas";"Pleno dia";"Crescente";"Céu Claro";"Dupla";"Reta";"Não";2;0;0;0;2;0;0;2;-25,57289907;-48,99037703;"SPRF-PR";"DEL01-PR";"UOP01-DEL01-PR"
404178;2021-12-26;"domingo";"17:40:00";"PR";369;39;"ANDIRA";"Condutor deixou de manter distância do veículo da frente";"Colisão traseira";"Com Vítimas Feridas";"Pleno dia";"Decrescente";"Céu Claro";"Simples";"Interseção de Vias";"Sim";2;0;1;0;1;0;1;2;-23,054;-50,243;"SPRF-PR";"DEL07-PR";"UOP01-DEL07-PR"
404179;2021-12-26;"domingo";"17:30:00";"MG";381;508;"SAO JOAQUIM DE BICAS";"Ingestão de álcool pelo condutor";"Colisão com objeto";"Com Vítimas Feridas";"Pleno dia";"Decrescente";"Céu Claro";"Dupla";"Reta";"Sim";6;0;1;1;4;0;2;2;-20,06277698;-44,29329002;"SPRF-MG";"DEL01-MG";"UOP03-DEL01-MG"
404183;2021-12-26;"domingo";"17:40:00";"GO";60;109,3;"GOIANAPOLIS";"Acessar a via sem observar a presença dos outros veículos";"Colisão transversal";"Com Vítimas Feridas";"Pleno dia";"Decrescente";"Céu Claro";"Dupla";"Reta";"Não";2;0;1;0;1;0;1;2;-16,4398;-49,0188;"SPRF-GO";"DEL01-GO";"UOP01-DEL01-GO"
404184;2021-12-26;"domingo";"18:28:00";"MG";40;582;"ITABIRITO";"Conversão proibida";"Colisão transversal";"Com Vítimas Feridas";"Anoitecer";"Crescente";"Nublado";"Simples";"Reta";"Não";3;0;2;0;1;0;2;2;-20,31049595;-43,93484962;"SPRF-MG";"DEL01-MG";"UOP02-DEL01-MG"
404185;2021-12-26;"domingo";"17:55:00";"PR";116;38;"CAMPINA GRANDE DO SUL";"Chuva";"Saída de leito carroçável";"Com Vítimas Feridas";"Pleno dia";"Crescente";"Chuva";"Dupla";"Curva";"Não";5;0;1;1;3;0;2;1;-25,14802509;-48,85922071;"SPRF-PR";"DEL01-PR";"UOP02-DEL01-PR"
404188;2021-12-26;"domingo";"17:30:00";"MS";163;258,6;"DOURADOS";"Ingestão de álcool pelo condutor";"Tombamento";"Com Vítimas Feridas";"Pleno dia";"Crescente";"Céu Claro";"Simples";"Curva";"Não";2;0;0;1;0;1;1;2;-22,25685614;-54,77958268;"SPRF-MS";"DEL04-MS";"UOP01-DEL04-MS"
404189;2021-12-26;"domingo";"17:40:00";"RJ";356;11;"ITAPERUNA";"Acessar a via sem observar a presença dos outros veículos";"Colisão transversal";"Com Vítimas Feridas";"Anoitecer";"Crescente";"Nublado";"Simples";"Interseção de Vias;Reta";"Sim";2;0;1;0;1;0;1;2;-21,17029506;-42,08941398;"SPRF-RJ";"DEL08-RJ";"UOP03-DEL08-RJ"
404190;2021-12-26;"domingo";"18:40:00";"SP";116;33,8;"CRUZEIRO";"Ausência de reação do condutor";"Tombamento";"Com Vítimas Feridas";"Anoitecer";"Decrescente";"Céu Claro";"Simples";"Curva";"Não";2;0;2;0;0;0;2;1;-22,64775685;-44,95420606;"SPRF-SP";"DEL08-SP";"UOP02-DEL08-SP"
404191;2021-12-26;"domingo";"17:10:00";"MT";158;588,8;"AGUA BOA";"Demais falhas mecânicas ou elétricas";"Queda de ocupante de veículo";"Com Vítimas Feridas";"Pleno dia";"Crescente";"Nublado";"Simples";"Reta";"Não";2;0;2;0;0;0;2;1;-14,21742682;-52,1851587;"SPRF-MT";"DEL07-MT";"UOP02-DEL07-MT"
404192;2021-12-26;"domingo";"18:20:00";"PR";277;67;"SAO JOSE DOS PINHAIS";"Avarias e/ou desgaste excessivo no pneu";"Saída de leito carroçável";"Sem Vítimas";"Anoitecer";"Crescente";"Céu Claro";"Dupla";"Reta";"Não";4;0;0;0;4;0;0;1;-25,525225;-49,097244;"SPRF-PR";"DEL01-PR";"UOP01-DEL01-PR"
404193;2021-12-26;"domingo";"11:30:00";"RO";364;414;"JARU";"Reação tardia ou ineficiente do condutor";"Colisão com objeto";"Sem Vítimas";"Pleno dia";"Decrescente";"Nublado";"Simples";"Curva";"Não";1;0;0;0;1;0;0;1;-10,50842202;-62,40723618;"SPRF-RO";"DEL03-RO";"UOP02-DEL03-RO"
404195;2021-12-26;"domingo";"16:35:00";"SC";280;113,3;"SAO BENTO DO SUL";"Ausência de reação do condutor";"Capotamento";"Com Vítimas Feridas";"Pleno dia";"Decrescente";"Nublado";"Simples";"Curva";"Não";2;0;1;0;1;0;1;1;-26,29873518;-49,39799743;"SPRF-SC";"DEL06-SC";"UOP03-DEL06-SC"
404196;2021-12-26;"domingo";"18:30:00";"PR";376;408;"TIBAGI";"Velocidade Incompatível";"Colisão com objeto";"Sem Vítimas";"Pleno dia";"Decrescente";"Ignorado";"Dupla";"Curva";"Não";1;0;0;0;1;0;0;1;-24,65258258;-50,61839089;"SPRF-PR";"DEL03-PR";"UOP02-DEL03-PR"
404197;2021-12-26;"domingo";"19:00:00";"RJ";40;115;"DUQUE DE CAXIAS";"Avarias e/ou desgaste excessivo no pneu";"Queda de ocupante de veículo";"Com Vítimas Feridas";"Plena Noite";"Crescente";"Céu Claro";"Múltipla";"Reta";"Não";2;0;1;0;1;0;1;1;-22,72756999;-43,2891609;"SPRF-RJ";"DEL01-RJ";"UOP01-DEL01-RJ"
404198;2021-12-26;"domingo";"17:10:00";"RJ";116;187;"NOVA IGUACU";"Acessar a via sem observar a presença dos outros veículos";"Colisão transversal";"Com Vítimas Feridas";"Pleno dia";"Decrescente";"Céu Claro";"Dupla";"Reta";"Sim";3;0;1;0;2;0;1;2;-22,73883756;-43,47245197;"SPRF-RJ";"DEL01-RJ";"UOP02-DEL01-RJ"
404199;2021-12-26;"domingo";"19:00:00";"MG";381;570,5;"ITAGUARA";"Velocidade Incompatível";"Saída de leito carroçável";"Com Vítimas Feridas";"Plena Noite";"Crescente";"Céu Claro";"Dupla";"Reta";"Não";1;0;0;1;0;0;1;1;-20,43702178;-44,55965749;"SPRF-MG";"DEL04-MG";"UOP03-DEL04-MG"
404200;2021-12-26;"domingo";"19:50:00";"PR";376;499,9;"PONTA GROSSA";"Transitar na contramão";"Colisão frontal";"Com Vítimas Feridas";"Plena Noite";"Crescente";"Céu Claro";"Simples";"Reta";"Não";5;0;2;0;3;0;2;2;-25,19475149;-50,07738945;"SPRF-PR";"DEL03-PR";"UOP01-DEL03-PR"
404201;2021-12-26;"domingo";"18:30:00";"SC";470;111,2;"IBIRAMA";"Velocidade Incompatível";"Saída de leito carroçável";"Com Vítimas Feridas";"Anoitecer";"Decrescente";"Céu Claro";"Simples";"Curva";"Não";1;0;1;0;0;0;1;1;-27,095388;-49,457878;"SPRF-SC";"DEL04-SC";"UOP02-DEL04-SC"
404202;2021-12-26;"domingo";"19:30:00";"RJ";101;267;"RIO BONITO";"Reação tardia ou ineficiente do condutor";"Queda de ocupante de veículo";"Com Vítimas Feridas";"Plena Noite";"Crescente";"Céu Claro";"Dupla";"Reta";"Sim";2;0;1;0;1;0;1;1;-22,70728329;-42,66059086;"SPRF-RJ";"DEL02-RJ";"UOP03-DEL02-RJ"
404203;2021-12-26;"domingo";"18:15:00";"MS";262;691,3;"CORUMBA";"Velocidade Incompatível";"Saída de leito carroçável";"Com Vítimas Fatais";"Anoitecer";"Decrescente";"Céu Claro";"Simples";"Reta";"Não";4;2;1;1;0;0;2;1;-19,5665888;-57,29532597;"SPRF-MS";"DEL03-MS";"UOP03-DEL03-MS"
404204;2021-12-26;"domingo";"14:50:00";"MT";174;169;"PORTO ESPERIDIAO";"Frear bruscamente";"Colisão traseira";"Com Vítimas Feridas";"Pleno dia";"Crescente";"Sol";"Simples";"Reta";"Sim";2;0;2;0;0;0;2;2;-15,8482247;-58,46356612;"SPRF-MT";"DEL03-MT";"UOP01-DEL03-MT"
404205;2021-12-26;"domingo";"18:40:00";"SP";116;372;"MIRACATU";"Avarias e/ou desgaste excessivo no pneu";"Queda de ocupante de veículo";"Com Vítimas Feridas";"Anoitecer";"Decrescente";"Nublado";"Dupla";"Reta";"Não";2;0;2;0;0;0;2;1;-24,164295;-47,331131;"SPRF-SP";"DEL04-SP";"UOP02-DEL04-SP"
404206;2021-12-26;"domingo";"11:50:00";"PI";316;156;"ELESBAO VELOSO";"Ausência de reação do condutor";"Colisão traseira";"Com Vítimas Feridas";"Pleno dia";"Crescente";"Céu Claro";"Simples";"Reta";"Sim";1;0;1;0;0;0;1;1;-6,15952702;-42,1292751;"SPRF-PI";"DEL04-PI";"UOP02-DEL04-PI"
404207;2021-12-26;"domingo";"17:40:00";"RS";470;232;"CARLOS BARBOSA";"Desrespeitar a preferência no cruzamento";"Colisão transversal";"Com Vítimas Feridas";"Pleno dia";"Decrescente";"Céu Claro";"Simples";"Reta";"Não";6;0;3;2;1;0;5;3;-29,23579206;-51,51193423;"SPRF-RS";"DEL06-RS";"UOP01-DEL06-RS"
404208;2021-12-26;"domingo";"18:50:00";"PR";376;163,8;"MARINGA";"Demais falhas mecânicas ou elétricas";"Incêndio";"Sem Vítimas";"Pleno dia";"Crescente";"Céu Claro";"Dupla";"Reta";"Não";1;0;0;0;1;0;0;1;-23,38150629;-52,03480212;"SPRF-PR";"DEL09-PR";"UOP01-DEL09-PR"
404209;2021-12-26;"domingo";"20:10:00";"RJ";393;237;"VASSOURAS";"Entrada inopinada do pedestre";"Atropelamento de Pedestre";"Com Vítimas Feridas";"Plena Noite";"Crescente";"Céu Claro";"Simples";"Reta";"Sim";2;0;0;1;0;1;1;2;-22,41999163;-43,68487353;"SPRF-RJ";"DEL05-RJ";"UOP03-DEL05-RJ"
404210;2021-12-26;"domingo";"18:15:00";"RJ";116;144;"DUQUE DE CAXIAS";"Velocidade Incompatível";"Colisão traseira";"Com Vítimas Feridas";"Anoitecer";"Crescente";"Céu Claro";"Simples";"Curva";"Sim";2;0;0;1;1;0;1;2;-22,65737709;-43,24724694;"SPRF-RJ";"DEL01-RJ";"UOP01-DEL01-RJ"
404212;2021-12-26;"domingo";"20:20:00";"ES";101;387,3;"RIO NOVO DO SUL";"Demais falhas mecânicas ou elétricas";"Tombamento";"Com Vítimas Feridas";"Plena Noite";"Decrescente";"Céu Claro";"Simples";"Curva";"Não";2;0;1;0;1;0;1;1;-20,84937594;-40,87581007;"SPRF-ES";"DEL03-ES";"UOP01-DEL03-ES"
404213;2021-12-26;"domingo";"18:30:00";"RJ";356;168,9;"SAO JOAO DA BARRA";"Ausência de reação do condutor";"Colisão traseira";"Sem Vítimas";"Anoitecer";"Crescente";"Céu Claro";"Simples";"Reta";"Sim";2;0;0;0;2;0;0;2;-21,7186983;-41,093389;"SPRF-RJ";"DEL08-RJ";"UOP02-DEL08-RJ"