"id";"data_inversa";"dia_semana";"horario";"uf";"br";"km";"municipio";"causa_acidente";"tipo_acidente";"classificacao_acidente";"fase_dia";"sentido_via";"condicao_metereologica";"tipo_pista";"tracado_via";"uso_solo";"pessoas";"mortos";"feridos_leves";"feridos_graves";"ilesos";"ignorados";"feridos";"veiculos";"latitude";"longitude";"regional";"delegacia";"uop"
404215;2021-12-26;"domingo";"20:05:00";"CE";304;47,8;"ARACATI";"Ingestão de álcool pelo condutor";"Colisão lateral sentido oposto";"Com Vítimas Feridas";"Plena Noite";"Decrescente";"Nublado";"Múltipla";"Reta";"Sim";5;0;0;1;4;0;1;2;-4,57573881;-37,78945494;"SPRF-CE";"DEL03-CE";"UOP03-DEL03-CE"
404216;2021-12-26;"domingo";"20:30:00";"PR";277;117;"CAMPO LARGO";"Ingestão de álcool e/ou substâncias psicoativas pelo pedestre";"Atropelamento de Pedestre";"Com Vítimas Feridas";"Plena Noite";"Decrescente";"Nublado";"Dupla";"Reta";"Sim";2;0;0;1;1;0;1;2;-25,434195;-49,415613;"SPRF-PR";"DEL01-PR";"UOP03-DEL03-PR"
404219;2021-12-26;"domingo";"19:30:00";"PE";424;31,8;"VENTUROSA";"Ingestão de álcool pelo condutor";"Colisão frontal";"Com Vítimas Feridas";"Plena Noite";"Decrescente";"Garoa/Chuvisco";"Simples";"Curva";"Não";3;0;1;0;1;1;1;2;-8,58584693;-36,86803193;"SPRF-PE";"DEL03-PE";"UOP02-DEL03-PE"
404220;2021-12-26;"domingo";"21:05:00";"SC";101;209;"SAO JOSE";"Condutor deixou de manter distância do veículo da frente";"Engavetamento";"Com Vítimas Feridas";"Plena Noite";"Decrescente";"Nublado";"Dupla";"Reta";"Sim";4;0;1;0;3;0;1;3;-27,61000542;-48,63895057;"SPRF-SC";"DEL01-SC";"UOP01-DEL01-SC"
404221;2021-12-26;"domingo";"19:50:00";"BA";324;524,7;"FEIRA DE SANTANA";"Ingestão de álcool pelo condutor";"Colisão traseira";"Sem Vítimas";"Plena Noite";"Crescente";"Nublado";"Dupla";"Reta";"Sim";3;0;0;0;3;0;0;2;-12,30616996;-38,89228821;"SPRF-BA";"DEL01-BA";"UOP03-DEL01-BA"
404222;2021-12-26;"domingo";"19:40:00";"ES";101;238,5;"FUNDAO";"Acessar a via sem observar a presença dos outros veículos";"Colisão transversal";"Com Vítimas Feridas";"Plena Noite";"Decrescente";"Céu Claro";"Simples";"Declive;Curva";"Sim";2;0;1;0;1;0;1;2;-20,00196;-40,41321;"SPRF-ES";"DEL02-ES";"UOP01-DEL02-ES"
404224;2021-12-26;"domingo";"12:20:00";"MG";381;502,3;"BETIM";"Demais falhas mecânicas ou elétricas";"Queda de ocupante de veículo";"Com Vítimas Feridas";"Pleno dia";"Crescente";"Céu Claro";"Dupla";"Reta";"Sim";1;0;1;0;0;0;1;1;-20,03619694;-44,24586303;"SPRF-MG";"DEL01-MG";"UOP03-DEL01-MG"
404226;2021-12-26;"domingo";"17:30:00";"PR";153;357;"REBOUCAS";"Reação tardia ou ineficiente do condutor";"Saída de leito carroçável";"Com Vítimas Feridas";"Anoitecer";"Decrescente";"Céu Claro";"Simples";"Curva";"Não";4;0;2;0;2;0;2;1;-25,65691001;-50,73126871;"SPRF-PR";"DEL03-PR";"UOP03-DEL03-PR"
404227;2021-12-26;"domingo";"16:15:00";"RO";435;58;"VILHENA";"Ingestão de álcool e/ou substâncias psicoativas pelo pedestre";"Saída de leito carroçável";"Com Vítimas Feridas";"Pleno dia";"Decrescente";"Nublado";"Simples";"Declive;Reta";"Não";1;0;1;0;0;0;1;1;-13,03876096;-60,4019885;"SPRF-RO";"DEL04-RO";"UOP02-DEL04-RO"
404228;2021-12-26;"domingo";"08:25:00";"GO";153;508;"APARECIDA DE GOIANIA";"Desvio temporário";"Queda de ocupante de veículo";"Com Vítimas Feridas";"Plena Noite";"Decrescente";"Ignorado";"Dupla";"Declive";"Sim";2;0;2;0;0;0;2;1;-16,7804;-49,2371;"SPRF-GO";"DEL01-GO";"UOP03-DEL01-GO"
404229;2021-12-26;"domingo";"19:10:00";"MS";163;267,6;"DOURADOS";"Reação tardia ou ineficiente do condutor";"Capotamento";"Sem Vítimas";"Plena Noite";"Crescente";"Nublado";"Dupla";"Interseção de Vias";"Sim";2;0;0;0;2;0;0;1;-22,209033;-54,710522;"SPRF-MS";"DEL04-MS";"UOP01-DEL04-MS"
404230;2021-12-26;"domingo";"13:20:00";"RO";435;71,2;"COLORADO DO OESTE";"Velocidade Incompatível";"Colisão com objeto";"Sem Vítimas";"Pleno dia";"Decrescente";"Nublado";"Simples";"Curva;Aclive";"Não";1;0;0;0;0;1;0;1;-13,1021662;-60,41098797;"SPRF-RO";"DEL04-RO";"UOP02-DEL04-RO"
404231;2021-12-26;"domingo";"17:00:00";"RJ";101;509;"ANGRA DOS REIS";"Trafegar com motocicleta (ou similar) entre as faixas";"Queda de ocupante de veículo";"Com Vítimas Feridas";"Pleno dia";"Crescente";"Céu Claro";"Simples";"Reta";"Não";1;0;1;0;0;0;1;1;-22,944515;-44,431107;"SPRF-RJ";"DEL03-RJ";"UOP02-DEL03-RJ"
404232;2021-12-26;"domingo";"21:15:00";"SC";116;217,3;"CORREIA PINTO";"Acessar a via sem observar a presença dos outros veículos";"Colisão transversal";"Sem Vítimas";"Plena Noite";"Decrescente";"Nublado";"Simples";"Reta";"Sim";2;0;0;0;2;0;0;2;-27,56458816;-50,37489474;"SPRF-SC";"DEL05-SC";"UOP03-DEL05-SC"
404233;2021-12-26;"domingo";"20:40:00";"MT";174;20;"PONTES E LACERDA";"Reação tardia ou ineficiente do condutor";"Colisão traseira";"Com Vítimas Feridas";"Plena Noite";"Crescente";"Céu Claro";"Simples";"Reta";"Não";3;0;0;2;1;0;2;2;-15,16652;-59,46092;"SPRF-MT";"DEL03-MT";"UOP01-DEL03-MT"
404234;2021-12-26;"domingo";"22:30:00";"PR";369;149;"LONDRINA";"Manobra de mudança de faixa";"Colisão lateral mesmo sentido";"Sem Vítimas";"Plena Noite";"Decrescente";"Céu Claro";"Dupla";"Interseção de Vias";"Sim";2;0;0;0;2;0;0;2;-23,29297043;-51,15394771;"SPRF-PR";"DEL07-PR";"UOP01-DEL07-PR"
404235;2021-12-26;"domingo";"18:45:00";"SC";101;96,2;"BARRA VELHA";"Manobra de mudança de faixa";"Colisão lateral mesmo sentido";"Com Vítimas Feridas";"Plena Noite";"Crescente";"Céu Claro";"Dupla";"Reta";"Não";4;0;0;1;3;0;1;2;-26,718427;-48,70233;"SPRF-SC";"DEL03-SC";"UOP02-DEL03-SC"
404236;2021-12-26;"domingo";"22:30:00";"PR";116;99;"SAO JOSE DOS PINHAIS";"Ausência de reação do condutor";"Capotamento";"Com Vítimas Feridas";"Plena Noite";"Crescente";"Nublado";"Dupla";"Reta";"Sim";1;0;0;1;0;0;1;1;-25,563714;-49,155495;"SPRF-PR";"DEL01-PR";"UOP01-DEL01-PR"
404238;2021-12-26;"domingo";"19:30:00";"PR";376;326;"ORTIGUEIRA";"Ausência de reação do condutor";"Colisão com objeto";"Sem Vítimas";"Plena Noite";"Crescente";"Céu Claro";"Simples";"Reta;Declive";"Não";1;0;0;0;1;0;0;1;-24,09427565;-51,04402976;"SPRF-PR";"DEL07-PR";"UOP02-DEL07-PR"
404239;2021-12-26;"domingo";"22:30:00";"RS";386;118;"SARANDI";"Transitar no acostamento";"Colisão com objeto";"Com Vítimas Feridas";"Plena Noite";"Crescente";"Céu Claro";"Simples";"Curva";"Não";1;0;1;0;0;0;1;1;-27,862652;-53,01236;"SPRF-RS";"DEL08-RS";"UOP01-DEL08-RS"
404240;2021-12-26;"domingo";"22:18:00";"TO";153;416;"MIRANORTE";"Velocidade Incompatível";"Saída de leito carroçável";"Com Vítimas Feridas";"Plena Noite";"Crescente";"Garoa/Chuvisco";"Simples";"Reta";"Não";4;0;0;3;1;0;3;1;-9,54906574;-48,59904537;"SPRF-TO";"DEL01-TO";"UOP01-DEL01-TO"
404241;2021-12-26;"domingo";"20:45:00";"PE";232;147;"SAO CAITANO";"Acessar a via sem observar a presença dos outros veículos";"Atropelamento de Pedestre";"Com Vítimas Fatais";"Plena Noite";"Decrescente";"Nublado";"Dupla";"Declive";"Sim";3;1;0;0;0;2;0;3;-8,3332181;-36,140645;"SPRF-PE";"DEL02-PE";"UOP03-DEL02-PE"
404242;2021-12-26;"domingo";"22:00:00";"SP";459;30,3;"LORENA";"Animais na Pista";"Atropelamento de Animal";"Com Vítimas Feridas";"Plena Noite";"Decrescente";"Céu Claro";"Simples";"Reta";"Não";1;0;1;0;0;0;1;1;-22,725021;-45,103531;"SPRF-SP";"DEL08-SP";"UOP02-DEL08-SP"
404243;2021-12-26;"domingo";"22:25:00";"PR";277;671;"MEDIANEIRA";"Ingestão de álcool pelo condutor";"Colisão com objeto";"Sem Vítimas";"Plena Noite";"Crescente";"Céu Claro";"Dupla";"Reta";"Sim";2;0;0;0;2;0;0;1;-25,28490106;-54,08744898;"SPRF-PR";"DEL05-PR";"UOP02-DEL05-PR"
404244;2021-12-26;"domingo";"18:30:00";"SC";101;456;"SAO JOAO DO SUL";"Demais falhas mecânicas ou elétricas";"Queda de ocupante de veículo";"Com Vítimas Feridas";"Pleno dia";"Crescente";"Céu Claro";"Múltipla";"Reta";"Não";1;0;1;0;0;0;1;1;-29,22330598;-49,76018824;"SPRF-SC";"DEL02-SC";"UOP02-DEL02-SC"
404245;2021-12-26;"domingo";"21:00:00";"PR";277;371,8;"GUARAPUAVA";"Reação tardia ou ineficiente do condutor";"Colisão frontal";"Com Vítimas Feridas";"Plena Noite";"Crescente";"Nublado";"Simples";"Reta;Declive";"Não";6;0;1;0;5;0;1;2;-25,407324;-51,711038;"SPRF-PR";"DEL08-PR";"UOP01-DEL08-PR"
404246;2021-12-26;"domingo";"22:30:00";"RS";472;138,8;"TRES DE MAIO";"Condutor deixou de manter distância do veículo da frente";"Colisão traseira";"Com Vítimas Feridas";"Plena Noite";"Decrescente";"Céu Claro";"Simples";"Reta";"Não";5;0;4;0;1;0;4;2;-27,77482626;-54,29135701;"SPRF-RS";"DEL10-RS";"UOP01-DEL10-RS"
404247;2021-12-26;"domingo";"22:15:00";"RJ";101;264;"RIO BONITO";"Pedestre andava na pista";"Atropelamento de Pedestre";"Com Vítimas Fatais";"Plena Noite";"Decrescente";"Céu Claro";"Dupla";"Reta";"Sim";3;1;0;0;1;1;0;3;-22,71818337;-42,63600702;"SPRF-RJ";"DEL02-RJ";"UOP03-DEL02-RJ"
404248;2021-12-26;"domingo";"18:45:00";"SC";101;365,7;"ICARA";"Velocidade Incompatível";"Colisão traseira";"Com Vítimas Feridas";"Anoitecer";"Crescente";"Ignorado";"Dupla";"Reta";"Não";3;0;2;0;1;0;2;2;-28,68290284;-49,14759308;"SPRF-SC";"DEL02-SC";"UOP01-DEL02-SC"
404249;2021-12-26;"domingo";"21:10:00";"SP";381;86;"SAO PAULO";"Entrada inopinada do pedestre";"Atropelamento de Pedestre";"Com Vítimas Fatais";"Pleno dia";"Decrescente";"Nublado";"Dupla";"Reta";"Sim";2;1;0;0;1;0;0;2;-23,45930499;-46,57161179;"SPRF-SP";"DEL03-SP";"UOP01-DEL03-SP"
404250;2021-12-26;"domingo";"20:40:00";"AC";364;131;"RIO BRANCO";"Condutor Dormindo";"Capotamento";"Sem Vítimas";"Plena Noite";"Decrescente";"Nublado";"Dupla";"Ponte";"Não";1;0;0;0;1;0;0;1;-10,01594689;-67,84093848;"SPRF-AC";"DEL01-AC";"UOP01-DEL01-AC"
404251;2021-12-26;"domingo";"22:30:00";"MS";376;116;"IVINHEMA";"Acessar a via sem observar a presença dos outros veículos";"Colisão transversal";"Com Vítimas Feridas";"Plena Noite";"Crescente";"Céu Claro";"Simples";"Rotatória";"Sim";2;0;0;2;0;0;2;2;-22,312748;-53,830705;"SPRF-MS";"DEL04-MS";"UOP04-DEL04-MS"
404252;2021-12-26;"domingo";"20:45:00";"RJ";465;5;"SEROPEDICA";"Acessar a via sem observar a presença dos outros veículos";"Colisão frontal";"Com Vítimas Feridas";"Plena Noite";"Crescente";"Céu Claro";"Simples";"Reta";"Sim";5;0;4;0;0;1;4;3;-22,747673;-43,699196;"SPRF-RJ";"DEL01-RJ";"UOP03-DEL01-RJ"
404253;2021-12-26;"domingo";"21:05:00";"MG";50;193;"DELTA";"Condutor Dormindo";"Colisão com objeto";"Com Vítimas Feridas";"Plena Noite";"Decrescente";"Nublado";"Dupla";"Reta";"Não";4;0;4;0;0;0;4;1;-19,87965993;-47,85365089;"SPRF-MG";"DEL13-MG";"UOP01-DEL13-MG"
404255;2021-12-26;"domingo";"23:30:00";"SP";116;82,3;"ROSEIRA";"Ingestão de álcool pelo condutor";"Colisão com objeto";"Com Vítimas Feridas";"Plena Noite";"Crescente";"Céu Claro";"Dupla";"Reta";"Não";1;0;1;0;0;0;1;1;-22,90918532;-45,31883185;"SPRF-SP";"DEL08-SP";"UOP01-DEL08-SP"
404256;2021-12-26;"domingo";"22:40:00";"PR";369;81;"CORNELIO PROCOPIO";"Acessar a via sem observar a presença dos outros veículos";"Colisão traseira";"Com Vítimas Feridas";"Plena Noite";"Decrescente";"Céu Claro";"Simples";"Curva";"Não";2;0;1;0;1;0;1;2;-23,14458242;-50,58998108;"SPRF-PR";"DEL07-PR";"UOP01-DEL07-PR"
404257;2021-12-26;"domingo";"23:15:00";"RS";116;400,7;"CAMAQUA";"Pedestre andava na pista";"Atropelamento de Pedestre";"Com Vítimas Feridas";"Plena Noite";"Decrescente";"Céu Claro";"Simples";"Reta";"Sim";2;0;0;1;0;1;1;2;-30,87127893;-51,80724263;"SPRF-RS";"DEL02-RS";"UOP02-DEL02-RS"
404258;2021-12-26;"domingo";"21:40:00";"AL";101;127;"SAO MIGUEL DOS CAMPOS";"Acumulo de água sobre o pavimento";"Colisão com objeto";"Com Vítimas Feridas";"Plena Noite";"Crescente";"Chuva";"Dupla";"Reta";"Não";2;0;2;0;0;0;2;1;-9,73383726;-36,0564836;"SPRF-AL";"DEL02-AL";"UOP01-DEL02-AL"
404259;2021-12-26;"domingo";"23:20:00";"GO";50;270;"CATALAO";"Ingestão de álcool pelo condutor";"Queda de ocupante de veículo";"Com Vítimas Feridas";"Plena Noite";"Crescente";"Céu Claro";"Dupla";"Viaduto";"Não";2;0;0;1;0;1;1;1;-18,1087;-47,8878;"SPRF-GO";"DEL06-GO";"UOP01-DEL06-GO"
404261;2021-12-26;"domingo";"23:30:00";"MG";267;151,7;"LIMA DUARTE";"Condutor Dormindo";"Saída de leito carroçável";"Com Vítimas Feridas";"Plena Noite";"Crescente";"Céu Claro";"Simples";"Reta";"Não";2;0;2;0;0;0;2;1;-21,82045257;-43,75270917;"SPRF-MG";"DEL05-MG";"UOP01-DEL05-MG"
404262;2021-12-27;"segunda-feira";"00:20:00";"PR";476;112;"COLOMBO";"Ingestão de álcool pelo condutor";"Colisão lateral sentido oposto";"Com Vítimas Feridas";"Plena Noite";"Crescente";"Nublado";"Simples";"Curva";"Não";3;0;1;0;2;0;1;2;-25,318485;-49,159;"SPRF-PR";"DEL01-PR";"UOP02-DEL01-PR"
404263;2021-12-26;"domingo";"19:40:00";"CE";20;157,9;"PEDRA BRANCA";"Reação tardia ou ineficiente do condutor";"Colisão transversal";"Com Vítimas Fatais";"Plena Noite";"Crescente";"Nublado";"Simples";"Reta";"Não";2;1;0;0;1;0;0;2;-5,4308327;-39,99741539;"SPRF-CE";"DEL02-CE";"UOP02-DEL02-CE"
404265;2021-12-26;"domingo";"20:40:00";"BA";324;622;"SALVADOR";"Ausência de reação do condutor";"Colisão traseira";"Com Vítimas Feridas";"Plena Noite";"Crescente";"Céu Claro";"Simples";"Reta";"Não";3;0;1;0;2;0;1;2;-12,91888605;-38,46502095;"SPRF-BA";"DEL01-BA";"UOP01-DEL01-BA"
404272;2021-12-27;"segunda-feira";"05:00:00";"GO";60;164;"GOIANIA";"Acumulo de areia ou detritos sobre o pavimento";"Queda de ocupante de veículo";"Com Vítimas Feridas";"Pleno dia";"Decrescente";"Céu Claro";"Simples";"Reta";"Sim";1;0;1;0;0;0;1;1;-16,7036;-49,342;"SPRF-GO";"DEL01-GO";"UOP02-DEL01-GO"
404273;2021-12-27;"segunda-feira";"05:30:00";"GO";60;93;"ANAPOLIS";"Pista Escorregadia";"Saída de leito carroçável";"Com Vítimas Feridas";"Amanhecer";"Crescente";"Céu Claro";"Simples";"Curva";"Sim";2;0;1;0;1;0;1;1;-16,3538;-48,9268;"SPRF-GO";"DEL02-GO";"UOP01-DEL02-GO"
404274;2021-12-26;"domingo";"21:30:00";"RJ";493;112;"SEROPEDICA";"Demais falhas mecânicas ou elétricas";"Tombamento";"Com Vítimas Feridas";"Plena Noite";"Decrescente";"Nublado";"Dupla";"Reta";"Não";2;0;2;0;0;0;2;1;-22,814762;-43,801813;"SPRF-RJ";"DEL03-RJ";"UOP01-DEL03-RJ"
404276;2021-12-27;"segunda-feira";"04:10:00";"PE";232;218,8;"PESQUEIRA";"Ausência de reação do condutor";"Saída de leito carroçável";"Com Vítimas Feridas";"Amanhecer";"Decrescente";"Nublado";"Simples";"Reta";"Não";2;0;0;2;0;0;2;1;-8,39474985;-36,76491205;"SPRF-PE";"DEL03-PE";"UOP02-DEL03-PE"
404277;2021-12-27;"segunda-feira";"05:50:00";"SP";116;281;"EMBU DAS ARTES";"Velocidade Incompatível";"Colisão lateral mesmo sentido";"Com Vítimas Feridas";"Amanhecer";"Decrescente";"Céu Claro";"Dupla";"Reta";"Sim";3;0;1;0;2;0;1;2;-23,67784787;-46,85769227;"SPRF-SP";"DEL04-SP";"UOP01-DEL04-SP"
404280;2021-12-26;"domingo";"01:00:00";"BA";324;390;"GAVIAO";"Pedestre andava na pista";"Atropelamento de Pedestre";"Com Vítimas Fatais";"Anoitecer";"Crescente";"Céu Claro";"Simples";"Reta;Declive";"Não";2;1;0;0;0;1;0;2;-11,5185189;-39,72353691;"SPRF-BA";"DEL04-BA";"UOP02-DEL04-BA"
404281;2021-12-27;"segunda-feira";"06:00:00";"SC";470;239,9;"CURITIBANOS";"Velocidade Incompatível";"Colisão com objeto";"Com Vítimas Feridas";"Amanhecer";"Crescente";"Nublado";"Simples";"Aclive;Curva";"Não";1;0;1;0;0;0;1;1;-27,305603;-50,47327;"SPRF-SC";"DEL05-SC";"UOP03-DEL05-SC"
404283;2021-12-26;"domingo";"20:50:00";"MG";116;523;"CARATINGA";"Acumulo de areia ou detritos sobre o pavimento";"Tombamento";"Com Vítimas Feridas";"Plena Noite";"Decrescente";"Nublado";"Simples";"Rotatória";"Sim";1;0;1;0;0;0;1;1;-19,75187896;-42,1326603;"SPRF-MG";"DEL06-MG";"UOP02-DEL06-MG"
404284;2021-12-27;"segunda-feira";"06:55:00";"RS";290;55,6;"GLORINHA";"Manobra de mudança de faixa";"Colisão lateral mesmo sentido";"Com Vítimas Feridas";"Pleno dia";"Crescente";"Céu Claro";"Múltipla";"Reta";"Não";6;0;2;0;4;0;2;2;-29,914551;-50,814975;"SPRF-RS";"DEL03-RS";"UOP01-DEL03-RS"
404286;2021-12-27;"segunda-feira";"07:35:00";"AL";423;12,2;"OURO BRANCO";"Ultrapassagem Indevida";"Colisão frontal";"Com Vítimas Feridas";"Pleno dia";"Crescente";"Céu Claro";"Simples";"Reta";"Não";6;0;4;1;1;0;5;2;-9,15417134;-37,39413589;"SPRF-AL";"DEL03-AL";"UOP02-DEL03-AL"
404287;2021-12-27;"segunda-feira";"07:50:00";"RS";386;34;"FREDERICO WESTPHALEN";"Acessar a via sem observar a presença dos outros veículos";"Colisão transversal";"Com Vítimas Feridas";"Pleno dia";"Crescente";"Céu Claro";"Simples";"Interseção de Vias";"Sim";2;0;1;0;1;0;1;2;-27,36447557;-53,39388544;"SPRF-RS";"DEL08-RS";"UOP02-DEL08-RS"
404291;2021-12-27;"segunda-feira";"00:35:00";"SP";116;161;"JACAREI";"Ausência de reação do condutor";"Colisão frontal";"Com Vítimas Feridas";"Plena Noite";"Crescente";"Céu Claro";"Dupla";"Reta";"Não";2;0;1;0;1;0;1;2;-23,27617003;-45,97592098;"SPRF-SP";"DEL02-SP";"UOP01-DEL02-SP"
404292;2021-12-27;"segunda-feira";"06:20:00";"RO";364;2;"VILHENA";"Conversão proibida";"Colisão lateral mesmo sentido";"Com Vítimas Feridas";"Pleno dia";"Decrescente";"Céu Claro";"Simples";"Reta";"Não";2;0;1;0;1;0;1;2;-12,80248883;-60,08450345;"SPRF-RO";"DEL04-RO";"UOP01-DEL04-RO"
404293;2021-12-27;"segunda-feira";"08:00:00";"SP";116;158;"JACAREI";"Condutor deixou de manter distância do veículo da frente";"Colisão traseira";"Com Vítimas Feridas";"Pleno dia";"Decrescente";"Céu Claro";"Dupla";"Reta";"Sim";3;0;1;0;2;0;1;2;-23,26072137;-45,95179176;"SPRF-SP";"DEL02-SP";"UOP01-DEL02-SP"
404294;2021-12-27;"segunda-feira";"05:50:00";"RN";405;22,5;"MOSSORO";"Reação tardia ou ineficiente do condutor";"Saída de leito carroçável";"Com Vítimas Feridas";"Pleno dia";"Decrescente";"Chuva";"Simples";"Reta";"Não";2;0;1;0;1;0;1;1;-5,25503007;-37,5268639;"SPRF-RN";"DEL04-RN";"UOP02-DEL04-RN"
404295;2021-12-27;"segunda-feira";"07:45:00";"MT";364;198;"RONDONOPOLIS";"Velocidade Incompatível";"Saída de leito carroçável";"Sem Vítimas";"Pleno dia";"Crescente";"Céu Claro";"Dupla";"Aclive";"Sim";1;0;0;0;0;1;0;1;-16,50621198;-54,62294799;"SPRF-MT";"DEL02-MT";"UOP01-DEL02-MT"
404297;2021-12-27;"segunda-feira";"08:15:00";"CE";222;31,6;"CAUCAIA";"Acesso irregular";"Colisão transversal";"Com Vítimas Feridas";"Pleno dia";"Decrescente";"Nublado";"Simples";"Reta";"Sim";2;0;1;0;1;0;1;2;-3,71019947;-38,82872412;"SPRF-CE";"DEL01-CE";"UOP01-DEL01-CE"
404298;2021-12-27;"segunda-feira";"08:05:00";"GO";60;50;"ABADIANIA";"Condutor Dormindo";"Saída de leito carroçável";"Com Vítimas Feridas";"Pleno dia";"Crescente";"Céu Claro";"Dupla";"Declive;Reta";"Não";2;0;0;2;0;0;2;1;-16,1625;-48,624;"SPRF-GO";"DEL02-GO";"UOP01-DEL02-GO"
404299;2021-12-27;"segunda-feira";"06:55:00";"MG";50;178;"UBERABA";"Reação tardia ou ineficiente do condutor";"Tombamento";"Com Vítimas Feridas";"Pleno dia";"Crescente";"Céu Claro";"Dupla";"Reta";"Sim";2;0;2;0;0;0;2;1;-19,77911996;-47,94054503;"SPRF-MG";"DEL13-MG";"UOP01-DEL13-MG"
404300;2021-12-15;"quarta-feira";"18:00:00";"SC";280;26;"ARAQUARI";"Acessar a via sem observar a presença dos outros veículos";"Colisão transversal";"Com Vítimas Feridas";"Pleno dia";"Crescente";"Céu Claro";"Simples";"Reta";"Sim";2;0;1;0;1;0;1;2;-26,39390711;-48,73824835;"SPRF-SC";"DEL03-SC";"UOP03-DEL03-SC"
404302;2021-12-27;"segunda-feira";"07:00:00";"BA";324;541;"AMELIA RODRIGUES";"Pedestre cruzava a pista fora da faixa";"Atropelamento de Pedestre";"Com Vítimas Fatais";"Pleno dia";"Crescente";"Nublado";"Simples";"Reta";"Não";2;1;0;0;0;1;0;2;-12,39033367;-38,78485688;"SPRF-BA";"DEL01-BA";"UOP03-DEL01-BA"
404303;2021-12-27;"segunda-feira";"08:15:00";"PR";376;666;"GUARATUBA";"Demais falhas mecânicas ou elétricas";"Incêndio";"Sem Vítimas";"Pleno dia";"Decrescente";"Céu Claro";"Dupla";"Curva;Aclive";"Não";1;0;0;0;1;0;0;1;-25,86037408;-48,95087256;"SPRF-PR";"DEL01-PR";"UOP04-DEL01-PR"
404304;2021-12-27;"segunda-feira";"07:10:00";"RJ";101;541;"PARATY";"Afundamento ou ondulação no pavimento";"Queda de ocupante de veículo";"Com Vítimas Feridas";"Pleno dia";"Crescente";"Céu Claro";"Simples";"Aclive";"Não";1;0;1;0;0;0;1;1;-23,04799632;-44,59099407;"SPRF-RJ";"DEL03-RJ";"UOP02-DEL03-RJ"
404305;2021-12-27;"segunda-feira";"09:00:00";"SP";116;23,8;"LAVRINHAS";"Condutor deixou de manter distância do veículo da frente";"Colisão traseira";"Com Vítimas Feridas";"Pleno dia";"Crescente";"Céu Claro";"Múltipla";"Reta";"Não";7;0;3;0;4;0;3;2;-22,58978112;-44,88535587;"SPRF-SP";"DEL08-SP";"UOP02-DEL08-SP"
404306;2021-12-27;"segunda-feira";"09:15:00";"GO";50;266;"CATALAO";"Condutor Dormindo";"Saída de leito carroçável";"Com Vítimas Feridas";"Pleno dia";"Crescente";"Céu Claro";"Dupla";"Aclive;Reta";"Não";2;0;2;0;0;0;2;1;-18,0787;-47,8671;"SPRF-GO";"DEL06-GO";"UOP01-DEL06-GO"
404307;2021-12-27;"segunda-feira";"08:15:00";"GO";40;51;"LUZIANIA";"Condutor Dormindo";"Colisão frontal";"Com Vítimas Feridas";"Pleno dia";"Crescente";"Céu Claro";"Simples";"Reta";"Não";4;0;4;0;0;0;4;2;-16,450211;-47,808134;"SPRF-DF";"DEL01-DF";"UOP02-DEL01-DF"
404308;2021-12-27;"segunda-feira";"09:15:00";"SC";101;37,2;"JOINVILLE";"Condutor deixou de manter distância do veículo da frente";"Engavetamento";"Com Vítimas Feridas";"Pleno dia";"Crescente";"Céu Claro";"Dupla";"Reta";"Não";5;0;1;0;4;0;1;4;-26,28868246;-48,88600588;"SPRF-SC";"DEL03-SC";"UOP01-DEL03-SC"
404309;2021-12-27;"segunda-feira";"07:50:00";"GO";153;168;"CAMPINORTE";"Afundamento ou ondulação no pavimento";"Saída de leito carroçável";"Com Vítimas Feridas";"Pleno dia";"Decrescente";"Nublado";"Simples";"Declive";"Não";4;0;1;1;2;0;2;1;-14,240199;-49,136623;"SPRF-GO";"DEL07-GO";"UOP02-DEL07-GO"
404311;2021-12-27;"segunda-feira";"09:20:00";"SC";101;26,5;"JOINVILLE";"Trafegar com motocicleta (ou similar) entre as faixas";"Colisão lateral mesmo sentido";"Com Vítimas Feridas";"Pleno dia";"Crescente";"Céu Claro";"Dupla";"Reta";"Sim";3;0;2;0;1;0;2;2;-26,19234802;-48,91210384;"SPRF-SC";"DEL03-SC";"UOP01-DEL03-SC"
404313;2021-12-23;"quinta-feira";"22:30:00";"GO";153;507;"APARECIDA DE GOIANIA";"Velocidade Incompatível";"Colisão lateral mesmo sentido";"Com Vítimas Feridas";"Plena Noite";"Decrescente";"Nublado";"Dupla";"Reta";"Sim";2;0;0;1;0;1;1;2;-16,7715;-49,2387;"SPRF-GO";"DEL01-GO";"UOP03-DEL01-GO"
404315;2021-12-27;"segunda-feira";"10:05:00";"SE";101;105;"SAO CRISTOVAO";"Condutor deixou de manter distância do veículo da frente";"Colisão traseira";"Com Vítimas Feridas";"Pleno dia";"Decrescente";"Nublado";"Dupla";"Reta;Aclive";"Não";5;0;2;0;3;0;2;2;-10,95817959;-37,23594898;"SPRF-SE";"DEL02-SE";"UOP01-DEL02-SE"
404316;2021-12-27;"segunda-feira";"10:15:00";"PR";277;133;"BALSA NOVA";"Condutor deixou de manter distância do veículo da frente";"Colisão traseira";"Com Vítimas Feridas";"Pleno dia";"Decrescente";"Sol";"Dupla";"Reta";"Não";4;0;2;0;2;0;2;2;-25,47138665;-49,67394233;"SPRF-PR";"DEL01-PR";"UOP03-DEL03-PR"