"id";"data_inversa";"dia_semana";"horario";"uf";"br";"km";"municipio";"causa_acidente";"tipo_acidente";"classificacao_acidente";"fase_dia";"sentido_via";"condicao_metereologica";"tipo_pista";"tracado_via";"uso_solo";"pessoas";"mortos";"feridos_leves";"feridos_graves";"ilesos";"ignorados";"feridos";"veiculos";"latitude";"longitude";"regional";"delegacia";"uop"
404804;2021-12-30;"quinta-feira";"09:45:00";"BA";116;669;"JEQUIE";"Acessar a via sem observar a presença dos outros veículos";"Colisão lateral mesmo sentido";"Com Vítimas Feridas";"Pleno dia";"Decrescente";"Céu Claro";"Simples";"Retorno Regulamentado";"Não";4;0;1;0;3;0;1;2;-13,77543794;-40,10191324;"SPRF-BA";"DEL03-BA";"UOP01-DEL03-BA"
404805;2021-12-30;"quinta-feira";"11:15:00";"DF";20;7;"BRASILIA";"Retorno proibido";"Colisão com objeto";"Com Vítimas Feridas";"Pleno dia";"Crescente";"Chuva";"Dupla";"Reta";"Sim";3;0;1;0;2;0;1;2;-15,662208;-47,799866;"SPRF-DF";"DEL02-DF";"UOP01-DEL02-DF"
404807;2021-12-30;"quinta-feira";"07:50:00";"RS";285;456;"IJUI";"Desrespeitar a preferência no cruzamento";"Colisão transversal";"Com Vítimas Feridas";"Pleno dia";"Crescente";"Céu Claro";"Simples";"Rotatória";"Sim";2;0;1;0;0;1;1;2;-28,38892749;-53,89273524;"SPRF-RS";"DEL10-RS";"UOP01-DEL10-RS"
404808;2021-12-30;"quinta-feira";"11:00:00";"SC";101;135;"BALNEARIO CAMBORIU";"Ausência de reação do condutor";"Colisão traseira";"Com Vítimas Feridas";"Pleno dia";"Decrescente";"Céu Claro";"Simples";"Reta";"Sim";2;0;0;1;1;0;1;2;-27,0050108;-48,62677494;"SPRF-SC";"DEL04-SC";"UOP03-DEL04-SC"
404809;2021-12-30;"quinta-feira";"11:50:00";"SP";116;269;"TABOAO DA SERRA";"Condutor deixou de manter distância do veículo da frente";"Colisão traseira";"Sem Vítimas";"Pleno dia";"Crescente";"Garoa/Chuvisco";"Dupla";"Reta";"Sim";1;0;0;0;1;0;0;1;-23,61593059;-46,78826044;"SPRF-SP";"DEL04-SP";"UOP01-DEL04-SP"
404813;2021-12-30;"quinta-feira";"10:50:00";"MT";364;260,2;"JUSCIMEIRA";"Retorno proibido";"Colisão transversal";"Com Vítimas Fatais";"Pleno dia";"Decrescente";"Céu Claro";"Dupla";"Reta";"Não";4;1;0;0;3;0;0;2;-16,036022;-54,884015;"SPRF-MT";"DEL02-MT";"UOP01-DEL02-MT"
404814;2021-12-30;"quinta-feira";"10:50:00";"SC";101;142;"ITAPEMA";"Demais falhas mecânicas ou elétricas";"Tombamento";"Com Vítimas Feridas";"Pleno dia";"Crescente";"Nublado";"Dupla";"Reta";"Sim";1;0;1;0;0;0;1;1;-27,056089;-48,599449;"SPRF-SC";"DEL04-SC";"UOP03-DEL04-SC"
404815;2021-12-30;"quinta-feira";"10:45:00";"SC";101;144;"ITAPEMA";"Ingestão de álcool pelo condutor";"Colisão traseira";"Sem Vítimas";"Pleno dia";"Decrescente";"Nublado";"Dupla";"Reta";"Sim";2;0;0;0;1;1;0;2;-27,0732659;-48,59672716;"SPRF-SC";"DEL04-SC";"UOP03-DEL04-SC"
404816;2021-12-30;"quinta-feira";"12:30:00";"SE";235;52;"ITABAIANA";"Manobra de mudança de faixa";"Colisão lateral mesmo sentido";"Com Vítimas Feridas";"Pleno dia";"Decrescente";"Céu Claro";"Simples";"Reta";"Sim";3;0;1;0;1;1;1;2;-10,693279;-37,437557;"SPRF-SE";"DEL01-SE";"UOP02-DEL01-SE"
404817;2021-12-30;"quinta-feira";"12:10:00";"PA";230;121;"MARABA";"Acessar a via sem observar a presença dos outros veículos";"Colisão lateral mesmo sentido";"Com Vítimas Feridas";"Pleno dia";"Crescente";"Céu Claro";"Dupla";"Reta";"Não";2;0;1;0;1;0;1;2;-5,35297407;-49,12143673;"SPRF-PA";"DEL03-PA";"UOP01-DEL03-PA"
404818;2021-12-30;"quinta-feira";"13:00:00";"RS";386;34,1;"FREDERICO WESTPHALEN";"Desrespeitar a preferência no cruzamento";"Colisão transversal";"Com Vítimas Feridas";"Pleno dia";"Crescente";"Sol";"Simples";"Interseção de Vias";"Sim";2;0;1;0;1;0;1;2;-27,36179526;-53,38994611;"SPRF-RS";"DEL08-RS";"UOP02-DEL08-RS"
404819;2021-12-30;"quinta-feira";"11:00:00";"SC";101;82;"BARRA VELHA";"Condutor usando celular";"Saída de leito carroçável";"Com Vítimas Feridas";"Pleno dia";"Decrescente";"Céu Claro";"Dupla";"Curva";"Sim";1;0;1;0;0;0;1;1;-26,61085222;-48,72204472;"SPRF-SC";"DEL03-SC";"UOP02-DEL03-SC"
404820;2021-12-29;"quarta-feira";"20:30:00";"SC";282;515,7;"XAXIM";"Condutor Dormindo";"Saída de leito carroçável";"Sem Vítimas";"Plena Noite";"Decrescente";"Céu Claro";"Simples";"Curva";"Não";1;0;0;0;1;0;0;1;-26,922623;-52,496132;"SPRF-SC";"DEL07-SC";"UOP01-DEL07-SC"
404821;2021-12-30;"quinta-feira";"10:15:00";"AC";364;139;"RIO BRANCO";"Condutor deixou de manter distância do veículo da frente";"Colisão traseira";"Com Vítimas Feridas";"Pleno dia";"Crescente";"Céu Claro";"Dupla";"Reta";"Sim";3;0;2;0;1;0;2;2;-9,95005824;-67,86533833;"SPRF-AC";"DEL01-AC";"UOP01-DEL01-AC"
404824;2021-12-30;"quinta-feira";"13:00:00";"SC";116;193;"BIGUACU";"Ausência de reação do condutor";"Colisão com objeto";"Com Vítimas Feridas";"Pleno dia";"Decrescente";"Céu Claro";"Dupla";"Reta";"Sim";1;0;1;0;0;0;1;1;-27,49220565;-48,65635514;"SPRF-SC";"DEL05-SC";"UOP03-DEL05-SC"
404825;2021-12-30;"quinta-feira";"13:40:00";"SC";470;54,5;"BLUMENAU";"Ausência de reação do condutor";"Colisão traseira";"Sem Vítimas";"Pleno dia";"Decrescente";"Nublado";"Simples";"Reta;Interseção de Vias";"Sim";2;0;0;0;2;0;0;2;-26,87412047;-49,11439214;"SPRF-SC";"DEL04-SC";"UOP01-DEL04-SC"
404826;2021-12-30;"quinta-feira";"13:45:00";"RN";101;97,7;"NATAL";"Manobra de mudança de faixa";"Colisão lateral mesmo sentido";"Sem Vítimas";"Pleno dia";"Decrescente";"Céu Claro";"Simples";"Aclive";"Sim";2;0;0;0;2;0;0;2;-5,85758898;-35,21271205;"SPRF-RN";"DEL01-RN";"UOP01-DEL01-RN"
404827;2021-12-30;"quinta-feira";"13:50:00";"SP";116;145,7;"SAO JOSE DOS CAMPOS";"Ausência de reação do condutor";"Colisão lateral mesmo sentido";"Com Vítimas Feridas";"Pleno dia";"Crescente";"Nublado";"Dupla";"Reta;Declive";"Sim";3;0;0;1;0;2;1;3;-23,1869844;-45,8548078;"SPRF-SP";"DEL02-SP";"UOP01-DEL02-SP"
404828;2021-12-28;"terça-feira";"14:00:00";"PR";369;520,9;"CASCAVEL";"Ausência de reação do condutor";"Colisão traseira";"Com Vítimas Feridas";"Pleno dia";"Crescente";"Céu Claro";"Simples";"Reta";"Não";2;0;1;0;1;0;1;2;-24,9235;-53,3911;"SPRF-PR";"DEL04-PR";"UOP01-DEL04-PR"
404829;2021-12-30;"quinta-feira";"13:40:00";"MG";354;743;"POUSO ALTO";"Acumulo de água sobre o pavimento";"Colisão frontal";"Com Vítimas Feridas";"Pleno dia";"Crescente";"Chuva";"Simples";"Reta";"Não";5;0;2;0;3;0;2;2;-22,2393211;-44,93648355;"SPRF-MG";"DEL17-MG";"UOP01-DEL17-MG"
404831;2021-12-30;"quinta-feira";"07:40:00";"PR";376;432,3;"TIBAGI";"Reação tardia ou ineficiente do condutor";"Colisão com objeto";"Com Vítimas Feridas";"Pleno dia";"Crescente";"Chuva";"Dupla";"Curva";"Não";4;0;1;0;3;0;1;1;-24,75407741;-50,53584522;"SPRF-PR";"DEL03-PR";"UOP02-DEL03-PR"
404832;2021-12-30;"quinta-feira";"13:50:00";"SC";282;600;"MARAVILHA";"Pedestre cruzava a pista fora da faixa";"Atropelamento de Pedestre";"Com Vítimas Feridas";"Pleno dia";"Decrescente";"Céu Claro";"Simples";"Reta";"Sim";2;0;2;0;0;0;2;2;-26,80774051;-53,28969955;"SPRF-SC";"DEL07-SC";"UOP02-DEL07-SC"
404833;2021-12-30;"quinta-feira";"14:40:00";"MG";262;383;"MATEUS LEME";"Velocidade Incompatível";"Saída de leito carroçável";"Com Vítimas Feridas";"Pleno dia";"Crescente";"Chuva";"Dupla";"Curva;Declive";"Não";2;0;1;0;1;0;1;1;-19,93049825;-44,40182;"SPRF-MG";"DEL01-MG";"UOP03-DEL01-MG"
404835;2021-12-30;"quinta-feira";"12:25:00";"RJ";101;321;"NITEROI";"Ausência de reação do condutor";"Tombamento";"Com Vítimas Feridas";"Pleno dia";"Decrescente";"Nublado";"Dupla";"Curva";"Sim";1;0;1;0;0;0;1;1;-22,86981096;-43,11046465;"SPRF-RJ";"DEL02-RJ";"UOP02-DEL02-RJ"
404839;2021-12-30;"quinta-feira";"07:40:00";"PR";376;432,2;"TIBAGI";"Chuva";"Saída de leito carroçável";"Sem Vítimas";"Pleno dia";"Crescente";"Chuva";"Dupla";"Curva";"Não";2;0;0;0;2;0;0;1;-24,80531402;-50,48850813;"SPRF-PR";"DEL03-PR";"UOP02-DEL03-PR"
404840;2021-12-30;"quinta-feira";"11:50:00";"MG";116;432,5;"ENGENHEIRO CALDAS";"Mal súbito do condutor";"Saída de leito carroçável";"Com Vítimas Fatais";"Pleno dia";"Crescente";"Nublado";"Simples";"Curva";"Não";1;1;0;0;0;0;0;1;-19,01376215;-41,98226891;"SPRF-MG";"DEL06-MG";"UOP01-DEL06-MG"
404842;2021-12-30;"quinta-feira";"13:20:00";"SC";101;336;"TUBARAO";"Ingestão de álcool pelo condutor";"Colisão lateral mesmo sentido";"Com Vítimas Feridas";"Pleno dia";"Crescente";"Céu Claro";"Simples";"Rotatória";"Sim";2;0;1;0;1;0;1;2;-28,47646255;-49,02975082;"SPRF-SC";"DEL02-SC";"UOP01-DEL02-SC"
404843;2021-12-30;"quinta-feira";"12:00:00";"SE";235;79,2;"FREI PAULO";"Reação tardia ou ineficiente do condutor";"Tombamento";"Sem Vítimas";"Pleno dia";"Decrescente";"Sol";"Simples";"Reta";"Não";1;0;0;0;0;1;0;1;-10,540327;-37,590996;"SPRF-SE";"DEL01-SE";"UOP02-DEL01-SE"
404844;2021-12-30;"quinta-feira";"14:45:00";"ES";101;272,4;"SERRA";"Desrespeitar a preferência no cruzamento";"Colisão transversal";"Com Vítimas Feridas";"Pleno dia";"Decrescente";"Nublado";"Simples";"Interseção de Vias";"Não";6;0;0;4;2;0;4;2;-20,22724888;-40,28426988;"SPRF-ES";"DEL02-ES";"UOP01-DEL02-ES"
404845;2021-12-30;"quinta-feira";"11:40:00";"MG";116;810,2;"ALEM PARAIBA";"Velocidade Incompatível";"Saída de leito carroçável";"Com Vítimas Feridas";"Pleno dia";"Decrescente";"Chuva";"Simples";"Curva;Aclive";"Não";2;0;2;0;0;0;2;1;-21,8327779;-42,67715755;"SPRF-MG";"DEL07-MG";"UOP01-DEL07-MG"
404846;2021-12-30;"quinta-feira";"15:30:00";"PE";232;90;"SAIRE";"Reação tardia ou ineficiente do condutor";"Colisão com objeto";"Com Vítimas Feridas";"Pleno dia";"Crescente";"Sol";"Dupla";"Curva";"Não";3;0;3;0;0;0;3;1;-8,2172915;-35,65572305;"SPRF-PE";"DEL02-PE";"UOP02-DEL02PE"
404847;2021-12-30;"quinta-feira";"15:40:00";"SC";101;277;"IMBITUBA";"Velocidade Incompatível";"Saída de leito carroçável";"Com Vítimas Feridas";"Pleno dia";"Crescente";"Céu Claro";"Múltipla";"Reta";"Não";1;0;1;0;0;0;1;1;-28,167983;-48,694194;"SPRF-SC";"DEL02-SC";"UOP03-DEL02-SC"
404848;2021-12-30;"quinta-feira";"15:15:00";"MG";381;924,5;"CAMANDUCAIA";"Velocidade Incompatível";"Colisão com objeto";"Com Vítimas Feridas";"Pleno dia";"Crescente";"Garoa/Chuvisco";"Dupla";"Curva";"Não";3;0;1;0;2;0;1;1;-22,77002535;-46,19458628;"SPRF-MG";"DEL16-MG";"UOP03-DEL16-MG"
404849;2021-12-30;"quinta-feira";"15:25:00";"MG";381;720,8;"CARMO DA CACHOEIRA";"Velocidade Incompatível";"Saída de leito carroçável";"Com Vítimas Feridas";"Pleno dia";"Decrescente";"Garoa/Chuvisco";"Dupla";"Curva";"Não";1;0;1;0;0;0;1;1;-21,46061202;-45,20743901;"SPRF-MG";"DEL04-MG";"UOP02-DEL04-MG"
404850;2021-12-30;"quinta-feira";"15:45:00";"SP";116;284;"ITAPECERICA DA SERRA";"Manobra de mudança de faixa";"Colisão lateral mesmo sentido";"Com Vítimas Feridas";"Pleno dia";"Crescente";"Nublado";"Dupla";"Reta";"Não";3;0;0;1;1;1;1;3;-23,69998;-46,867767;"SPRF-SP";"DEL04-SP";"UOP01-DEL04-SP"
404852;2021-12-30;"quinta-feira";"15:50:00";"PR";116;38;"CAMPINA GRANDE DO SUL";"Velocidade Incompatível";"Saída de leito carroçável";"Com Vítimas Feridas";"Pleno dia";"Decrescente";"Chuva";"Múltipla";"Curva";"Não";1;0;1;0;0;0;1;1;-25,14802509;-48,85922071;"SPRF-PR";"DEL01-PR";"UOP02-DEL01-PR"
404853;2021-12-30;"quinta-feira";"15:10:00";"PR";376;303;"MAUA DA SERRA";"Avarias e/ou desgaste excessivo no pneu";"Capotamento";"Com Vítimas Feridas";"Pleno dia";"Decrescente";"Chuva";"Dupla";"Curva";"Não";4;0;1;0;3;0;1;1;-23,94940698;-51,11940888;"SPRF-PR";"DEL07-PR";"UOP02-DEL07-PR"
404854;2021-12-30;"quinta-feira";"16:19:00";"RN";101;77;"SAO GONCALO DO AMARANTE";"Acessar a via sem observar a presença dos outros veículos";"Colisão transversal";"Com Vítimas Feridas";"Pleno dia";"Decrescente";"Céu Claro";"Dupla";"Interseção de Vias";"Sim";2;0;2;0;0;0;2;2;-5,73180495;-35,29112135;"SPRF-RN";"DEL02-RN";"UOP01-DEL02-RN"
404855;2021-12-30;"quinta-feira";"15:30:00";"MG";459;68,2;"SENADOR JOSE BENTO";"Velocidade Incompatível";"Saída de leito carroçável";"Com Vítimas Feridas";"Pleno dia";"Crescente";"Chuva";"Simples";"Curva";"Não";5;0;5;0;0;0;5;1;-22,131567;-46,175579;"SPRF-MG";"DEL09-MG";"UOP01-DEL09-MG"
404856;2021-12-30;"quinta-feira";"16:30:00";"SC";101;114;"ITAJAI";"Condutor deixou de manter distância do veículo da frente";"Colisão traseira";"Com Vítimas Feridas";"Pleno dia";"Decrescente";"Céu Claro";"Dupla";"Reta";"Sim";2;0;1;0;1;0;1;2;-26,86192886;-48,7286704;"SPRF-SC";"DEL04-SC";"UOP04-DEL04-SC"
404857;2021-12-30;"quinta-feira";"13:50:00";"MG";262;385;"MATEUS LEME";"Chuva";"Saída de leito carroçável";"Com Vítimas Feridas";"Pleno dia";"Crescente";"Chuva";"Dupla";"Curva";"Não";1;0;1;0;0;0;1;1;-19,93325094;-44,42077402;"SPRF-MG";"DEL01-MG";"UOP03-DEL01-MG"
404858;2021-12-30;"quinta-feira";"16:15:00";"PR";277;35,1;"MORRETES";"Condutor deixou de manter distância do veículo da frente";"Colisão traseira";"Com Vítimas Feridas";"Pleno dia";"Decrescente";"Chuva";"Dupla";"Curva";"Não";3;0;1;0;2;0;1;3;-25,57416694;-48,82987822;"SPRF-PR";"DEL01-PR";"UOP05-DEL01-PR"
404861;2021-12-30;"quinta-feira";"16:45:00";"SP";116;282;"EMBU DAS ARTES";"Transitar na contramão";"Colisão frontal";"Sem Vítimas";"Pleno dia";"Crescente";"Chuva";"Simples";"Retorno Regulamentado";"Não";2;0;0;0;2;0;0;2;-23,660962;-46,852965;"SPRF-SP";"DEL04-SP";"UOP01-DEL04-SP"
404862;2021-12-30;"quinta-feira";"16:00:00";"BA";324;582,2;"CANDEIAS";"Afundamento ou ondulação no pavimento";"Saída de leito carroçável";"Com Vítimas Feridas";"Pleno dia";"Crescente";"Nublado";"Dupla";"Curva";"Não";4;0;1;1;0;2;2;2;-12,61747913;-38,48493576;"SPRF-BA";"DEL01-BA";"UOP01-DEL01-BA"
404864;2021-12-30;"quinta-feira";"16:50:00";"RS";290;93;"PORTO ALEGRE";"Ausência de reação do condutor";"Colisão traseira";"Com Vítimas Feridas";"Pleno dia";"Decrescente";"Céu Claro";"Dupla";"Reta";"Sim";3;0;1;0;2;0;1;2;-29,970839;-51,187725;"SPRF-RS";"DEL01-RS";"UOP01-DEL01-RS"
404865;2021-12-30;"quinta-feira";"14:30:00";"PR";163;159,5;"LINDOESTE";"Velocidade Incompatível";"Saída de leito carroçável";"Com Vítimas Feridas";"Pleno dia";"Crescente";"Chuva";"Simples";"Curva";"Não";2;0;2;0;0;0;2;1;-25,31450711;-53,59136559;"SPRF-PR";"DEL05-PR";"UOP05-DEL05-PR"
404866;2021-12-30;"quinta-feira";"16:50:00";"PR";116;38;"CAMPINA GRANDE DO SUL";"Chuva";"Colisão com objeto";"Com Vítimas Feridas";"Pleno dia";"Crescente";"Chuva";"Dupla";"Curva;Declive";"Não";5;0;2;0;3;0;2;1;-25,14802509;-48,85922071;"SPRF-PR";"DEL01-PR";"UOP02-DEL01-PR"
404867;2021-12-30;"quinta-feira";"16:10:00";"MS";163;503;"JARAGUARI";"Reação tardia ou ineficiente do condutor";"Colisão com objeto";"Com Vítimas Feridas";"Pleno dia";"Decrescente";"Céu Claro";"Simples";"Reta";"Sim";2;0;0;2;0;0;2;1;-20,30248229;-54,5053525;"SPRF-MS";"DEL01-MS";"UOP02-DEL01-MS"
404868;2021-12-30;"quinta-feira";"17:15:00";"RJ";116;95;"GUAPIMIRIM";"Chuva";"Colisão frontal";"Com Vítimas Feridas";"Pleno dia";"Crescente";"Chuva";"Simples";"Curva";"Sim";4;0;2;0;2;0;2;2;-22,47374702;-43,00117923;"SPRF-RJ";"DEL04-RJ";"UOP02-DEL04-RJ"
404869;2021-12-30;"quinta-feira";"16:30:00";"PR";116;114;"CURITIBA";"Acumulo de água sobre o pavimento";"Saída de leito carroçável";"Com Vítimas Feridas";"Pleno dia";"Crescente";"Chuva";"Dupla";"Reta";"Sim";2;0;1;0;1;0;1;1;-25,56296907;-49,25643801;"SPRF-PR";"DEL01-PR";"UOP01-DEL01-PR"
404870;2021-12-30;"quinta-feira";"16:36:00";"SC";282;500;"XANXERE";"Acumulo de água sobre o pavimento";"Saída de leito carroçável";"Sem Vítimas";"Pleno dia";"Decrescente";"Chuva";"Dupla";"Curva";"Sim";2;0;0;0;2;0;0;1;-26,881372;-52,37252;"SPRF-SC";"DEL07-SC";"UOP01-DEL07-SC"
404871;2021-12-30;"quinta-feira";"16:20:00";"RJ";493;56;"DUQUE DE CAXIAS";"Acumulo de água sobre o pavimento";"Capotamento";"Com Vítimas Feridas";"Pleno dia";"Crescente";"Chuva";"Múltipla";"Reta";"Não";7;0;6;0;1;0;6;1;-22,672089;-43,285053;"SPRF-RJ";"DEL01-RJ";"UOP01-DEL01-RJ"
404872;2021-12-30;"quinta-feira";"17:20:00";"GO";153;529,1;"HIDROLANDIA";"Chuva";"Saída de leito carroçável";"Com Vítimas Feridas";"Anoitecer";"Crescente";"Chuva";"Dupla";"Reta";"Não";5;0;3;0;2;0;3;1;-16,9603;-49,2384;"SPRF-GO";"DEL01-GO";"UOP03-DEL01-GO"
404873;2021-12-30;"quinta-feira";"17:30:00";"SC";101;409,7;"ARARANGUA";"Condutor deixou de manter distância do veículo da frente";"Colisão traseira";"Com Vítimas Feridas";"Pleno dia";"Decrescente";"Céu Claro";"Simples";"Declive;Reta";"Sim";7;0;3;0;4;0;3;2;-28,91482796;-49,48625305;"SPRF-SC";"DEL02-SC";"UOP02-DEL02-SC"
404877;2021-12-30;"quinta-feira";"15:00:00";"PR";277;128;"CAMPO LARGO";"Ausência de reação do condutor";"Saída de leito carroçável";"Com Vítimas Feridas";"Pleno dia";"Decrescente";"Chuva";"Dupla";"Curva";"Sim";4;0;2;0;2;0;2;1;-25,44518045;-49,4985659;"SPRF-PR";"DEL01-PR";"UOP03-DEL03-PR"
404879;2021-12-30;"quinta-feira";"17:00:00";"PE";408;86;"PAUDALHO";"Manobra de mudança de faixa";"Colisão lateral mesmo sentido";"Com Vítimas Feridas";"Anoitecer";"Decrescente";"Céu Claro";"Dupla";"Reta";"Não";3;0;0;2;0;1;2;2;-7,89701706;-35,17300548;"SPRF-PE";"DEL01-PE";"UOP01-DEL01-PE"
404880;2021-12-30;"quinta-feira";"18:10:00";"PR";476;149,8;"ARAUCARIA";"Velocidade Incompatível";"Saída de leito carroçável";"Com Vítimas Feridas";"Pleno dia";"Decrescente";"Chuva";"Dupla";"Curva";"Não";1;0;0;1;0;0;1;1;-25,557926;-49,358585;"SPRF-PR";"DEL01-PR";"UOP03-DEL01-PR"
404881;2021-12-30;"quinta-feira";"14:40:00";"MG";262;109,5;"RIO CASCA";"Condutor deixou de manter distância do veículo da frente";"Colisão traseira";"Sem Vítimas";"Pleno dia";"Crescente";"Nublado";"Simples";"Aclive";"Não";2;0;0;0;2;0;0;2;-20,26755156;-42,57820129;"SPRF-MG";"DEL03-MG";"UOP03-DEL03-MG"
404883;2021-12-30;"quinta-feira";"13:00:00";"MG";153;115;"PRATA";"Velocidade Incompatível";"Saída de leito carroçável";"Com Vítimas Feridas";"Pleno dia";"Crescente";"Céu Claro";"Simples";"Reta";"Não";1;0;1;0;0;0;1;1;-19,35799102;-48,89940295;"SPRF-MG";"DEL15-MG";"UOP03-DEL15-MG"
404884;2021-12-30;"quinta-feira";"17:00:00";"MG";153;144,9;"CAMPO FLORIDO";"Reação tardia ou ineficiente do condutor";"Saída de leito carroçável";"Com Vítimas Feridas";"Pleno dia";"Crescente";"Céu Claro";"Simples";"Declive";"Não";5;0;5;0;0;0;5;1;-19,59964093;-48,83389116;"SPRF-MG";"DEL13-MG";"UOP02-DEL13-MG"
404886;2021-12-30;"quinta-feira";"18:45:00";"RN";304;24,2;"MOSSORO";"Velocidade Incompatível";"Saída de leito carroçável";"Com Vítimas Feridas";"Plena Noite";"Crescente";"Céu Claro";"Múltipla";"Curva";"Não";2;0;1;0;1;0;1;1;-5,06637976;-37,33139645;"SPRF-RN";"DEL04-RN";"UOP02-DEL04-RN"
404887;2021-12-30;"quinta-feira";"17:14:00";"SC";101;203,1;"SAO JOSE";"Ausência de reação do condutor";"Colisão traseira";"Sem Vítimas";"Pleno dia";"Crescente";"Nublado";"Múltipla";"Interseção de Vias";"Sim";2;0;0;0;2;0;0;2;-27,56569426;-48,61473799;"SPRF-SC";"DEL01-SC";"UOP01-DEL01-SC"
404888;2021-12-30;"quinta-feira";"18:20:00";"PR";116;6;"CAMPINA GRANDE DO SUL";"Velocidade Incompatível";"Saída de leito carroçável";"Sem Vítimas";"Pleno dia";"Decrescente";"Chuva";"Múltipla";"Reta";"Não";1;0;0;0;1;0;0;1;-25,08710459;-48,60776389;"SPRF-PR";"DEL01-PR";"UOP02-DEL01-PR"
404889;2021-12-30;"quinta-feira";"18:45:00";"SE";101;92;"NOSSA SENHORA DO SOCORRO";"Avarias e/ou desgaste excessivo no pneu";"Tombamento";"Com Vítimas Feridas";"Plena Noite";"Crescente";"Nublado";"Dupla";"Curva";"Não";2;0;2;0;0;0;2;1;-10,90169474;-37,13619222;"SPRF-SE";"DEL01-SE";"UOP01-DEL01-SE"
404890;2021-12-30;"quinta-feira";"18:40:00";"PE";316;55;"TRINDADE";"Acessar a via sem observar a presença dos outros veículos";"Colisão transversal";"Com Vítimas Feridas";"Plena Noite";"Decrescente";"Céu Claro";"Simples";"Reta";"Não";2;0;1;0;1;0;1;2;-7,76160912;-40,26138334;"SPRF-PE";"DEL05-PE";"UOP02-DEL05-PE"
404892;2021-12-30;"quinta-feira";"18:15:00";"SP";116;104,4;"TAUBATE";"Condutor deixou de manter distância do veículo da frente";"Colisão traseira";"Com Vítimas Feridas";"Anoitecer";"Crescente";"Chuva";"Dupla";"Aclive";"Sim";3;0;2;0;1;0;2;3;-23,00340176;-45,50626912;"SPRF-SP";"DEL08-SP";"UOP01-DEL08-SP"
404893;2021-12-30;"quinta-feira";"13:40:00";"MG";50;18,4;"ARAGUARI";"Velocidade Incompatível";"Saída de leito carroçável";"Com Vítimas Feridas";"Pleno dia";"Crescente";"Chuva";"Dupla";"Aclive;Reta";"Não";1;0;1;0;0;0;1;1;-18,56994301;-48,06189574;"SPRF-MG";"DEL15-MG";"UOP02-DEL15-MG"
404894;2021-12-30;"quinta-feira";"18:00:00";"PB";104;116,1;"LAGOA SECA";"Ingestão de álcool pelo condutor";"Saída de leito carroçável";"Com Vítimas Feridas";"Anoitecer";"Crescente";"Céu Claro";"Simples";"Curva";"Não";1;0;1;0;0;0;1;1;-7,18022102;-35,86480593;"SPRF-PB";"DEL02-PB";"UOP04-DEL02-PB"
404895;2021-12-30;"quinta-feira";"19:10:00";"SC";101;137;"BALNEARIO CAMBORIU";"Acessar a via sem observar a presença dos outros veículos";"Colisão transversal";"Com Vítimas Feridas";"Anoitecer";"Crescente";"Céu Claro";"Simples";"Reta";"Sim";2;0;1;0;1;0;1;2;-27,0157238;-48,61192763;"SPRF-SC";"DEL04-SC";"UOP03-DEL04-SC"
404897;2021-12-30;"quinta-feira";"18:10:00";"RR";174;502;"BOA VISTA";"Reação tardia ou ineficiente do condutor";"Colisão traseira";"Com Vítimas Feridas";"Plena Noite";"Crescente";"Céu Claro";"Dupla";"Reta";"Sim";3;0;1;0;2;0;1;2;2,787376;-60,699524;"SPRF-RR";"DEL01-RR";"UOP01-DEL01-RR"
404898;2021-12-30;"quinta-feira";"18:15:00";"SP";116;425,8;"REGISTRO";"Velocidade Incompatível";"Capotamento";"Com Vítimas Feridas";"Anoitecer";"Decrescente";"Chuva";"Dupla";"Curva";"Não";3;0;1;0;2;0;1;1;-24,37992402;-47,71315899;"SPRF-SP";"DEL05-SP";"UOP01-DEL05-SP"
404899;2021-12-30;"quinta-feira";"19:20:00";"SC";101;119,1;"ITAJAI";"Ingestão de álcool pelo condutor";"Colisão traseira";"Com Vítimas Feridas";"Anoitecer";"Crescente";"Céu Claro";"Dupla";"Reta";"Sim";2;0;1;0;1;0;1;2;-26,9043179;-48,71555481;"SPRF-SC";"DEL04-SC";"UOP04-DEL04-SC"
404900;2021-12-30;"quinta-feira";"10:30:00";"MG";40;121;"JOAO PINHEIRO";"Mal súbito do condutor";"Saída de leito carroçável";"Com Vítimas Feridas";"Pleno dia";"Crescente";"Chuva";"Simples";"Reta";"Não";5;0;5;0;0;0;5;1;-17,6638974;-46,35562202;"SPRF-MG";"DEL14-MG";"UOP01-DEL14-MG"
404901;2021-12-30;"quinta-feira";"14:41:00";"RJ";40;93,5;"DUQUE DE CAXIAS";"Velocidade Incompatível";"Capotamento";"Com Vítimas Feridas";"Pleno dia";"Crescente";"Chuva";"Simples";"Declive;Curva";"Não";1;0;1;0;0;0;1;1;-22,55678379;-43,26308727;"SPRF-RJ";"DEL01-RJ";"UOP01-DEL01-RJ"
404902;2021-12-30;"quinta-feira";"19:00:00";"SC";101;79;"BARRA VELHA";"Ingestão de álcool pelo condutor";"Colisão traseira";"Sem Vítimas";"Anoitecer";"Crescente";"Nublado";"Múltipla";"Reta";"Sim";2;0;0;0;2;0;0;2;-26,59161074;-48,72216582;"SPRF-SC";"DEL03-SC";"UOP02-DEL03-SC"