"id";"data_inversa";"dia_semana";"horario";"uf";"br";"km";"municipio";"causa_acidente";"tipo_acidente";"classificacao_acidente";"fase_dia";"sentido_via";"condicao_metereologica";"tipo_pista";"tracado_via";"uso_solo";"pessoas";"mortos";"feridos_leves";"feridos_graves";"ilesos";"ignorados";"feridos";"veiculos";"latitude";"longitude";"regional";"delegacia";"uop"
405008;2021-12-31;"sexta-feira";"10:15:00";"RN";427;25;"ACARI";"Frear bruscamente";"Queda de ocupante de veículo";"Com Vítimas Feridas";"Pleno dia";"Crescente";"Céu Claro";"Simples";"Reta";"Não";1;0;0;1;0;0;1;1;-6,41164797;-36,64193857;"SPRF-RN";"DEL03-RN";"UOP02-DEL03-RN"
405009;2021-12-31;"sexta-feira";"10:30:00";"SC";280;6,2;"SAO FRANCISCO DO SUL";"Reação tardia ou ineficiente do condutor";"Colisão traseira";"Com Vítimas Feridas";"Pleno dia";"Decrescente";"Nublado";"Simples";"Reta";"Não";2;0;0;1;1;0;1;2;-26,26569095;-48,63361804;"SPRF-SC";"DEL03-SC";"UOP03-DEL03-SC"
405011;2021-10-05;"terça-feira";"06:00:00";"BA";116;402;"FEIRA DE SANTANA";"Condutor deixou de manter distância do veículo da frente";"Colisão traseira";"Com Vítimas Feridas";"Pleno dia";"Crescente";"Ignorado";"Simples";"Reta";"Não";3;0;1;0;0;2;1;3;-12,04654101;-38,97030341;"SPRF-BA";"DEL02-BA";"UOP01-DEL02-BA"
405012;2021-12-31;"sexta-feira";"08:55:00";"SE";101;183,7;"UMBAUBA";"Ingestão de álcool pelo condutor";"Colisão com objeto";"Sem Vítimas";"Pleno dia";"Crescente";"Céu Claro";"Simples";"Interseção de Vias";"Sim";1;0;0;0;1;0;0;1;-11,37900039;-37,6630326;"SPRF-SE";"DEL02-SE";"UOP03-DEL02-SE"
405013;2021-12-31;"sexta-feira";"09:44:00";"RO";319;59,5;"PORTO VELHO";"Condutor desrespeitou a iluminação vermelha do semáforo";"Colisão transversal";"Sem Vítimas";"Pleno dia";"Decrescente";"Sol";"Dupla";"Interseção de Vias";"Sim";4;0;0;0;4;0;0;2;-8,766685;-63,884052;"SPRF-RO";"DEL01-RO";"UOP01-DEL01-RO"
405014;2021-12-31;"sexta-feira";"08:40:00";"SP";116;110;"TAUBATE";"Pista Escorregadia";"Queda de ocupante de veículo";"Com Vítimas Feridas";"Pleno dia";"Decrescente";"Chuva";"Dupla";"Curva";"Sim";2;0;2;0;0;0;2;1;-23,03412614;-45,5526999;"SPRF-SP";"DEL08-SP";"UOP01-DEL08-SP"
405015;2021-12-31;"sexta-feira";"11:00:00";"MG";116;414,8;"GOVERNADOR VALADARES";"Condutor deixou de manter distância do veículo da frente";"Tombamento";"Com Vítimas Feridas";"Pleno dia";"Decrescente";"Nublado";"Simples";"Ponte";"Sim";1;0;0;1;0;0;1;1;-18,88102703;-41,95910802;"SPRF-MG";"DEL06-MG";"UOP01-DEL06-MG"
405016;2021-12-31;"sexta-feira";"11:55:00";"PB";101;107;"ALHANDRA";"Ausência de reação do condutor";"Colisão traseira";"Com Vítimas Feridas";"Pleno dia";"Crescente";"Céu Claro";"Dupla";"Reta";"Não";2;0;1;0;1;0;1;2;-7,32549201;-34,94709877;"SPRF-PB";"DEL01-PB";"UOP02-DEL01-PB"
405017;2021-12-31;"sexta-feira";"11:40:00";"PE";101;68,8;"RECIFE";"Manobra de mudança de faixa";"Colisão traseira";"Com Vítimas Feridas";"Pleno dia";"Decrescente";"Sol";"Múltipla";"Reta";"Sim";2;0;1;0;0;1;1;2;-8,05074296;-34,94580619;"SPRF-PE";"DEL01-PE";"UOP01-DEL01-PE"
405018;2021-12-31;"sexta-feira";"11:18:00";"RJ";101;490;"ANGRA DOS REIS";"Ausência de reação do condutor";"Colisão frontal";"Com Vítimas Feridas";"Pleno dia";"Crescente";"Chuva";"Simples";"Declive";"Não";6;0;3;0;3;0;3;2;-22,95640053;-44,31282898;"SPRF-RJ";"DEL03-RJ";"UOP03-DEL03-RJ"
405019;2021-12-31;"sexta-feira";"11:30:00";"DF";60;15;"BRASILIA";"Ingestão de álcool pelo condutor";"Colisão lateral mesmo sentido";"Sem Vítimas";"Pleno dia";"Decrescente";"Nublado";"Dupla";"Reta";"Não";2;0;0;0;2;0;0;2;-15,943619;-48,172115;"SPRF-DF";"DEL03-DF";"UOP01-DEL03-DF"
405020;2021-12-31;"sexta-feira";"11:55:00";"SC";101;138,5;"BALNEARIO CAMBORIU";"Ausência de reação do condutor";"Colisão com objeto";"Com Vítimas Feridas";"Pleno dia";"Decrescente";"Garoa/Chuvisco";"Múltipla";"Curva";"Sim";2;0;2;0;0;0;2;1;-27,02397426;-48,60761649;"SPRF-SC";"DEL04-SC";"UOP03-DEL04-SC"
405021;2021-12-31;"sexta-feira";"11:15:00";"ES";262;120,7;"CONCEICAO DO CASTELO";"Velocidade Incompatível";"Saída de leito carroçável";"Com Vítimas Feridas";"Pleno dia";"Decrescente";"Nublado";"Simples";"Declive;Curva";"Não";1;0;0;1;0;0;1;1;-20,29365543;-41,23018943;"SPRF-ES";"DEL01-ES";"UOP02-DEL01-ES"
405022;2021-12-31;"sexta-feira";"11:00:00";"SP";116;340,3;"MIRACATU";"Problema na suspensão";"Saída de leito carroçável";"Sem Vítimas";"Pleno dia";"Decrescente";"Garoa/Chuvisco";"Dupla";"Declive;Curva";"Não";1;0;0;0;1;0;0;1;-24,00328505;-47,15633198;"SPRF-SP";"DEL04-SP";"UOP02-DEL04-SP"
405023;2021-12-31;"sexta-feira";"09:30:00";"RS";386;51;"SEBERI";"Acessar a via sem observar a presença dos outros veículos";"Colisão transversal";"Com Vítimas Feridas";"Pleno dia";"Decrescente";"Céu Claro";"Simples";"Interseção de Vias";"Não";2;0;1;0;1;0;1;2;-27,4946819;-53,3906579;"SPRF-RS";"DEL08-RS";"UOP02-DEL08-RS"
405024;2021-12-31;"sexta-feira";"11:15:00";"ES";101;391,5;"RIO NOVO DO SUL";"Retorno proibido";"Colisão transversal";"Com Vítimas Feridas";"Pleno dia";"Decrescente";"Nublado";"Simples";"Reta";"Não";5;0;4;0;1;0;4;2;-20,86499361;-40,90030608;"SPRF-ES";"DEL03-ES";"UOP02-DEL03-ES"
405025;2021-12-31;"sexta-feira";"11:30:00";"RO";364;7;"VILHENA";"Chuva";"Colisão traseira";"Com Vítimas Feridas";"Pleno dia";"Crescente";"Chuva";"Simples";"Reta";"Não";2;0;1;0;1;0;1;2;-12,77528271;-60,09343457;"SPRF-RO";"DEL04-RO";"UOP01-DEL04-RO"
405029;2021-12-31;"sexta-feira";"13:00:00";"MG";40;469;"SETE LAGOAS";"Acumulo de água sobre o pavimento";"Saída de leito carroçável";"Com Vítimas Feridas";"Pleno dia";"Decrescente";"Chuva";"Dupla";"Declive;Curva";"Não";1;0;1;0;0;0;1;1;-19,46099279;-44,30121988;"SPRF-MG";"DEL02-MG";"UOP01-DEL02-MG"
405030;2021-12-31;"sexta-feira";"12:40:00";"MG";40;459,8;"CAETANOPOLIS";"Avarias e/ou desgaste excessivo no pneu";"Saída de leito carroçável";"Com Vítimas Feridas";"Pleno dia";"Crescente";"Chuva";"Dupla";"Declive;Curva";"Não";2;0;2;0;0;0;2;1;-19,393978;-44,334516;"SPRF-MG";"DEL02-MG";"UOP01-DEL02-MG"
405031;2021-12-31;"sexta-feira";"10:40:00";"MG";354;748,5;"ITANHANDU";"Reação tardia ou ineficiente do condutor";"Colisão frontal";"Com Vítimas Feridas";"Pleno dia";"Decrescente";"Chuva";"Simples";"Curva";"Não";4;0;3;0;1;0;3;2;-22,26374472;-44,89067792;"SPRF-MG";"DEL17-MG";"UOP01-DEL17-MG"
405033;2021-12-31;"sexta-feira";"12:30:00";"ES";101;219;"IBIRACU";"Acumulo de água sobre o pavimento";"Colisão com objeto";"Com Vítimas Feridas";"Pleno dia";"Crescente";"Chuva";"Dupla";"Curva";"Não";1;0;1;0;0;0;1;1;-19,86460092;-40,38336629;"SPRF-ES";"DEL02-ES";"UOP01-DEL02-ES"
405035;2021-12-31;"sexta-feira";"11:30:00";"MG";267;21;"ARGIRITA";"Velocidade Incompatível";"Saída de leito carroçável";"Com Vítimas Feridas";"Pleno dia";"Crescente";"Chuva";"Simples";"Curva";"Não";2;0;1;0;1;0;1;1;-21,59274447;-42,78538272;"SPRF-MG";"DEL07-MG";"UOP01-DEL07-MG"
405036;2021-12-31;"sexta-feira";"12:30:00";"SC";280;57,5;"GUARAMIRIM";"Acessar a via sem observar a presença dos outros veículos";"Colisão transversal";"Com Vítimas Feridas";"Pleno dia";"Crescente";"Nublado";"Dupla";"Rotatória";"Sim";2;0;0;1;0;1;1;2;-26,47415593;-49,021211;"SPRF-SC";"DEL03-SC";"UOP03-DEL03-SC"
405037;2021-12-31;"sexta-feira";"10:55:00";"SC";282;379,2;"HERVAL DOESTE";"Desrespeitar a preferência no cruzamento";"Colisão transversal";"Com Vítimas Feridas";"Pleno dia";"Decrescente";"Céu Claro";"Simples";"Rotatória";"Não";2;0;0;1;1;0;1;2;-27,214668;-51,489677;"SPRF-SC";"DEL07-SC";"UOP05-DEL07-SC"
405038;2021-12-31;"sexta-feira";"13:34:00";"ES";101;266,4;"SERRA";"Condutor desrespeitou a iluminação vermelha do semáforo";"Colisão transversal";"Com Vítimas Feridas";"Pleno dia";"Crescente";"Chuva";"Múltipla";"Interseção de Vias";"Sim";2;0;0;1;1;0;1;2;-20,190199;-40,26828891;"SPRF-ES";"DEL02-ES";"UOP01-DEL02-ES"
405039;2021-12-31;"sexta-feira";"11:50:00";"MG";381;261;"CORONEL FABRICIANO";"Condutor Dormindo";"Colisão frontal";"Com Vítimas Feridas";"Pleno dia";"Crescente";"Nublado";"Simples";"Curva";"Não";2;0;1;1;0;0;2;2;-19,53247551;-42,62935053;"SPRF-MG";"DEL03-MG";"UOP02-DEL03-MG"
405042;2021-12-31;"sexta-feira";"13:55:00";"PR";116;118;"CURITIBA";"Ausência de reação do condutor";"Colisão com objeto";"Com Vítimas Feridas";"Pleno dia";"Crescente";"Nublado";"Dupla";"Reta";"Sim";1;0;1;0;0;0;1;1;-25,54657438;-49,29173608;"SPRF-PR";"DEL01-PR";"UOP03-DEL01-PR"
405043;2021-12-31;"sexta-feira";"13:45:00";"MG";262;378;"JUATUBA";"Velocidade Incompatível";"Saída de leito carroçável";"Com Vítimas Feridas";"Pleno dia";"Crescente";"Chuva";"Dupla";"Curva";"Sim";1;0;1;0;0;0;1;1;-19,95652262;-44,3648278;"SPRF-MG";"DEL01-MG";"UOP03-DEL01-MG"
405045;2021-12-31;"sexta-feira";"14:20:00";"MG";40;777,3;"JUIZ DE FORA";"Chuva";"Colisão com objeto";"Com Vítimas Feridas";"Pleno dia";"Crescente";"Chuva";"Dupla";"Reta";"Não";4;0;2;0;2;0;2;1;-21,65915396;-43,43351652;"SPRF-MG";"DEL05-MG";"UOP01-DEL05-MG"
405047;2021-12-31;"sexta-feira";"13:52:00";"MG";365;51,3;"CLARO DOS POCOES";"Acumulo de óleo sobre o pavimento";"Capotamento";"Com Vítimas Feridas";"Pleno dia";"Crescente";"Chuva";"Simples";"Curva";"Não";2;0;2;0;0;0;2;1;-16,94950406;-44,24374485;"SPRF-MG";"DEL12-MG";"UOP01-DEL12-MG"
405048;2021-12-31;"sexta-feira";"14:00:00";"CE";222;3,7;"CAUCAIA";"Ingestão de álcool pelo condutor";"Colisão lateral mesmo sentido";"Sem Vítimas";"Pleno dia";"Decrescente";"Nublado";"Dupla";"Reta";"Sim";3;0;0;0;3;0;0;3;-3,75032633;-38,57464358;"SPRF-CE";"DEL01-CE";"UOP01-DEL01-CE"
405049;2021-12-31;"sexta-feira";"13:45:00";"MG";365;51,2;"CLARO DOS POCOES";"Acumulo de óleo sobre o pavimento";"Saída de leito carroçável";"Com Vítimas Feridas";"Pleno dia";"Crescente";"Chuva";"Simples";"Curva";"Não";1;0;1;0;0;0;1;1;-16,94950406;-44,24374485;"SPRF-MG";"DEL12-MG";"UOP01-DEL12-MG"
405050;2021-12-31;"sexta-feira";"13:25:00";"PR";467;79;"TOLEDO";"Avarias e/ou desgaste excessivo no pneu";"Queda de ocupante de veículo";"Com Vítimas Feridas";"Pleno dia";"Decrescente";"Céu Claro";"Dupla";"Aclive";"Não";2;0;1;0;1;0;1;1;-24,7786;-53,6791;"SPRF-PR";"DEL04-PR";"UOP01-DEL04-PR"
405051;2021-12-31;"sexta-feira";"14:40:00";"MG";40;764,5;"JUIZ DE FORA";"Velocidade Incompatível";"Colisão frontal";"Com Vítimas Feridas";"Pleno dia";"Decrescente";"Chuva";"Simples";"Curva";"Não";7;0;3;3;1;0;6;2;-21,5606587;-43,49865196;"SPRF-MG";"DEL05-MG";"UOP01-DEL05-MG"
405052;2021-12-31;"sexta-feira";"14:20:00";"PE";101;41,2;"IGARASSU";"Ingestão de álcool pelo condutor";"Saída de leito carroçável";"Com Vítimas Fatais";"Pleno dia";"Decrescente";"Céu Claro";"Dupla";"Reta";"Sim";2;1;0;1;0;0;1;1;-7,83038346;-34,91426785;"SPRF-PE";"DEL01-PE";"UOP02-DEL01-PE"
405053;2021-12-31;"sexta-feira";"13:30:00";"GO";60;87,8;"ANAPOLIS";"Reação tardia ou ineficiente do condutor";"Colisão traseira";"Com Vítimas Feridas";"Pleno dia";"Crescente";"Céu Claro";"Dupla";"Aclive";"Sim";5;0;1;0;3;1;1;2;-16,3258;-48,8803;"SPRF-GO";"DEL02-GO";"UOP01-DEL02-GO"
405054;2021-12-31;"sexta-feira";"13:40:00";"DF";20;49;"BRASILIA";"Velocidade Incompatível";"Saída de leito carroçável";"Com Vítimas Fatais";"Pleno dia";"Crescente";"Chuva";"Dupla";"Reta;Declive";"Não";6;1;1;1;3;0;2;2;-15,582393;-47,43119;"SPRF-DF";"DEL02-DF";"UOP01-DEL02-DF"
405056;2021-12-31;"sexta-feira";"14:45:00";"RO";364;242;"CACOAL";"Acessar a via sem observar a presença dos outros veículos";"Colisão frontal";"Com Vítimas Feridas";"Pleno dia";"Crescente";"Nublado";"Simples";"Reta";"Sim";2;0;1;0;1;0;1;2;-11,44084787;-61,48767999;"SPRF-RO";"DEL02-RO";"UOP02-DEL02-RO"
405057;2021-12-31;"sexta-feira";"15:50:00";"PE";101;47;"ABREU E LIMA";"Condutor deixou de manter distância do veículo da frente";"Colisão traseira";"Com Vítimas Feridas";"Pleno dia";"Decrescente";"Céu Claro";"Múltipla";"Reta";"Sim";4;0;2;0;2;0;2;3;-7,890606;-34,903447;"SPRF-PE";"DEL01-PE";"UOP02-DEL01-PE"
405058;2021-12-31;"sexta-feira";"14:45:00";"PR";376;427,9;"TIBAGI";"Chuva";"Saída de leito carroçável";"Com Vítimas Feridas";"Pleno dia";"Crescente";"Chuva";"Dupla";"Curva";"Não";4;0;4;0;0;0;4;1;-24,774052;-50,519399;"SPRF-PR";"DEL03-PR";"UOP02-DEL03-PR"
405060;2021-12-31;"sexta-feira";"14:50:00";"SC";101;138,5;"BALNEARIO CAMBORIU";"Reação tardia ou ineficiente do condutor";"Colisão com objeto";"Com Vítimas Feridas";"Pleno dia";"Decrescente";"Garoa/Chuvisco";"Simples";"Curva";"Sim";1;0;1;0;0;0;1;1;-27,02397426;-48,60761649;"SPRF-SC";"DEL04-SC";"UOP03-DEL04-SC"
405061;2021-12-31;"sexta-feira";"15:10:00";"PR";116;38;"CAMPINA GRANDE DO SUL";"Velocidade Incompatível";"Capotamento";"Com Vítimas Feridas";"Pleno dia";"Crescente";"Chuva";"Dupla";"Curva";"Não";5;0;5;0;0;0;5;1;-25,14802509;-48,85922071;"SPRF-PR";"DEL01-PR";"UOP02-DEL01-PR"
405063;2021-12-31;"sexta-feira";"15:00:00";"SC";101;134;"BALNEARIO CAMBORIU";"Condutor deixou de manter distância do veículo da frente";"Colisão traseira";"Sem Vítimas";"Pleno dia";"Crescente";"Nublado";"Dupla";"Reta";"Sim";3;0;0;0;3;0;0;3;-27,00218;-48,636433;"SPRF-SC";"DEL04-SC";"UOP03-DEL04-SC"
405064;2021-12-31;"sexta-feira";"15:30:00";"PR";116;104,9;"SAO JOSE DOS PINHAIS";"Velocidade Incompatível";"Colisão frontal";"Com Vítimas Feridas";"Pleno dia";"Crescente";"Chuva";"Dupla";"Reta";"Não";3;0;2;0;1;0;2;2;-25,57143267;-49,20915117;"SPRF-PR";"DEL01-PR";"UOP01-DEL01-PR"
405065;2021-12-31;"sexta-feira";"14:45:00";"MA";135;40,3;"BACABEIRA";"Acumulo de água sobre o pavimento";"Capotamento";"Sem Vítimas";"Pleno dia";"Decrescente";"Chuva";"Dupla";"Reta";"Não";2;0;0;0;2;0;0;1;-2,89345676;-44,37292277;"SPRF-MA";"DEL01-MA";"UOP01-DEL01-MA"
405067;2021-12-31;"sexta-feira";"15:30:00";"SP";116;212;"GUARULHOS";"Chuva";"Capotamento";"Com Vítimas Feridas";"Pleno dia";"Crescente";"Chuva";"Múltipla";"Reta";"Não";3;0;3;0;0;0;3;1;-23,43608315;-46,42805094;"SPRF-SP";"DEL01-SP";"UOP01-DEL01-SP"
405070;2021-12-31;"sexta-feira";"16:25:00";"PR";116;40;"CAMPINA GRANDE DO SUL";"Reação tardia ou ineficiente do condutor";"Colisão com objeto";"Com Vítimas Feridas";"Pleno dia";"Decrescente";"Chuva";"Dupla";"Curva";"Não";1;0;1;0;0;0;1;1;-25,16813504;-48,86573911;"SPRF-PR";"DEL01-PR";"UOP02-DEL01-PR"
405071;2021-12-31;"sexta-feira";"16:05:00";"TO";153;139;"ARAGUAINA";"Ausência de reação do condutor";"Capotamento";"Com Vítimas Feridas";"Pleno dia";"Crescente";"Nublado";"Dupla";"Reta";"Sim";1;0;1;0;0;0;1;1;-7,16325275;-48,20698926;"SPRF-TO";"DEL02-TO";"UOP01-DEL02-TO"
405072;2021-12-31;"sexta-feira";"15:25:00";"BA";324;587;"CANDEIAS";"Reação tardia ou ineficiente do condutor";"Capotamento";"Com Vítimas Feridas";"Pleno dia";"Crescente";"Céu Claro";"Dupla";"Curva";"Não";1;0;1;0;0;0;1;1;-12,64715411;-38,47504041;"SPRF-BA";"DEL01-BA";"UOP01-DEL01-BA"
405073;2021-12-31;"sexta-feira";"16:40:00";"RJ";40;102;"DUQUE DE CAXIAS";"Ingestão de álcool pelo condutor";"Colisão traseira";"Sem Vítimas";"Pleno dia";"Decrescente";"Garoa/Chuvisco";"Múltipla";"Reta";"Sim";2;0;0;0;2;0;0;2;-22,61089297;-43,28656077;"SPRF-RJ";"DEL01-RJ";"UOP01-DEL01-RJ"
405075;2021-12-31;"sexta-feira";"16:00:00";"MG";40;634,8;"CONSELHEIRO LAFAIETE";"Ingestão de álcool pelo condutor";"Saída de leito carroçável";"Com Vítimas Feridas";"Pleno dia";"Decrescente";"Nublado";"Simples";"Curva";"Não";2;0;1;0;1;0;1;1;-20,70030984;-43,79296487;"SPRF-MG";"DEL05-MG";"UOP02-DEL05-MG"
405077;2021-12-31;"sexta-feira";"15:50:00";"PA";10;12,6;"DOM ELISEU";"Acumulo de água sobre o pavimento";"Saída de leito carroçável";"Com Vítimas Feridas";"Pleno dia";"Crescente";"Chuva";"Simples";"Curva";"Não";1;0;1;0;0;0;1;1;-4,339672;-47,53645995;"SPRF-PA";"DEL02-PA";"UOP02-DEL02-PA"
405078;2021-12-31;"sexta-feira";"16:35:00";"ES";101;149;"LINHARES";"Manobra de mudança de faixa";"Colisão lateral mesmo sentido";"Com Vítimas Feridas";"Pleno dia";"Crescente";"Céu Claro";"Múltipla";"Interseção de Vias";"Sim";3;0;1;0;1;1;1;2;-19,39619083;-40,06435871;"SPRF-ES";"DEL04-ES";"UOP01-DEL04-ES"
405079;2021-12-31;"sexta-feira";"15:30:00";"SP";116;362;"MIRACATU";"Chuva";"Tombamento";"Com Vítimas Feridas";"Pleno dia";"Crescente";"Chuva";"Dupla";"Curva";"Não";3;0;0;2;0;1;2;2;-24,1220177;-47,27047772;"SPRF-SP";"DEL04-SP";"UOP02-DEL04-SP"
405080;2021-12-31;"sexta-feira";"16:55:00";"BA";324;605;"SIMOES FILHO";"Manobra de mudança de faixa";"Colisão lateral mesmo sentido";"Com Vítimas Feridas";"Pleno dia";"Decrescente";"Céu Claro";"Dupla";"Reta";"Sim";2;0;1;0;1;0;1;2;-12,78605114;-38,40972508;"SPRF-BA";"DEL01-BA";"UOP01-DEL01-BA"
405081;2021-12-31;"sexta-feira";"15:05:00";"SC";101;155,1;"PORTO BELO";"Reação tardia ou ineficiente do condutor";"Saída de leito carroçável";"Com Vítimas Feridas";"Pleno dia";"Crescente";"Nublado";"Simples";"Curva";"Não";2;0;2;0;0;0;2;1;-27,16292;-48,61129;"SPRF-SC";"DEL04-SC";"UOP03-DEL04-SC"
405084;2021-12-31;"sexta-feira";"16:45:00";"MG";40;642,1;"CONSELHEIRO LAFAIETE";"Chuva";"Tombamento";"Com Vítimas Feridas";"Pleno dia";"Decrescente";"Chuva";"Simples";"Reta";"Não";1;0;1;0;0;0;1;1;-20,76053517;-43,80551761;"SPRF-MG";"DEL05-MG";"UOP02-DEL05-MG"
405085;2021-12-31;"sexta-feira";"16:00:00";"ES";262;29;"DOMINGOS MARTINS";"Velocidade Incompatível";"Colisão com objeto";"Com Vítimas Fatais";"Pleno dia";"Crescente";"Nublado";"Simples";"Ponte";"Não";3;1;2;0;0;0;2;1;-20,3763314;-40,5601716;"SPRF-ES";"DEL01-ES";"UOP01-DEL01-ES"
405087;2021-12-31;"sexta-feira";"17:30:00";"MG";381;671,4;"PERDOES";"Velocidade Incompatível";"Saída de leito carroçável";"Com Vítimas Feridas";"Anoitecer";"Crescente";"Chuva";"Dupla";"Declive;Curva";"Não";3;0;1;1;1;0;2;1;-21,065439;-45,052536;"SPRF-MG";"DEL04-MG";"UOP02-DEL04-MG"
405088;2021-12-31;"sexta-feira";"17:00:00";"SP";116;383;"MIRACATU";"Condutor Dormindo";"Saída de leito carroçável";"Com Vítimas Feridas";"Pleno dia";"Decrescente";"Nublado";"Dupla";"Reta";"Não";1;0;1;0;0;0;1;1;-24,24165679;-47,36329124;"SPRF-SP";"DEL04-SP";"UOP02-DEL04-SP"
405089;2021-12-31;"sexta-feira";"09:00:00";"MG";116;237,8;"TEOFILO OTONI";"Demais falhas na via";"Colisão com objeto";"Com Vítimas Feridas";"Pleno dia";"Crescente";"Nublado";"Simples";"Reta";"Não";1;0;1;0;0;0;1;1;-17,54651296;-41,47668488;"SPRF-MG";"DEL11-MG";"UOP01-DEL11-MG"
405090;2021-12-31;"sexta-feira";"17:30:00";"MG";381;568;"ITAGUARA";"Velocidade Incompatível";"Saída de leito carroçável";"Com Vítimas Feridas";"Pleno dia";"Crescente";"Chuva";"Dupla";"Curva";"Não";2;0;1;0;1;0;1;1;-20,42649228;-44,54458383;"SPRF-MG";"DEL04-MG";"UOP03-DEL04-MG"
405091;2021-12-31;"sexta-feira";"16:50:00";"PR";153;485,9;"GENERAL CARNEIRO";"Chuva";"Saída de leito carroçável";"Sem Vítimas";"Pleno dia";"Crescente";"Chuva";"Simples";"Curva";"Não";2;0;0;0;1;1;0;1;-26,39052418;-51,2720561;"SPRF-PR";"DEL02-PR";"UOP03-DEL02-PR"
405093;2021-12-31;"sexta-feira";"17:30:00";"SC";101;117,3;"ITAJAI";"Acessar a via sem observar a presença dos outros veículos";"Colisão transversal";"Com Vítimas Feridas";"Pleno dia";"Crescente";"Céu Claro";"Simples";"Rotatória";"Sim";2;0;1;0;1;0;1;2;-26,88747187;-48,72252969;"SPRF-SC";"DEL04-SC";"UOP04-DEL04-SC"
405094;2021-12-31;"sexta-feira";"17:20:00";"SP";381;69,7;"MAIRIPORA";"Chuva";"Colisão com objeto";"Com Vítimas Feridas";"Pleno dia";"Decrescente";"Chuva";"Dupla";"Curva";"Não";1;0;1;0;0;0;1;1;-23,34553108;-46,56787903;"SPRF-SP";"DEL03-SP";"UOP01-DEL03-SP"
405095;2021-12-31;"sexta-feira";"17:20:00";"MG";381;557,2;"ITAGUARA";"Velocidade Incompatível";"Saída de leito carroçável";"Com Vítimas Feridas";"Pleno dia";"Crescente";"Chuva";"Dupla";"Curva;Declive";"Não";2;0;2;0;0;0;2;1;-20,36904195;-44,46938756;"SPRF-MG";"DEL04-MG";"UOP03-DEL04-MG"
405096;2021-12-31;"sexta-feira";"11:51:00";"RJ";40;43;"AREAL";"Chuva";"Colisão com objeto";"Com Vítimas Feridas";"Pleno dia";"Decrescente";"Chuva";"Dupla";"Curva";"Não";3;0;2;0;1;0;2;1;-22,265139;-43,108506;"SPRF-RJ";"DEL05-RJ";"UOP02-DEL05-RJ"
405097;2021-12-31;"sexta-feira";"17:40:00";"PR";376;107,7;"PARANAVAI";"Reação tardia ou ineficiente do condutor";"Colisão com objeto";"Com Vítimas Feridas";"Pleno dia";"Decrescente";"Céu Claro";"Dupla";"Reta";"Sim";5;0;5;0;0;0;5;1;-23,06551806;-52,4281311;"SPRF-PR";"DEL09-PR";"UOP02-DEL09-PR"
405098;2021-12-31;"sexta-feira";"17:00:00";"PE";232;57,9;"POMBOS";"Conversão proibida";"Colisão transversal";"Com Vítimas Feridas";"Anoitecer";"Decrescente";"Céu Claro";"Simples";"Reta";"Sim";3;0;2;0;1;0;2;2;-8,13762681;-35,37336212;"SPRF-PE";"DEL02-PE";"UOP02-DEL02PE"
405099;2021-12-31;"sexta-feira";"17:50:00";"PR";116;92;"SAO JOSE DOS PINHAIS";"Velocidade Incompatível";"Saída de leito carroçável";"Sem Vítimas";"Pleno dia";"Crescente";"Garoa/Chuvisco";"Dupla";"Reta;Interseção de Vias";"Não";1;0;0;0;1;0;0;1;-25,51084092;-49,12605286;"SPRF-PR";"DEL01-PR";"UOP01-DEL01-PR"
405100;2021-12-31;"sexta-feira";"15:40:00";"MA";10;258;"IMPERATRIZ";"Frear bruscamente";"Tombamento";"Com Vítimas Feridas";"Pleno dia";"Crescente";"Chuva";"Simples";"Reta";"Sim";1;0;0;1;0;0;1;1;-5,481554;-47,472092;"SPRF-MA";"DEL04-MA";"UOP01-DEL04-MA"
405101;2021-12-31;"sexta-feira";"10:50:00";"BA";101;714;"EUNAPOLIS";"Acessar a via sem observar a presença dos outros veículos";"Tombamento";"Com Vítimas Feridas";"Pleno dia";"Crescente";"Nublado";"Simples";"Reta";"Sim";1;0;0;1;0;0;1;1;-16,349221;-39,58104;"SPRF-BA";"DEL09-BA";"UOP01-DEL09-BA"
405104;2021-12-31;"sexta-feira";"17:30:00";"ES";101;260;"SERRA";"Ausência de reação do condutor";"Tombamento";"Com Vítimas Feridas";"Pleno dia";"Crescente";"Chuva";"Dupla";"Reta";"Sim";1;0;1;0;0;0;1;1;-20,14616415;-40,28836206;"SPRF-ES";"DEL02-ES";"UOP01-DEL02-ES"
405105;2021-12-31;"sexta-feira";"18:50:00";"MG";381;1,5;"BETIM";"Demais falhas mecânicas ou elétricas";"Queda de ocupante de veículo";"Sem Vítimas";"Plena Noite";"Crescente";"Chuva";"Dupla";"Reta;Declive";"Sim";1;0;0;0;1;0;0;1;-19,96825;-44,198708;"SPRF-MG";"DEL01-MG";"UOP03-DEL01-MG"
405106;2021-12-31;"sexta-feira";"18:20:00";"MG";381;336;"NOVA ERA";"Chuva";"Colisão frontal";"Com Vítimas Feridas";"Amanhecer";"Decrescente";"Garoa/Chuvisco";"Simples";"Aclive;Curva";"Não";2;0;1;0;1;0;1;2;-19,794367;-43,05519;"SPRF-MG";"DEL03-MG";"UOP01-DEL03-MG"
405107;2021-12-31;"sexta-feira";"18:00:00";"MG";381;649;"SANTO ANTONIO DO AMPARO";"Velocidade Incompatível";"Colisão com objeto";"Com Vítimas Feridas";"Anoitecer";"Crescente";"Chuva";"Dupla";"Reta";"Não";2;0;2;0;0;0;2;1;-20,96227294;-44,92925305;"SPRF-MG";"DEL04-MG";"UOP02-DEL04-MG"