"id";"data_inversa";"dia_semana";"horario";"uf";"br";"km";"municipio";"causa_acidente";"tipo_acidente";"classificacao_acidente";"fase_dia";"sentido_via";"condicao_metereologica";"tipo_pista";"tracado_via";"uso_solo";"pessoas";"mortos";"feridos_leves";"feridos_graves";"ilesos";"ignorados";"feridos";"veiculos";"latitude";"longitude";"regional";"delegacia";"uop"
405688;2021-11-14;"domingo";"19:15:00";"CE";403;26,7;"BELA CRUZ";"Ingestão de álcool pelo condutor";"Colisão traseira";"Com Vítimas Feridas";"Plena Noite";"Crescente";"Céu Claro";"Simples";"Reta";"Não";2;0;1;0;1;0;1;2;-3,10389999;-40,08336719;"SPRF-CE";"DEL01-CE";"UOP03-DEL01-CE"
405693;2021-02-02;"terça-feira";"07:10:00";"TO";153;687,8;"GURUPI";"Ultrapassagem Indevida";"Capotamento";"Com Vítimas Feridas";"Pleno dia";"Decrescente";"Céu Claro";"Simples";"Reta";"Não";2;0;2;0;0;0;2;1;-11,84661586;-49,14494829;"SPRF-TO";"DEL01-TO";"UOP02-DEL01-TO"
405700;2021-12-30;"quinta-feira";"22:10:00";"RJ";101;297;"SAO GONCALO";"Ausência de reação do condutor";"Tombamento";"Com Vítimas Feridas";"Plena Noite";"Decrescente";"Chuva";"Dupla";"Reta";"Sim";2;0;2;0;0;0;2;1;-22,76942037;-42,91873581;"SPRF-RJ";"DEL02-RJ";"UOP02-DEL02-RJ"
405710;2021-09-29;"quarta-feira";"21:30:00";"SP";116;146;"SAO JOSE DOS CAMPOS";"Ausência de reação do condutor";"Colisão traseira";"Com Vítimas Feridas";"Plena Noite";"Crescente";"Céu Claro";"Múltipla";"Aclive";"Sim";2;0;1;0;1;0;1;2;-23,19122919;-45,86327591;"SPRF-SP";"DEL02-SP";"UOP01-DEL02-SP"
405713;2021-11-12;"sexta-feira";"20:30:00";"SC";282;27;"SANTO AMARO DA IMPERATRIZ";"Condutor deixou de manter distância do veículo da frente";"Queda de ocupante de veículo";"Com Vítimas Feridas";"Plena Noite";"Decrescente";"Ignorado";"Simples";"Reta";"Não";1;0;0;1;0;0;1;1;-27,67711969;-48,78299296;"SPRF-SC";"DEL01-SC";"UOP03-DEL01-SC"
405719;2021-11-24;"quarta-feira";"18:45:00";"MG";40;551,6;"NOVA LIMA";"Desrespeitar a preferência no cruzamento";"Colisão frontal";"Com Vítimas Feridas";"Plena Noite";"Decrescente";"Céu Claro";"Simples";"Interseção de Vias";"Sim";2;0;0;1;1;0;1;2;-20,06621071;-43,98000956;"SPRF-MG";"DEL01-MG";"UOP02-DEL01-MG"
405720;2021-12-10;"sexta-feira";"06:07:00";"SP";116;224,5;"GUARULHOS";"Reação tardia ou ineficiente do condutor";"Queda de ocupante de veículo";"Com Vítimas Feridas";"Pleno dia";"Crescente";"Céu Claro";"Múltipla";"Reta";"Sim";1;0;0;1;0;0;1;1;-23,48461346;-46,5393734;"SPRF-SP";"DEL01-SP";"UOP01-DEL01-SP"
405721;2021-07-19;"segunda-feira";"15:10:00";"PI";316;3;"TERESINA";"Ausência de reação do condutor";"Tombamento";"Com Vítimas Feridas";"Pleno dia";"Decrescente";"Sol";"Múltipla";"Reta";"Sim";1;0;1;0;0;0;1;1;-5,12826443;-42,79292384;"SPRF-PI";"DEL01-PI";"UOP02-DEL01-PI"
405730;2021-09-25;"sábado";"17:45:00";"SC";470;218;"SAO CRISTOVAO DO SUL";"Velocidade Incompatível";"Saída de leito carroçável";"Com Vítimas Feridas";"Pleno dia";"Crescente";"Ignorado";"Simples";"Reta";"Não";1;0;0;1;0;0;1;1;-27,297842;-50,294914;"SPRF-SC";"DEL05-SC";"UOP03-DEL05-SC"
405743;2021-10-31;"domingo";"15:26:00";"SC";282;56;"RANCHO QUEIMADO";"Velocidade Incompatível";"Colisão frontal";"Com Vítimas Feridas";"Pleno dia";"Decrescente";"Chuva";"Simples";"Curva";"Não";4;0;0;4;0;0;4;2;-27,691633;-48,991375;"SPRF-SC";"DEL01-SC";"UOP03-DEL01-SC"
405747;2021-09-21;"terça-feira";"10:00:00";"MT";163;1029;"PEIXOTO DE AZEVEDO";"Desrespeitar a preferência no cruzamento";"Colisão transversal";"Com Vítimas Feridas";"Pleno dia";"Decrescente";"Céu Claro";"Simples";"Interseção de Vias;Reta";"Sim";2;0;0;1;0;1;1;2;-10,2455334;-54,98973;"SPRF-MT";"DEL06-MT";"NPF/DEL06-MT"
405750;2021-12-06;"segunda-feira";"05:00:00";"GO";60;98;"ANAPOLIS";"Entrada inopinada do pedestre";"Atropelamento de Pedestre";"Com Vítimas Fatais";"Amanhecer";"Decrescente";"Nublado";"Dupla";"Curva";"Sim";2;1;0;0;0;1;0;2;-16,392024;-48,95857;"SPRF-GO";"DEL02-GO";"UOP01-DEL02-GO"
405753;2021-12-02;"quinta-feira";"17:55:00";"GO";60;83,3;"ANAPOLIS";"Reação tardia ou ineficiente do condutor";"Colisão traseira";"Com Vítimas Fatais";"Anoitecer";"Crescente";"Nublado";"Dupla";"Aclive";"Não";2;1;0;0;1;0;0;2;-16,3149;-48,846;"SPRF-GO";"DEL02-GO";"UOP01-DEL02-GO"
405790;2021-11-13;"sábado";"19:00:00";"PE";428;175,8;"PETROLINA";"Ausência de reação do condutor";"Colisão transversal";"Com Vítimas Feridas";"Plena Noite";"Crescente";"Ignorado";"Simples";"Reta";"Não";3;0;0;1;1;1;1;2;-9,26025696;-40,42934308;"SPRF-PE";"DEL06-PE";"UOP01-DEL06-PE"
405796;2021-11-24;"quarta-feira";"13:30:00";"BA";101;206;"MURITIBA";"Manobra de mudança de faixa";"Colisão lateral sentido oposto";"Com Vítimas Feridas";"Pleno dia";"Crescente";"Ignorado";"Simples";"Reta";"Não";2;0;1;0;1;0;1;2;-12,60205947;-39,0184775;"SPRF-BA";"DEL01-BA";"UOP02-DEL01-BA"
405804;2021-12-14;"terça-feira";"06:30:00";"PI";343;134;"PIRACURUCA";"Acessar a via sem observar a presença dos outros veículos";"Colisão transversal";"Com Vítimas Fatais";"Pleno dia";"Decrescente";"Céu Claro";"Simples";"Reta;Interseção de Vias";"Não";2;1;0;0;1;0;0;2;-3,868017;-41,702896;"SPRF-PI";"DEL02-PI";"UOP01-DEL02-PI"
405811;2021-12-03;"sexta-feira";"18:50:00";"SP";116;217;"GUARULHOS";"Manobra de mudança de faixa";"Colisão lateral mesmo sentido";"Com Vítimas Feridas";"Anoitecer";"Crescente";"Ignorado";"Múltipla";"Reta";"Sim";2;0;1;0;1;0;1;2;-23,45423824;-46,47119028;"SPRF-SP";"DEL01-SP";"UOP01-DEL01-SP"
405837;2021-12-23;"quinta-feira";"07:40:00";"AL";101;245;"PORTO REAL DO COLEGIO";"Acesso irregular";"Colisão transversal";"Com Vítimas Feridas";"Pleno dia";"Crescente";"Sol";"Simples";"Reta";"Sim";2;0;1;0;1;0;1;2;-10,18344196;-36,82898037;"SPRF-AL";"DEL02-AL";"UOP02-DEL02-AL"
405841;2021-12-05;"domingo";"00:30:00";"GO";50;275;"CATALAO";"Ingestão de álcool pelo condutor";"Tombamento";"Com Vítimas Feridas";"Plena Noite";"Decrescente";"Céu Claro";"Simples";"Desvio Temporário";"Sim";1;0;0;1;0;0;1;1;-18,1483;-47,907;"SPRF-GO";"DEL06-GO";"UOP01-DEL06-GO"
405848;2021-12-22;"quarta-feira";"18:30:00";"AL";104;23,5;"UNIAO DOS PALMARES";"Pedestre andava na pista";"Atropelamento de Pedestre";"Com Vítimas Feridas";"Plena Noite";"Decrescente";"Céu Claro";"Simples";"Curva";"Não";2;0;1;1;0;0;2;2;-9,07781093;-36,04317998;"SPRF-AL";"DEL01-AL";"UOP02-DEL01-AL"
405851;2021-12-31;"sexta-feira";"21:25:00";"RS";285;567;"SAO LUIZ GONZAGA";"Ingestão de álcool pelo condutor";"Colisão com objeto";"Com Vítimas Feridas";"Plena Noite";"Decrescente";"Céu Claro";"Simples";"Interseção de Vias";"Sim";1;0;1;0;0;0;1;1;-28,417452;-54,966869;"SPRF-RS";"DEL12-RS";"UOP01-DEL12-RS"
405852;2021-11-09;"terça-feira";"13:40:00";"RS";116;235;"NOVO HAMBURGO";"Manobra de mudança de faixa";"Colisão lateral mesmo sentido";"Com Vítimas Feridas";"Pleno dia";"Crescente";"Céu Claro";"Dupla";"Reta";"Sim";1;0;0;1;0;0;1;1;-29,66037586;-51,14386509;"SPRF-RS";"DEL01-RS";"UOP02-DEL01-RS"
405853;2021-09-29;"quarta-feira";"07:15:00";"MG";40;41,5;"PARACATU";"Desrespeitar a preferência no cruzamento";"Colisão frontal";"Com Vítimas Feridas";"Pleno dia";"Decrescente";"Céu Claro";"Simples";"Interseção de Vias";"Sim";2;0;1;0;1;0;1;2;-17,21271307;-46,87295209;"SPRF-MG";"DEL14-MG";"UOP01-DEL14-MG"
405870;2021-11-10;"quarta-feira";"11:59:00";"RS";386;246,7;"SOLEDADE";"Acessar a via sem observar a presença dos outros veículos";"Colisão transversal";"Com Vítimas Feridas";"Pleno dia";"Decrescente";"Céu Claro";"Simples";"Reta";"Sim";3;0;1;1;1;0;2;2;-28,808382;-52,502323;"SPRF-RS";"DEL04-RS";"UOP03-DEL04-RS"
405875;2021-11-05;"sexta-feira";"22:45:00";"MA";222;674,6;"ACAILANDIA";"Ingestão de álcool pelo condutor";"Colisão frontal";"Com Vítimas Fatais";"Plena Noite";"Crescente";"Chuva";"Simples";"Reta;Declive";"Sim";3;2;0;0;1;0;0;2;-4,93412557;-47,45359225;"SPRF-MA";"DEL04-MA";"UOP03-DEL04-MA"
405882;2021-11-12;"sexta-feira";"14:10:00";"AL";104;22;"UNIAO DOS PALMARES";"Reação tardia ou ineficiente do condutor";"Saída de leito carroçável";"Com Vítimas Feridas";"Pleno dia";"Crescente";"Céu Claro";"Simples";"Curva";"Não";1;0;1;0;0;0;1;1;-9,07371688;-36,03702576;"SPRF-AL";"DEL01-AL";"UOP02-DEL01-AL"
405885;2021-12-19;"domingo";"19:45:00";"CE";116;309,1;"JAGUARIBE";"Acessar a via sem observar a presença dos outros veículos";"Colisão frontal";"Com Vítimas Feridas";"Plena Noite";"Crescente";"Céu Claro";"Simples";"Reta";"Sim";2;0;0;2;0;0;2;2;-5,89477992;-38,61975447;"SPRF-CE";"DEL05-CE";"UOP02-DEL05-CE"
405894;2021-08-21;"sábado";"18:40:00";"MG";116;276;"TEOFILO OTONI";"Desrespeitar a preferência no cruzamento";"Colisão transversal";"Com Vítimas Feridas";"Plena Noite";"Decrescente";"Ignorado";"Simples";"Retorno Regulamentado";"Sim";2;0;1;0;1;0;1;2;-17,85105696;-41,51454492;"SPRF-MG";"DEL11-MG";"UOP01-DEL11-MG"
405896;2021-12-12;"domingo";"15:01:00";"PR";376;91,8;"PARANAVAI";"Afundamento ou ondulação no pavimento";"Colisão com objeto";"Com Vítimas Feridas";"Pleno dia";"Crescente";"Céu Claro";"Simples";"Aclive;Reta";"Não";2;0;0;2;0;0;2;1;-23,00236363;-52,5566649;"SPRF-PR";"DEL09-PR";"UOP02-DEL09-PR"
405901;2021-11-25;"quinta-feira";"08:40:00";"AL";101;79;"RIO LARGO";"Condutor Dormindo";"Colisão com objeto";"Com Vítimas Feridas";"Pleno dia";"Crescente";"Céu Claro";"Múltipla";"Curva";"Não";1;0;1;0;0;0;1;1;-9,44067978;-35,83791733;"SPRF-AL";"DEL01-AL";"UOP01-DEL01-AL"
405906;2021-11-27;"sábado";"21:00:00";"SC";101;324,8;"CAPIVARI DE BAIXO";"Desrespeitar a preferência no cruzamento";"Colisão transversal";"Com Vítimas Feridas";"Plena Noite";"Decrescente";"Céu Claro";"Múltipla";"Interseção de Vias";"Sim";3;0;0;1;1;1;1;3;-28,4257203;-48,94329424;"SPRF-SC";"DEL02-SC";"UOP01-DEL02-SC"
405911;2021-11-24;"quarta-feira";"17:50:00";"PB";230;119,8;"RIACHAO DO BACAMARTE";"Animais na Pista";"Atropelamento de Animal";"Com Vítimas Feridas";"Anoitecer";"Decrescente";"Céu Claro";"Dupla";"Reta";"Não";6;0;1;0;5;0;1;3;-7,2423;-35,6312;"SPRF-PB";"DEL02-PB";"UOP01-DEL02-PB"
405944;2021-12-11;"sábado";"08:00:00";"RS";386;9;"IRAI";"Transitar na contramão";"Colisão frontal";"Com Vítimas Feridas";"Pleno dia";"Decrescente";"Céu Claro";"Simples";"Reta";"Não";2;0;1;1;0;0;2;2;-27,22364674;-53,32428932;"SPRF-RS";"DEL08-RS";"UOP02-DEL08-RS"
405945;2021-11-25;"quinta-feira";"12:10:00";"PI";230;307;"FLORIANO";"Acessar a via sem observar a presença dos outros veículos";"Colisão lateral mesmo sentido";"Com Vítimas Feridas";"Pleno dia";"Decrescente";"Nublado";"Simples";"Reta";"Não";2;0;1;1;0;0;2;2;-6,78667452;-42,99358035;"SPRF-PI";"DEL03-PI";"UOP01-DEL03-PI"
405956;2021-11-18;"quinta-feira";"08:00:00";"PI";343;592;"FLORIANO";"Acessar a via sem observar a presença dos outros veículos";"Colisão transversal";"Com Vítimas Feridas";"Pleno dia";"Decrescente";"Céu Claro";"Dupla";"Reta";"Sim";3;0;0;2;1;0;2;2;-6,777731;-43,031559;"SPRF-PI";"DEL03-PI";"UOP01-DEL03-PI"
405962;2021-10-20;"quarta-feira";"03:30:00";"MG";381;498;"BETIM";"Avarias e/ou desgaste excessivo no pneu";"Saída de leito carroçável";"Com Vítimas Feridas";"Plena Noite";"Crescente";"Garoa/Chuvisco";"Dupla";"Viaduto";"Não";1;0;1;0;0;0;1;1;-20,01172662;-44,21976041;"SPRF-MG";"DEL01-MG";"UOP03-DEL01-MG"
405981;2021-11-15;"segunda-feira";"21:15:00";"RS";392;350;"SANTA MARIA";"Ingestão de álcool pelo condutor";"Colisão transversal";"Com Vítimas Feridas";"Plena Noite";"Crescente";"Céu Claro";"Simples";"Reta";"Não";3;0;1;1;1;0;2;2;-29,73610908;-53,79788213;"SPRF-RS";"DEL09-RS";"UOP01-DEL09-RS"
406014;2021-11-25;"quinta-feira";"06:40:00";"RS";470;206,8;"BENTO GONCALVES";"Conversão proibida";"Colisão transversal";"Com Vítimas Feridas";"Amanhecer";"Decrescente";"Céu Claro";"Simples";"Retorno Regulamentado";"Sim";2;0;1;1;0;0;2;2;-29,09848896;-51,54380771;"SPRF-RS";"DEL06-RS";"UOP01-DEL06-RS"
406022;2021-11-02;"terça-feira";"16:30:00";"RS";471;176;"RIO PARDO";"Ingestão de álcool pelo condutor";"Colisão traseira";"Com Vítimas Feridas";"Pleno dia";"Decrescente";"Céu Claro";"Simples";"Reta";"Não";4;0;3;1;0;0;4;2;-30,00054718;-52,36802816;"SPRF-RS";"DEL02-RS";"UOP03-DEL02-RS"
406043;2021-11-21;"domingo";"20:20:00";"PB";230;350;"PATOS";"Reação tardia ou ineficiente do condutor";"Colisão traseira";"Com Vítimas Feridas";"Plena Noite";"Decrescente";"Céu Claro";"Simples";"Reta";"Sim";2;0;0;1;1;0;1;2;-6,9504;-37,3885;"SPRF-PB";"DEL03-PB";"UOP01-DEL03-PB"
406058;2021-12-10;"sexta-feira";"14:00:00";"PR";277;397,9;"CANDOI";"Desrespeitar a preferência no cruzamento";"Colisão transversal";"Com Vítimas Feridas";"Pleno dia";"Decrescente";"Sol";"Simples";"Aclive;Reta";"Não";5;0;2;1;2;0;3;2;-25,4586489;-51,95200682;"SPRF-PR";"DEL08-PR";"UOP01-DEL08-PR"
406063;2021-08-13;"sexta-feira";"22:00:00";"GO";364;334;"JATAI";"Ausência de reação do condutor";"Saída de leito carroçável";"Com Vítimas Feridas";"Plena Noite";"Decrescente";"Ignorado";"Simples";"Interseção de Vias;Reta";"Não";1;0;0;1;0;0;1;1;-17,8015017;-52,0477885;"SPRF-GO";"DEL05-GO";"UOP01-DEL05-GO"
406066;2021-11-08;"segunda-feira";"09:00:00";"RO";364;877;"PORTO VELHO";"Obras na pista";"Saída de leito carroçável";"Com Vítimas Feridas";"Pleno dia";"Crescente";"Nublado";"Simples";"Em Obras;Curva";"Não";3;0;0;1;0;2;1;1;-9,62097555;-64,94276047;"SPRF-RO";"DEL01-RO";"UOP02-DEL01-RO"
406071;2021-12-17;"sexta-feira";"22:00:00";"PR";376;633;"SAO JOSE DOS PINHAIS";"Ingestão de álcool pelo condutor";"Colisão traseira";"Com Vítimas Feridas";"Plena Noite";"Decrescente";"Chuva";"Dupla";"Reta";"Não";2;0;1;0;1;0;1;2;-25,72171791;-49,13663976;"SPRF-PR";"DEL01-PR";"UOP04-DEL01-PR"
406074;2021-10-01;"sexta-feira";"01:30:00";"RS";116;151,7;"CAXIAS DO SUL";"Ingestão de álcool pelo condutor";"Colisão com objeto";"Com Vítimas Feridas";"Plena Noite";"Decrescente";"Chuva";"Dupla";"Curva";"Sim";2;0;1;1;0;0;2;1;-29,17694502;-51,16173896;"SPRF-RS";"DEL05-RS";"UOP01-DEL05-RS"
406076;2021-11-16;"terça-feira";"17:09:00";"RO";364;799;"PORTO VELHO";"Condutor deixou de manter distância do veículo da frente";"Colisão traseira";"Com Vítimas Feridas";"Pleno dia";"Crescente";"Chuva";"Simples";"Curva";"Não";6;0;2;0;4;0;2;2;-9,258949;-64,38882;"SPRF-RO";"DEL01-RO";"UOP02-DEL01-RO"
406078;2021-12-16;"quinta-feira";"12:10:00";"MG";381;921,3;"CAMANDUCAIA";"Reação tardia ou ineficiente do condutor";"Colisão com objeto";"Com Vítimas Feridas";"Pleno dia";"Crescente";"Chuva";"Dupla";"Declive;Curva";"Não";1;0;1;0;0;0;1;1;-22,7680939;-46,20854399;"SPRF-MG";"DEL16-MG";"UOP03-DEL16-MG"
406083;2021-10-19;"terça-feira";"14:00:00";"ES";482;103,5;"GUACUI";"Conversão proibida";"Colisão lateral mesmo sentido";"Com Vítimas Feridas";"Pleno dia";"Decrescente";"Céu Claro";"Simples";"Reta";"Sim";2;0;0;1;1;0;1;2;-20,78557701;-41,65199599;"SPRF-ES";"DEL03-ES";"UOP02-DEL03-ES"
406095;2021-12-03;"sexta-feira";"16:55:00";"RS";116;308;"GUAIBA";"Reação tardia ou ineficiente do condutor";"Colisão traseira";"Com Vítimas Feridas";"Pleno dia";"Decrescente";"Céu Claro";"Simples";"Reta";"Não";2;0;0;1;1;0;1;2;-30,18291689;-51,39555744;"SPRF-RS";"DEL02-RS";"UOP01-DEL02-RS"
406097;2021-08-23;"segunda-feira";"16:00:00";"RJ";493;95;"SEROPEDICA";"Ausência de reação do condutor";"Saída de leito carroçável";"Com Vítimas Feridas";"Pleno dia";"Decrescente";"Céu Claro";"Dupla";"Reta";"Não";1;0;0;1;0;0;1;1;-22,694161;-43,688095;"SPRF-RJ";"DEL03-RJ";"UOP01-DEL03-RJ"
406100;2021-12-07;"terça-feira";"11:00:00";"MG";381;328;"NOVA ERA";"Condutor deixou de manter distância do veículo da frente";"Colisão traseira";"Sem Vítimas";"Pleno dia";"Decrescente";"Chuva";"Dupla";"Reta";"Sim";2;0;0;0;2;0;0;2;-19,77559;-43,04523;"SPRF-MG";"DEL03-MG";"UOP01-DEL03-MG"
406116;2021-12-27;"segunda-feira";"01:50:00";"PB";230;45,7;"SANTA RITA";"Condutor Dormindo";"Colisão traseira";"Com Vítimas Feridas";"Plena Noite";"Decrescente";"Chuva";"Dupla";"Reta";"Não";3;0;1;0;2;0;1;2;-7,1583;-35,0176;"SPRF-PB";"DEL01-PB";"UOP03-DEL01-PB"
406119;2021-12-26;"domingo";"17:20:00";"PR";376;443,5;"TIBAGI";"Demais falhas mecânicas ou elétricas";"Tombamento";"Com Vítimas Feridas";"Pleno dia";"Decrescente";"Chuva";"Dupla";"Reta";"Não";2;0;2;0;0;0;2;1;-24,88168919;-50,43908742;"SPRF-PR";"DEL03-PR";"UOP02-DEL03-PR"
406127;2021-11-15;"segunda-feira";"00:05:00";"RJ";101;408;"ITAGUAI";"Animais na Pista";"Atropelamento de Animal";"Com Vítimas Feridas";"Plena Noite";"Crescente";"Nublado";"Dupla";"Reta";"Sim";2;0;0;1;1;0;1;2;-22,88087914;-43,82441392;"SPRF-RJ";"DEL03-RJ";"UOP01-DEL03-RJ"
406133;2021-12-04;"sábado";"12:35:00";"SC";280;118,7;"SAO BENTO DO SUL";"Ultrapassagem Indevida";"Colisão lateral mesmo sentido";"Com Vítimas Feridas";"Pleno dia";"Crescente";"Sol";"Simples";"Reta;Declive";"Não";3;0;1;1;1;0;2;2;-26,26608202;-49,42467403;"SPRF-SC";"DEL06-SC";"UOP03-DEL06-SC"
406157;2021-10-01;"sexta-feira";"15:00:00";"RS";290;92;"PORTO ALEGRE";"Acessar a via sem observar a presença dos outros veículos";"Colisão transversal";"Com Vítimas Feridas";"Pleno dia";"Crescente";"Nublado";"Simples";"Reta";"Sim";2;0;0;1;1;0;1;2;-29,971916;-51,176838;"SPRF-RS";"DEL01-RS";"UOP01-DEL01-RS"
406174;2021-11-27;"sábado";"23:50:00";"PI";343;213,8;"CAPITAO DE CAMPOS";"Reação tardia ou ineficiente do condutor";"Colisão traseira";"Com Vítimas Feridas";"Pleno dia";"Crescente";"Céu Claro";"Dupla";"Reta";"Sim";3;0;1;2;0;0;3;2;-4,462317;-41,943611;"SPRF-PI";"DEL02-PI";"UOP01-DEL02-PI"
407031;2021-12-27;"segunda-feira";"15:00:00";"MT";174;291;"PONTES E LACERDA";"Reação tardia ou ineficiente do condutor";"Tombamento";"Com Vítimas Feridas";"Pleno dia";"Crescente";"Céu Claro";"Simples";"Declive";"Sim";1;0;1;0;0;0;1;1;-15,22646301;-59,31855809;"SPRF-MT";"DEL04-MT";"UOP01-DEL04-MT"
407032;2021-09-04;"sábado";"03:08:00";"SP";116;272,5;"TABOAO DA SERRA";"Ausência de reação do condutor";"Colisão traseira";"Com Vítimas Feridas";"Plena Noite";"Crescente";"Céu Claro";"Dupla";"Reta";"Sim";2;0;1;1;0;0;2;2;-23,621691;-46,813288;"SPRF-SP";"DEL04-SP";"UOP01-DEL04-SP"
407038;2021-11-03;"quarta-feira";"10:45:00";"GO";20;3;"FORMOSA";"Desrespeitar a preferência no cruzamento";"Colisão lateral mesmo sentido";"Com Vítimas Feridas";"Pleno dia";"Decrescente";"Céu Claro";"Simples";"Reta";"Sim";2;0;0;1;1;0;1;2;-15,567487;-47,320309;"SPRF-DF";"DEL02-DF";"UOP01-DEL02-DF"
407043;2021-12-31;"sexta-feira";"22:30:00";"PB";230;375;"CONDADO";"Ultrapassagem Indevida";"Colisão frontal";"Com Vítimas Feridas";"Plena Noite";"Crescente";"Céu Claro";"Simples";"Reta";"Sim";4;0;2;2;0;0;4;2;-6,9088;-37,5918;"SPRF-PB";"DEL03-PB";"UOP02-DEL03-PB"
407053;2021-10-28;"quinta-feira";"21:30:00";"RJ";493;3;"ITABORAI";"Condutor deixou de manter distância do veículo da frente";"Colisão traseira";"Com Vítimas Feridas";"Plena Noite";"Crescente";"Garoa/Chuvisco";"Dupla";"Reta";"Não";8;0;6;0;2;0;6;2;-22,75075607;-42,94335723;"SPRF-RJ";"DEL02-RJ";"UOP02-DEL02-RJ"
407057;2021-12-01;"quarta-feira";"05:30:00";"PE";232;31;"MORENO";"Objeto estático sobre o leito carroçável";"Tombamento";"Com Vítimas Feridas";"Amanhecer";"Crescente";"Céu Claro";"Dupla";"Curva";"Não";1;0;0;1;0;0;1;1;-8,11016575;-35,15719414;"SPRF-PE";"DEL01-PE";"UOP01-DEL01-PE"
407065;2021-12-07;"terça-feira";"20:20:00";"RO";364;201,4;"PIMENTA BUENO";"Ingestão de álcool pelo condutor";"Colisão traseira";"Com Vítimas Feridas";"Pleno dia";"Decrescente";"Céu Claro";"Simples";"Reta";"Não";2;0;0;2;0;0;2;2;-11,64409593;-61,19495886;"SPRF-RO";"DEL02-RO";"UOP02-DEL02-RO"
407067;2021-11-13;"sábado";"21:00:00";"PB";230;8;"CABEDELO";"Condutor deixou de manter distância do veículo da frente";"Colisão traseira";"Com Vítimas Feridas";"Plena Noite";"Decrescente";"Céu Claro";"Múltipla";"Desvio Temporário";"Sim";3;0;1;1;1;0;2;2;-7,0445767;-34,8466158;"SPRF-PB";"DEL01-PB";"UOP01-DEL01-PB"
407073;2021-12-17;"sexta-feira";"19:00:00";"MS";262;126;"AGUA CLARA";"Ausência de reação do condutor";"Colisão traseira";"Com Vítimas Feridas";"Plena Noite";"Decrescente";"Céu Claro";"Simples";"Reta";"Não";2;0;0;1;1;0;1;1;-20,495789;-52,729742;"SPRF-MS";"DEL07-MS";"UOP02-DEL07-MS"
407084;2021-12-09;"quinta-feira";"17:05:00";"RS";285;293,8;"PASSO FUNDO";"Pista Escorregadia";"Tombamento";"Com Vítimas Feridas";"Pleno dia";"Crescente";"Céu Claro";"Simples";"Rotatória";"Sim";1;0;1;0;0;0;1;1;-28,23527607;-52,38043606;"SPRF-RS";"DEL08-RS";"UOP03-DEL08-RS"
407115;2021-11-07;"domingo";"17:35:00";"RR";174;503;"BOA VISTA";"Ingestão de álcool pelo condutor";"Colisão traseira";"Com Vítimas Feridas";"Anoitecer";"Decrescente";"Céu Claro";"Simples";"Rotatória";"Sim";6;0;1;3;2;0;4;3;2,80695622;-60,69096565;"SPRF-RR";"DEL01-RR";"UOP01-DEL01-RR"
407118;2021-12-31;"sexta-feira";"06:00:00";"RS";285;78;"BOM JESUS";"Ausência de reação do condutor";"Saída de leito carroçável";"Com Vítimas Feridas";"Pleno dia";"Crescente";"Céu Claro";"Simples";"Curva";"Não";2;0;2;0;0;0;2;1;-28,642101;-50,583534;"SPRF-RS";"DEL05-RS";"UOP03-DEL05-RS"
407120;2021-12-17;"sexta-feira";"12:00:00";"RR";174;498;"BOA VISTA";"Acessar a via sem observar a presença dos outros veículos";"Engavetamento";"Sem Vítimas";"Pleno dia";"Decrescente";"Céu Claro";"Dupla";"Reta";"Não";3;0;0;0;3;0;0;3;2,78276251;-60,70295161;"SPRF-RR";"DEL01-RR";"UOP01-DEL01-RR"
407126;2021-12-09;"quinta-feira";"07:45:00";"PR";373;175;"PONTA GROSSA";"Manobra de mudança de faixa";"Colisão lateral mesmo sentido";"Com Vítimas Feridas";"Pleno dia";"Crescente";"Chuva";"Dupla";"Reta";"Sim";2;0;0;1;1;0;1;2;-25,0584626;-50,22342326;"SPRF-PR";"DEL03-PR";"UOP01-DEL03-PR"
407146;2021-07-25;"domingo";"04:00:00";"RJ";116;137;"DUQUE DE CAXIAS";"Velocidade Incompatível";"Colisão com objeto";"Com Vítimas Feridas";"Plena Noite";"Crescente";"Céu Claro";"Dupla";"Declive";"Sim";3;0;1;0;2;0;1;2;-22,64791994;-43,18200799;"SPRF-RJ";"DEL04-RJ";"UOP02-DEL04-RJ"
407151;2021-12-08;"quarta-feira";"18:25:00";"PI";230;296,4;"FLORIANO";"Pedestre andava na pista";"Atropelamento de Pedestre";"Com Vítimas Fatais";"Anoitecer";"Crescente";"Céu Claro";"Simples";"Reta";"Não";7;1;2;2;1;1;4;3;-6,83437132;-42,90653323;"SPRF-PI";"DEL03-PI";"UOP01-DEL03-PI"
407152;2021-11-11;"quinta-feira";"08:00:00";"RJ";116;86;"TERESOPOLIS";"Pista Escorregadia";"Colisão frontal";"Sem Vítimas";"Pleno dia";"Crescente";"Chuva";"Simples";"Curva";"Não";2;0;0;0;2;0;0;2;-22,43671224;-42,94971377;"SPRF-RJ";"DEL04-RJ";"UOP01-DEL04-RJ"