"id";"data_inversa";"dia_semana";"horario";"uf";"br";"km";"municipio";"causa_acidente";"tipo_acidente";"classificacao_acidente";"fase_dia";"sentido_via";"condicao_metereologica";"tipo_pista";"tracado_via";"uso_solo";"pessoas";"mortos";"feridos_leves";"feridos_graves";"ilesos";"ignorados";"feridos";"veiculos";"latitude";"longitude";"regional";"delegacia";"uop"
407160;2021-11-29;"segunda-feira";"07:45:00";"SC";282;279;"SAO JOSE DO CERRITO";"Chuva";"Saída de leito carroçável";"Com Vítimas Feridas";"Pleno dia";"Crescente";"Chuva";"Simples";"Curva";"Sim";2;0;1;0;1;0;1;1;-27,584951;-50,744953;"SPRF-SC";"DEL05-SC";"UOP02-DEL05-SC"
407219;2021-11-05;"sexta-feira";"09:35:00";"PI";316;159;"ELESBAO VELOSO";"Reação tardia ou ineficiente do condutor";"Colisão traseira";"Sem Vítimas";"Pleno dia";"Crescente";"Céu Claro";"Simples";"Declive;Reta";"Não";5;0;0;0;5;0;0;2;-6,18511213;-42,12405705;"SPRF-PI";"DEL04-PI";"UOP02-DEL04-PI"
407229;2021-12-14;"terça-feira";"14:00:00";"RJ";116;169;"SAO JOAO DE MERITI";"Condutor deixou de manter distância do veículo da frente";"Engavetamento";"Com Vítimas Feridas";"Pleno dia";"Decrescente";"Céu Claro";"Múltipla";"Reta";"Sim";4;0;1;0;1;2;1;3;-22,79070255;-43,37080479;"SPRF-RJ";"DEL01-RJ";"UOP02-DEL01-RJ"
407230;2021-11-12;"sexta-feira";"18:36:00";"PR";476;135,5;"CURITIBA";"Velocidade Incompatível";"Atropelamento de Pedestre";"Com Vítimas Feridas";"Anoitecer";"Crescente";"Ignorado";"Múltipla";"Reta";"Sim";2;0;0;1;0;1;1;2;-25,49180209;-49,27232092;"SPRF-PR";"DEL01-PR";"UOP03-DEL01-PR"
407231;2021-12-23;"quinta-feira";"17:30:00";"AC";317;342;"BRASILEIA";"Demais falhas na via";"Saída de leito carroçável";"Com Vítimas Feridas";"Anoitecer";"Crescente";"Nublado";"Simples";"Reta";"Não";4;0;0;1;3;0;1;1;-10,8809718455;-69,0563979161;"SPRF-AC";"DEL01-AC";"UOP02-DEL01-AC"
407239;2021-12-10;"sexta-feira";"07:00:00";"PR";277;505,9;"GUARANIACU";"Velocidade Incompatível";"Colisão transversal";"Com Vítimas Feridas";"Pleno dia";"Crescente";"Céu Claro";"Simples";"Reta";"Não";3;0;0;2;1;0;2;2;-25,13706208;-52,71289206;"SPRF-PR";"DEL04-PR";"UOP01-DEL04-PR"
407241;2021-11-18;"quinta-feira";"09:50:00";"RJ";116;168;"SAO JOAO DE MERITI";"Entrada inopinada do pedestre";"Eventos atípicos";"Com Vítimas Feridas";"Pleno dia";"Decrescente";"Céu Claro";"Múltipla";"Reta";"Sim";2;0;1;0;1;0;1;1;-22,819969;-43,31499997;"SPRF-RJ";"DEL01-RJ";"UOP01-DEL01-RJ"
407245;2021-11-29;"segunda-feira";"18:15:00";"PB";230;21;"JOAO PESSOA";"Condutor deixou de manter distância do veículo da frente";"Engavetamento";"Com Vítimas Feridas";"Plena Noite";"Crescente";"Nublado";"Dupla";"Reta";"Sim";4;0;1;1;2;0;2;3;-7,1337;-34,8544;"SPRF-PB";"DEL01-PB";"UOP01-DEL01-PB"
407251;2021-12-06;"segunda-feira";"12:20:00";"RJ";40;105;"DUQUE DE CAXIAS";"Acessar a via sem observar a presença dos outros veículos";"Colisão transversal";"Com Vítimas Feridas";"Pleno dia";"Decrescente";"Nublado";"Dupla";"Reta";"Sim";2;0;1;0;1;0;1;2;-22,63784806;-43,28428824;"SPRF-RJ";"DEL01-RJ";"UOP01-DEL01-RJ"
407253;2021-10-27;"quarta-feira";"18:45:00";"RS";470;209;"BENTO GONCALVES";"Mal súbito do condutor";"Colisão traseira";"Sem Vítimas";"Anoitecer";"Crescente";"Céu Claro";"Simples";"Retorno Regulamentado;Interseção de Vias;Curva";"Sim";4;0;0;0;4;0;0;3;-29,11884198;-51,54231733;"SPRF-RS";"DEL06-RS";"UOP01-DEL06-RS"
407259;2021-12-25;"sábado";"02:00:00";"MS";376;114,5;"IVINHEMA";"Transitar na contramão";"Colisão frontal";"Com Vítimas Feridas";"Plena Noite";"Decrescente";"Céu Claro";"Simples";"Reta";"Não";2;0;0;1;0;1;1;2;-22,29612113;-53,87990605;"SPRF-MS";"DEL04-MS";"UOP04-DEL04-MS"
407276;2021-11-29;"segunda-feira";"12:38:00";"ES";101;264,9;"SERRA";"Ingestão de álcool pelo condutor";"Saída de leito carroçável";"Sem Vítimas";"Pleno dia";"Decrescente";"Céu Claro";"Múltipla";"Curva";"Sim";1;0;0;0;1;0;0;1;-20,18217763;-40,26561325;"SPRF-ES";"DEL02-ES";"UOP01-DEL02-ES"
407326;2021-12-09;"quinta-feira";"05:40:00";"GO";20;164;"ALVORADA DO NORTE";"Ultrapassagem Indevida";"Colisão frontal";"Com Vítimas Feridas";"Amanhecer";"Decrescente";"Nublado";"Simples";"Reta";"Não";5;0;2;2;1;0;4;2;-14,588863;-46,588493;"SPRF-DF";"DEL02-DF";"UOP03-DEL02-DF"
407333;2021-11-24;"quarta-feira";"09:35:00";"ES";259;60,5;"COLATINA";"Animais na Pista";"Atropelamento de Animal";"Com Vítimas Feridas";"Pleno dia";"Crescente";"Céu Claro";"Simples";"Reta";"Não";1;0;0;1;0;0;1;1;-19,52530482;-40,67461308;"SPRF-ES";"DEL02-ES";"UOP01-DEL02-ES"
407362;2021-12-11;"sábado";"01:30:00";"MA";230;0;"BARAO DE GRAJAU";"Transitar na contramão";"Tombamento";"Com Vítimas Feridas";"Plena Noite";"Decrescente";"Céu Claro";"Simples";"Ponte";"Sim";1;0;0;1;0;0;1;1;-6,760894;-43,01105;"SPRF-PI";"DEL03-PI";"UOP01-DEL03-PI"
407426;2021-12-04;"sábado";"01:40:00";"PR";476;150,6;"ARAUCARIA";"Condutor Dormindo";"Colisão lateral mesmo sentido";"Com Vítimas Feridas";"Plena Noite";"Crescente";"Céu Claro";"Dupla";"Curva";"Sim";4;0;2;0;2;0;2;2;-25,558477;-49,368313;"SPRF-PR";"DEL01-PR";"UOP03-DEL01-PR"
407434;2021-12-19;"domingo";"20:50:00";"RN";110;1;"AREIA BRANCA";"Ingestão de álcool pelo condutor";"Colisão transversal";"Com Vítimas Feridas";"Plena Noite";"Crescente";"Céu Claro";"Simples";"Reta";"Sim";2;0;0;1;1;0;1;2;-4,94784603;-37,12300197;"SPRF-RN";"DEL04-RN";"UOP01-DEL04-RN"
407435;2021-12-10;"sexta-feira";"17:32:00";"RS";116;242;"SAO LEOPOLDO";"Frear bruscamente";"Engavetamento";"Sem Vítimas";"Pleno dia";"Crescente";"Céu Claro";"Dupla";"Reta";"Sim";4;0;0;0;4;0;0;4;-29,72297087;-51,14858729;"SPRF-RS";"DEL01-RS";"UOP02-DEL01-RS"
407437;2021-08-08;"domingo";"05:50:00";"MG";262;800;"UBERABA";"Reação tardia ou ineficiente do condutor";"Tombamento";"Com Vítimas Feridas";"Amanhecer";"Crescente";"Céu Claro";"Dupla";"Reta";"Não";1;0;1;0;0;0;1;1;-19,779129;-47,945794;"SPRF-MG";"DEL13-MG";"UOP01-DEL13-MG"
407453;2021-12-07;"terça-feira";"22:45:00";"RJ";116;163;"RIO DE JANEIRO";"Acumulo de água sobre o pavimento";"Colisão com objeto";"Com Vítimas Feridas";"Plena Noite";"Decrescente";"Chuva";"Dupla";"Viaduto";"Sim";2;0;1;0;1;0;1;2;-22,802729;-43,290424;"SPRF-RJ";"DEL01-RJ";"UOP01-DEL01-RJ"
407455;2021-10-09;"sábado";"08:45:00";"RJ";40;123;"DUQUE DE CAXIAS";"Manobra de mudança de faixa";"Colisão lateral mesmo sentido";"Com Vítimas Feridas";"Pleno dia";"Crescente";"Nublado";"Múltipla";"Reta";"Sim";4;0;2;0;2;0;2;3;-22,79907687;-43,29015739;"SPRF-RJ";"DEL01-RJ";"UOP01-DEL01-RJ"
407463;2021-12-04;"sábado";"06:00:00";"RO";364;429;"JARU";"Transitar na contramão";"Colisão frontal";"Com Vítimas Fatais";"Pleno dia";"Decrescente";"Céu Claro";"Simples";"Curva";"Não";3;1;1;1;0;0;2;2;-10,41628317;-62,5026501;"SPRF-RO";"DEL03-RO";"UOP02-DEL03-RO"
407476;2021-09-22;"quarta-feira";"20:20:00";"PR";277;119;"CAMPO LARGO";"Ausência de reação do condutor";"Colisão lateral mesmo sentido";"Com Vítimas Feridas";"Plena Noite";"Decrescente";"Ignorado";"Dupla";"Reta";"Sim";2;0;1;0;0;1;1;2;-25,4330687;-49,43430906;"SPRF-PR";"DEL01-PR";"UOP03-DEL03-PR"
407484;2021-11-29;"segunda-feira";"08:15:00";"PR";476;135;"CURITIBA";"Reação tardia ou ineficiente do condutor";"Colisão traseira";"Com Vítimas Feridas";"Pleno dia";"Decrescente";"Céu Claro";"Dupla";"Reta";"Sim";2;0;1;0;1;0;1;2;-25,483786;-49,265808;"SPRF-PR";"DEL01-PR";"UOP03-DEL01-PR"
407512;2021-06-18;"sexta-feira";"16:35:00";"AL";101;62,9;"MESSIAS";"Acessar a via sem observar a presença dos outros veículos";"Colisão transversal";"Com Vítimas Feridas";"Pleno dia";"Decrescente";"Céu Claro";"Dupla";"Aclive";"Não";2;0;1;0;1;0;1;2;-9,30153295;-35,82114728;"SPRF-AL";"DEL01-AL";"UOP02-DEL01-AL"
407519;2021-12-23;"quinta-feira";"22:45:00";"PR";153;333;"IRATI";"Ultrapassagem Indevida";"Colisão frontal";"Com Vítimas Feridas";"Plena Noite";"Crescente";"Ignorado";"Simples";"Reta";"Sim";2;0;1;0;1;0;1;2;-25,47271703;-50,63775197;"SPRF-PR";"DEL03-PR";"UOP03-DEL03-PR"
407585;2021-10-20;"quarta-feira";"12:00:00";"RO";364;379;"OURO PRETO DO OESTE";"Condutor deixou de manter distância do veículo da frente";"Colisão traseira";"Sem Vítimas";"Pleno dia";"Decrescente";"Céu Claro";"Simples";"Reta";"Não";2;0;0;0;2;0;0;2;-10,74230636;-62,21095607;"SPRF-RO";"DEL02-RO";"UOP01-DEL02-RO"
407648;2021-11-29;"segunda-feira";"21:00:00";"SC";101;200,7;"SAO JOSE";"Objeto estático sobre o leito carroçável";"Queda de ocupante de veículo";"Com Vítimas Feridas";"Plena Noite";"Decrescente";"Céu Claro";"Dupla";"Reta";"Sim";2;0;2;0;0;0;2;1;-27,54018513;-48,62287714;"SPRF-SC";"DEL01-SC";"UOP01-DEL01-SC"
407650;2021-11-10;"quarta-feira";"11:40:00";"PA";163;1000;"SANTAREM";"Acessar a via sem observar a presença dos outros veículos";"Colisão transversal";"Com Vítimas Feridas";"Pleno dia";"Decrescente";"Céu Claro";"Simples";"Reta";"Sim";2;0;0;1;1;0;1;2;-2,47328397;-54,7293664;"SPRF-PA";"DEL05-PA";"UOP01-DEL05-PA"
407671;2021-11-20;"sábado";"18:40:00";"RO";435;123;"CEREJEIRAS";"Desrespeitar a preferência no cruzamento";"Colisão transversal";"Com Vítimas Feridas";"Plena Noite";"Crescente";"Nublado";"Dupla";"Interseção de Vias;Reta";"Sim";4;0;0;1;3;0;1;2;-13,18894378;-60,82524776;"SPRF-RO";"DEL04-RO";"UOP02-DEL04-RO"
407674;2021-11-22;"segunda-feira";"10:09:00";"RO";364;10;"VILHENA";"Transitar na contramão";"Colisão transversal";"Com Vítimas Fatais";"Pleno dia";"Crescente";"Nublado";"Dupla";"Reta";"Sim";2;1;1;0;0;0;1;2;-12,75194006;-60,10600907;"SPRF-RO";"DEL04-RO";"UOP01-DEL04-RO"
407680;2021-12-28;"terça-feira";"17:25:00";"MG";381;526;"BRUMADINHO";"Manobra de mudança de faixa";"Colisão lateral mesmo sentido";"Com Vítimas Feridas";"Anoitecer";"Crescente";"Chuva";"Dupla";"Curva";"Não";1;0;1;0;0;0;1;1;-20,16175378;-44,34144636;"SPRF-MG";"DEL04-MG";"UOP03-DEL04-MG"
407730;2021-11-26;"sexta-feira";"08:10:00";"PI";316;312;"PICOS";"Condutor deixou de manter distância do veículo da frente";"Engavetamento";"Sem Vítimas";"Pleno dia";"Decrescente";"Céu Claro";"Simples";"Reta";"Sim";3;0;0;0;3;0;0;3;-7,08092534;-41,4582602;"SPRF-PI";"DEL04-PI";"UOP01-DEL04-PI"
407743;2021-12-07;"terça-feira";"19:20:00";"RJ";116;179;"NOVA IGUACU";"Pista Escorregadia";"Colisão traseira";"Com Vítimas Feridas";"Plena Noite";"Decrescente";"Chuva";"Dupla";"Reta";"Sim";3;0;1;1;1;0;2;2;-22,74642239;-43,44715118;"SPRF-RJ";"DEL01-RJ";"UOP02-DEL01-RJ"
407769;2021-11-14;"domingo";"09:30:00";"PE";101;86;"CABO DE SANTO AGOSTINHO";"Acessar a via sem observar a presença dos outros veículos";"Colisão transversal";"Com Vítimas Feridas";"Pleno dia";"Crescente";"Céu Claro";"Múltipla";"Reta";"Não";4;0;1;1;1;1;2;3;-8,18470013;-34,96816895;"SPRF-PE";"DEL01-PE";"UOP01-DEL01-PE"
407780;2021-09-12;"domingo";"19:30:00";"MG";262;814;"UBERABA";"Acessar a via sem observar a presença dos outros veículos";"Colisão traseira";"Com Vítimas Feridas";"Plena Noite";"Decrescente";"Céu Claro";"Dupla";"Retorno Regulamentado";"Sim";3;0;1;0;2;0;1;2;-19,76506609;-48,12286402;"SPRF-MG";"DEL13-MG";"UOP01-DEL13-MG"
407825;2021-12-21;"terça-feira";"02:22:00";"PR";376;215;"JANDAIA DO SUL";"Reação tardia ou ineficiente do condutor";"Colisão traseira";"Com Vítimas Feridas";"Plena Noite";"Crescente";"Céu Claro";"Simples";"Reta";"Sim";4;0;2;1;1;0;3;2;-23,588165;-51,64554;"SPRF-PR";"DEL09-PR";"UOP01-DEL09-PR"
407889;2021-12-24;"sexta-feira";"16:20:00";"MT";364;221;"RONDONOPOLIS";"Acumulo de água sobre o pavimento";"Capotamento";"Com Vítimas Feridas";"Pleno dia";"Crescente";"Chuva";"Dupla";"Declive";"Não";3;0;3;0;0;0;3;1;-16,34067812;-54,74489333;"SPRF-MT";"DEL02-MT";"UOP01-DEL02-MT"
407891;2021-12-25;"sábado";"19:25:00";"RO";174;13;"VILHENA";"Desrespeitar a preferência no cruzamento";"Colisão transversal";"Sem Vítimas";"Plena Noite";"Decrescente";"Céu Claro";"Dupla";"Interseção de Vias";"Sim";2;0;0;0;1;1;0;2;-12,73638192;-60,13083458;"SPRF-RO";"DEL04-RO";"UOP01-DEL04-RO"
407900;2021-08-11;"quarta-feira";"07:00:00";"ES";101;269;"SERRA";"Trafegar com motocicleta (ou similar) entre as faixas";"Colisão lateral mesmo sentido";"Com Vítimas Feridas";"Pleno dia";"Crescente";"Sol";"Múltipla";"Reta";"Sim";2;0;1;0;1;0;1;2;-20,21740496;-40,26990578;"SPRF-ES";"DEL02-ES";"UOP01-DEL02-ES"
407906;2021-12-22;"quarta-feira";"16:20:00";"CE";222;32;"CAUCAIA";"Ultrapassagem Indevida";"Colisão frontal";"Com Vítimas Feridas";"Pleno dia";"Crescente";"Céu Claro";"Simples";"Reta";"Não";3;0;0;2;1;0;2;2;-3,70784148;-38,83774211;"SPRF-CE";"DEL01-CE";"UOP01-DEL01-CE"
407909;2021-12-10;"sexta-feira";"21:20:00";"PR";0;0;"IRATI";"Ausência de reação do condutor";"Colisão com objeto";"Sem Vítimas";"Plena Noite";"Não Informado";"Céu Claro";"Simples";"Curva";"Não";3;0;0;0;3;0;0;1;-25,50052646;-50,68586133;"SPRF-PR";"DEL03-PR";"UOP03-DEL03-PR"
407919;2021-12-29;"quarta-feira";"11:20:00";"RS";101;80,1;"OSORIO";"Manobra de mudança de faixa";"Colisão lateral mesmo sentido";"Com Vítimas Feridas";"Pleno dia";"Decrescente";"Nublado";"Dupla";"Reta";"Sim";7;0;0;1;4;2;1;3;-29,8263459;-50,2482636;"SPRF-RS";"DEL03-RS";"UOP01-DEL03-RS"
407920;2021-09-28;"terça-feira";"07:40:00";"PR";476;132;"CURITIBA";"Pedestre cruzava a pista fora da faixa";"Atropelamento de Pedestre";"Com Vítimas Feridas";"Pleno dia";"Decrescente";"Nublado";"Dupla";"Reta";"Sim";2;0;0;1;0;1;1;2;-25,47098263;-49,25502996;"SPRF-PR";"DEL01-PR";"UOP03-DEL01-PR"
407921;2021-11-15;"segunda-feira";"03:25:00";"ES";101;270;"SERRA";"Ausência de reação do condutor";"Colisão com objeto";"Com Vítimas Feridas";"Plena Noite";"Crescente";"Céu Claro";"Dupla";"Reta";"Sim";1;0;0;1;0;0;1;1;-20,22662056;-40,27075088;"SPRF-ES";"DEL02-ES";"UOP01-DEL02-ES"
407925;2021-11-14;"domingo";"19:12:00";"ES";101;269;"SERRA";"Condutor desrespeitou a iluminação vermelha do semáforo";"Colisão transversal";"Com Vítimas Feridas";"Plena Noite";"Crescente";"Céu Claro";"Dupla";"Interseção de Vias";"Sim";4;0;0;2;2;0;2;2;-20,21740496;-40,26990578;"SPRF-ES";"DEL02-ES";"UOP01-DEL02-ES"
407933;2021-12-04;"sábado";"00:20:00";"MG";381;506;"BETIM";"Condutor deixou de manter distância do veículo da frente";"Colisão traseira";"Com Vítimas Feridas";"Plena Noite";"Decrescente";"Nublado";"Dupla";"Reta";"Sim";2;0;1;0;1;0;1;2;-20,05039397;-44,27962502;"SPRF-MG";"DEL01-MG";"UOP03-DEL01-MG"
407935;2021-12-05;"domingo";"23:35:00";"RJ";465;16;"NOVA IGUACU";"Ultrapassagem Indevida";"Colisão frontal";"Com Vítimas Feridas";"Plena Noite";"Decrescente";"Nublado";"Simples";"Reta";"Sim";2;0;0;1;0;1;1;2;-22,815538;-43,624565;"SPRF-RJ";"DEL03-RJ";"UOP01-DEL03-RJ"
407937;2021-10-06;"quarta-feira";"17:00:00";"RJ";40;113;"DUQUE DE CAXIAS";"Ausência de reação do condutor";"Tombamento";"Com Vítimas Feridas";"Pleno dia";"Decrescente";"Ignorado";"Múltipla";"Reta";"Sim";1;0;1;0;0;0;1;1;-22,71724068;-43,28971804;"SPRF-RJ";"DEL01-RJ";"UOP01-DEL01-RJ"
407944;2021-12-13;"segunda-feira";"06:40:00";"PB";230;23,8;"JOAO PESSOA";"Ausência de reação do condutor";"Colisão traseira";"Com Vítimas Feridas";"Pleno dia";"Decrescente";"Céu Claro";"Dupla";"Viaduto";"Sim";2;0;1;0;1;0;1;2;-7,1657719;-34,86286875;"SPRF-PB";"DEL01-PB";"UOP01-DEL01-PB"
407945;2021-01-01;"sexta-feira";"17:33:00";"DF";80;19,8;"BRASILIA";"Ingestão de álcool pelo condutor";"Colisão lateral mesmo sentido";"Sem Vítimas";"Anoitecer";"Crescente";"Nublado";"Dupla";"Reta";"Sim";2;0;0;0;2;0;0;2;-15,675205;-48,204636;"SPRF-DF";"DEL03-DF";"UOP02-DEL03-DF"
407961;2021-12-23;"quinta-feira";"13:10:00";"RN";101;127,6;"SAO JOSE DE MIPIBU";"Ausência de reação do condutor";"Queda de ocupante de veículo";"Com Vítimas Feridas";"Pleno dia";"Decrescente";"Céu Claro";"Dupla";"Reta";"Não";2;0;0;1;1;0;1;2;-6,09531301;-35,23432044;"SPRF-RN";"DEL01-RN";"UOP01-DEL01-RN"
407963;2021-11-09;"terça-feira";"19:50:00";"RN";101;106;"PARNAMIRIM";"Demais falhas mecânicas ou elétricas";"Colisão transversal";"Com Vítimas Feridas";"Plena Noite";"Decrescente";"Céu Claro";"Múltipla";"Reta";"Sim";2;0;1;0;1;0;1;2;-5,91056401;-35,26130795;"SPRF-RN";"DEL01-RN";"UOP01-DEL01-RN"
407967;2021-12-10;"sexta-feira";"05:00:00";"CE";20;369;"MARANGUAPE";"Acessar a via sem observar a presença dos outros veículos";"Colisão lateral mesmo sentido";"Com Vítimas Feridas";"Pleno dia";"Decrescente";"Céu Claro";"Simples";"Reta";"Não";2;0;1;1;0;0;2;2;-3,98102;-38,91327;"SPRF-CE";"DEL02-CE";"UOP01-DEL02-CE"
407978;2021-12-23;"quinta-feira";"20:30:00";"MA";316;116;"SANTA LUZIA DO PARUA";"Ultrapassagem Indevida";"Colisão frontal";"Com Vítimas Feridas";"Plena Noite";"Crescente";"Céu Claro";"Simples";"Aclive";"Não";2;0;0;1;0;1;1;2;-2,556266;-45,772129;"SPRF-MA";"DEL02-MA";"UOP02-DEL02-MA"
408066;2021-12-02;"quinta-feira";"22:00:00";"SC";101;46;"JOINVILLE";"Participar de racha";"Queda de ocupante de veículo";"Com Vítimas Feridas";"Plena Noite";"Crescente";"Nublado";"Dupla";"Reta";"Não";5;0;0;2;1;2;2;4;-26,33150083;-48,86187762;"SPRF-SC";"DEL03-SC";"UOP01-DEL03-SC"
408067;2021-09-04;"sábado";"07:30:00";"MT";163;827;"SINOP";"Condutor deixou de manter distância do veículo da frente";"Colisão traseira";"Com Vítimas Feridas";"Pleno dia";"Crescente";"Sol";"Dupla";"Retorno Regulamentado";"Sim";2;0;0;1;1;0;1;2;-12,05864;-55,51743619;"SPRF-MT";"DEL06-MT";"UOP01-DEL06-MT"
408083;2021-12-22;"quarta-feira";"21:00:00";"PR";376;4,5;"MANDAGUARI";"Ultrapassagem Indevida";"Colisão frontal";"Com Vítimas Feridas";"Plena Noite";"Decrescente";"Céu Claro";"Simples";"Reta";"Sim";2;0;0;2;0;0;2;2;-23,547966;-51,671265;"SPRF-PR";"DEL09-PR";"UOP01-DEL09-PR"
408086;2021-09-05;"domingo";"12:30:00";"PR";277;112;"CAMPO LARGO";"Velocidade Incompatível";"Queda de ocupante de veículo";"Com Vítimas Feridas";"Pleno dia";"Crescente";"Céu Claro";"Dupla";"Reta";"Não";2;0;1;1;0;0;2;1;-25,43257515;-49,36978297;"SPRF-PR";"DEL01-PR";"UOP03-DEL03-PR"
408090;2021-11-17;"quarta-feira";"11:15:00";"RJ";40;122;"DUQUE DE CAXIAS";"Trafegar com motocicleta (ou similar) entre as faixas";"Colisão lateral mesmo sentido";"Com Vítimas Feridas";"Pleno dia";"Crescente";"Sol";"Múltipla";"Reta";"Sim";3;0;1;0;2;0;1;3;-22,79083113;-43,28611569;"SPRF-RJ";"DEL01-RJ";"UOP01-DEL01-RJ"
408096;2021-12-30;"quinta-feira";"00:20:00";"MG";381;364;"SAO GONCALO DO RIO ABAIXO";"Velocidade Incompatível";"Colisão frontal";"Com Vítimas Feridas";"Plena Noite";"Decrescente";"Nublado";"Simples";"Curva";"Não";6;0;5;0;1;0;5;2;-19,84955579;-43,25424839;"SPRF-MG";"DEL03-MG";"UOP01-DEL03-MG"
408109;2021-12-13;"segunda-feira";"18:50:00";"RJ";101;262;"RIO BONITO";"Ausência de reação do condutor";"Tombamento";"Com Vítimas Feridas";"Plena Noite";"Decrescente";"Céu Claro";"Dupla";"Curva";"Não";1;0;1;0;0;0;1;1;-22,71367506;-42,62052996;"SPRF-RJ";"DEL02-RJ";"UOP03-DEL02-RJ"
408125;2021-12-02;"quinta-feira";"17:00:00";"PE";232;552;"PARNAMIRIM";"Reação tardia ou ineficiente do condutor";"Colisão traseira";"Com Vítimas Feridas";"Anoitecer";"Crescente";"Sol";"Simples";"Em Obras";"Não";2;0;1;0;1;0;1;2;-8,090471;-39,508159;"SPRF-PE";"DEL05-PE";"UOP01-DEL05-PE"
408126;2021-10-31;"domingo";"18:15:00";"MG";262;442,8;"NOVA SERRANA";"Transitar na contramão";"Colisão frontal";"Com Vítimas Feridas";"Anoitecer";"Crescente";"Céu Claro";"Dupla";"Aclive";"Sim";2;0;0;1;0;1;1;2;-19,87150461;-44,9801905;"SPRF-MG";"DEL08-MG";"UOP03-DEL08-MG"
408133;2021-12-12;"domingo";"22:30:00";"PB";230;156,6;"CAMPINA GRANDE";"Ingestão de álcool pelo condutor";"Colisão traseira";"Com Vítimas Feridas";"Plena Noite";"Decrescente";"Céu Claro";"Simples";"Declive;Reta";"Sim";3;0;3;0;0;0;3;2;-7,270341;-35,912609;"SPRF-PB";"DEL02-PB";"UOP01-DEL02-PB"
408134;2021-12-31;"sexta-feira";"16:30:00";"PB";230;501;"CAJAZEIRAS";"Transitar na contramão";"Colisão frontal";"Com Vítimas Feridas";"Pleno dia";"Crescente";"Nublado";"Simples";"Reta";"Não";2;0;0;1;0;1;1;2;-6,899;-38,5159;"SPRF-PB";"DEL03-PB";"UOP03-DEL03-PB"
408167;2021-12-27;"segunda-feira";"09:56:00";"RJ";101;294;"ITABORAI";"Animais na Pista";"Incêndio";"Sem Vítimas";"Pleno dia";"Decrescente";"Céu Claro";"Dupla";"Reta";"Sim";1;0;0;0;1;0;0;1;-22,7600364;-42,89577484;"SPRF-RJ";"DEL02-RJ";"UOP02-DEL02-RJ"
408180;2021-12-03;"sexta-feira";"12:13:00";"BA";101;666;"ITAPEBI";"Chuva";"Saída de leito carroçável";"Com Vítimas Feridas";"Pleno dia";"Decrescente";"Chuva";"Simples";"Curva";"Não";1;0;1;0;0;0;1;1;-15,991256;-39,57309;"SPRF-BA";"DEL09-BA";"UOP01-DEL09-BA"
408181;2021-12-15;"quarta-feira";"11:10:00";"SP";116;82;"ROSEIRA";"Demais falhas na via";"Colisão com objeto";"Sem Vítimas";"Pleno dia";"Decrescente";"Céu Claro";"Dupla";"Reta";"Não";1;0;0;0;1;0;0;1;-22,90918532;-45,31883185;"SPRF-SP";"DEL08-SP";"UOP01-DEL08-SP"
408189;2021-02-04;"quinta-feira";"08:20:00";"RS";101;6,5;"TORRES";"Chuva";"Colisão traseira";"Com Vítimas Feridas";"Pleno dia";"Crescente";"Chuva";"Dupla";"Reta";"Sim";3;0;0;1;1;1;1;3;-29,34755416;-49,79310885;"SPRF-RS";"DEL03-RS";"UOP02-DEL03-RS"
408194;2021-11-17;"quarta-feira";"07:35:00";"SC";280;70,5;"JARAGUA DO SUL";"Reação tardia ou ineficiente do condutor";"Colisão transversal";"Com Vítimas Feridas";"Amanhecer";"Crescente";"Nublado";"Simples";"Curva";"Não";3;0;0;1;1;1;1;3;-26,46522052;-49,12675918;"SPRF-SC";"DEL03-SC";"UOP03-DEL03-SC"
408205;2021-12-10;"sexta-feira";"15:10:00";"RJ";116;309;"ITATIAIA";"Objeto estático sobre o leito carroçável";"Colisão traseira";"Sem Vítimas";"Pleno dia";"Crescente";"Nublado";"Dupla";"Reta";"Sim";3;0;0;0;3;0;0;2;-22,46261211;-44,4805867;"SPRF-RJ";"DEL07-RJ";"UOP02-DEL07-RJ"
408216;2021-11-24;"quarta-feira";"22:30:00";"SC";280;135;"RIO NEGRINHO";"Ultrapassagem Indevida";"Colisão lateral mesmo sentido";"Com Vítimas Feridas";"Plena Noite";"Decrescente";"Nevoeiro/Neblina";"Simples";"Reta";"Não";2;0;1;0;1;0;1;2;-26,274445;-49,57251;"SPRF-SC";"DEL06-SC";"UOP03-DEL06-SC"
408219;2021-10-17;"domingo";"10:20:00";"MG";116;318,9;"ITAMBACURI";"Reação tardia ou ineficiente do condutor";"Saída de leito carroçável";"Com Vítimas Feridas";"Pleno dia";"Crescente";"Céu Claro";"Simples";"Reta";"Não";2;0;0;1;0;1;1;2;-18,147915;-41,697668;"SPRF-MG";"DEL11-MG";"UOP01-DEL11-MG"
408222;2021-12-26;"domingo";"17:00:00";"MS";376;112;"IVINHEMA";"Transitar na contramão";"Colisão lateral sentido oposto";"Com Vítimas Feridas";"Pleno dia";"Crescente";"Céu Claro";"Simples";"Reta";"Não";7;0;1;1;5;0;2;2;-22,29359307;-53,898203;"SPRF-MS";"DEL04-MS";"UOP04-DEL04-MS"
408223;2021-11-15;"segunda-feira";"13:00:00";"DF";20;19;"BRASILIA";"Mal súbito do condutor";"Colisão traseira";"Com Vítimas Feridas";"Pleno dia";"Decrescente";"Céu Claro";"Dupla";"Reta";"Não";2;0;2;0;0;0;2;2;-15,612175;-47,700928;"SPRF-DF";"DEL02-DF";"UOP01-DEL02-DF"