"id";"data_inversa";"dia_semana";"horario";"uf";"br";"km";"municipio";"causa_acidente";"tipo_acidente";"classificacao_acidente";"fase_dia";"sentido_via";"condicao_metereologica";"tipo_pista";"tracado_via";"uso_solo";"pessoas";"mortos";"feridos_leves";"feridos_graves";"ilesos";"ignorados";"feridos";"veiculos";"latitude";"longitude";"regional";"delegacia";"uop"
412148;2021-12-26;"domingo";"13:55:00";"PR";116;62;"CAMPINA GRANDE DO SUL";"Trafegar com motocicleta (ou similar) entre as faixas";"Colisão traseira";"Com Vítimas Feridas";"Pleno dia";"Crescente";"Céu Claro";"Dupla";"Reta";"Não";4;0;0;1;3;0;1;2;-25,30561332;-48,9732999;"SPRF-PR";"DEL01-PR";"UOP02-DEL01-PR"
412172;2021-08-09;"segunda-feira";"20:20:00";"PA";316;60,9;"CASTANHAL";"Transitar na contramão";"Colisão frontal";"Com Vítimas Feridas";"Plena Noite";"Decrescente";"Céu Claro";"Múltipla";"Reta";"Sim";6;0;0;1;5;0;1;2;-1,298257;-47,939789;"SPRF-PA";"DEL01-PA";"UOP01-DEL01-PA"
412183;2021-10-24;"domingo";"00:30:00";"ES";482;100,5;"GUACUI";"Restrição de visibilidade em curvas horizontais";"Tombamento";"Com Vítimas Feridas";"Plena Noite";"Decrescente";"Nublado";"Simples";"Curva";"Não";2;0;1;0;0;1;1;2;-20,776826;-41,631775;"SPRF-ES";"DEL03-ES";"UOP02-DEL03-ES"
412214;2021-09-21;"terça-feira";"18:40:00";"PR";476;117;"COLOMBO";"Ausência de reação do condutor";"Colisão transversal";"Sem Vítimas";"Plena Noite";"Decrescente";"Ignorado";"Dupla";"Reta";"Sim";2;0;0;0;0;2;0;2;-25,348623;-49,175663;"SPRF-PR";"DEL01-PR";"UOP02-DEL01-PR"
412294;2021-11-03;"quarta-feira";"12:00:00";"RJ";101;58;"CAMPOS DOS GOYTACAZES";"Condutor desrespeitou a iluminação vermelha do semáforo";"Colisão transversal";"Com Vítimas Feridas";"Pleno dia";"Crescente";"Céu Claro";"Simples";"Retorno Regulamentado";"Sim";3;0;2;0;1;0;2;2;-21,70488703;-41,30979616;"SPRF-RJ";"DEL08-RJ";"UOP01-DEL08-RJ"
412300;2021-07-02;"sexta-feira";"12:25:00";"PA";316;55;"CASTANHAL";"Afundamento ou ondulação no pavimento";"Tombamento";"Com Vítimas Feridas";"Pleno dia";"Crescente";"Céu Claro";"Dupla";"Reta";"Não";1;0;0;1;0;0;1;1;-1,30561339;-47,99919919;"SPRF-PA";"DEL01-PA";"UOP01-DEL01-PA"
412303;2021-12-18;"sábado";"08:00:00";"PE";232;127;"CARUARU";"Conversão proibida";"Colisão transversal";"Com Vítimas Feridas";"Pleno dia";"Crescente";"Céu Claro";"Simples";"Rotatória;Viaduto";"Sim";3;0;2;0;0;1;2;2;-8,30610303;-35,96342301;"SPRF-PE";"DEL02-PE";"UOP03-DEL02-PE"
412310;2021-12-22;"quarta-feira";"16:00:00";"PE";232;39,3;"VITORIA DE SANTO ANTAO";"Reação tardia ou ineficiente do condutor";"Saída de leito carroçável";"Com Vítimas Feridas";"Pleno dia";"Crescente";"Céu Claro";"Dupla";"Curva";"Não";2;0;2;0;0;0;2;1;-8,11725249;-35,2270359;"SPRF-PE";"DEL01-PE";"UOP01-DEL01-PE"
412312;2021-12-21;"terça-feira";"15:45:00";"PI";230;157;"DOM EXPEDITO LOPES";"Manobra de mudança de faixa";"Colisão frontal";"Com Vítimas Feridas";"Pleno dia";"Crescente";"Chuva";"Simples";"Reta";"Não";5;0;4;1;0;0;5;2;-6,93187887;-41,78776597;"SPRF-PI";"DEL04-PI";"UOP01-DEL04-PI"
412347;2021-08-22;"domingo";"06:59:00";"PR";476;126;"CURITIBA";"Reação tardia ou ineficiente do condutor";"Colisão traseira";"Com Vítimas Feridas";"Amanhecer";"Decrescente";"Céu Claro";"Dupla";"Reta";"Sim";2;0;0;1;0;1;1;2;-25,40613622;-49,21893641;"SPRF-PR";"DEL01-PR";"UOP03-DEL01-PR"
412364;2021-11-27;"sábado";"02:45:00";"SC";116;203;"MONTE CASTELO";"Condutor deixou de manter distância do veículo da frente";"Colisão traseira";"Com Vítimas Feridas";"Plena Noite";"Decrescente";"Ignorado";"Simples";"Reta";"Não";2;0;1;0;0;1;1;2;-26,7337591;-50,31370975;"SPRF-SC";"DEL05-SC";"UOP03-DEL05-SC"
412379;2021-08-20;"sexta-feira";"17:00:00";"MG";381;936,1;"EXTREMA";"Demais falhas mecânicas ou elétricas";"Incêndio";"Sem Vítimas";"Pleno dia";"Decrescente";"Céu Claro";"Dupla";"Aclive;Reta";"Não";2;0;0;0;2;0;0;1;-22,82914914;-46,31469547;"SPRF-MG";"DEL16-MG";"UOP03-DEL16-MG"
412434;2021-11-26;"sexta-feira";"20:30:00";"MG";50;206;"DELTA";"Ingestão de álcool pelo condutor";"Saída de leito carroçável";"Com Vítimas Feridas";"Plena Noite";"Crescente";"Chuva";"Dupla";"Curva";"Não";1;0;1;0;0;0;1;1;-19,92627147;-47,82191068;"SPRF-MG";"DEL13-MG";"UOP01-DEL13-MG"
412437;2021-12-29;"quarta-feira";"01:50:00";"ES";101;416;"ITAPEMIRIM";"Chuva";"Saída de leito carroçável";"Com Vítimas Feridas";"Plena Noite";"Crescente";"Chuva";"Simples";"Curva";"Não";1;0;1;0;0;0;1;1;-20,93997009;-41,08374492;"SPRF-ES";"DEL03-ES";"UOP02-DEL03-ES"
412442;2021-10-22;"sexta-feira";"02:20:00";"SP";116;230;"SAO PAULO";"Estacionar ou parar em local proibido";"Colisão traseira";"Com Vítimas Feridas";"Amanhecer";"Crescente";"Céu Claro";"Múltipla";"Reta";"Não";2;0;1;0;1;0;1;2;-23,52251783;-46,5855702;"SPRF-SP";"DEL01-SP";"UOP01-DEL01-SP"
412476;2021-12-12;"domingo";"20:30:00";"PI";402;40;"PARNAIBA";"Velocidade Incompatível";"Saída de leito carroçável";"Com Vítimas Feridas";"Plena Noite";"Decrescente";"Céu Claro";"Simples";"Curva";"Não";1;0;0;1;0;0;1;1;-2,96769741;-41,70850435;"SPRF-PI";"DEL05-PI";"UOP01-DEL05-PI"
412478;2021-10-12;"terça-feira";"11:30:00";"BA";101;535;"SAO JOSE DA VITORIA";"Chuva";"Colisão frontal";"Com Vítimas Feridas";"Pleno dia";"Decrescente";"Chuva";"Simples";"Curva";"Não";3;0;1;1;1;0;2;2;-15,15775202;-39,41074199;"SPRF-BA";"DEL05-BA";"UOP01-DEL05-BA"
412485;2021-08-30;"segunda-feira";"07:30:00";"PR";376;178,9;"MARINGA";"Manobra de mudança de faixa";"Colisão lateral mesmo sentido";"Com Vítimas Feridas";"Pleno dia";"Decrescente";"Céu Claro";"Dupla";"Reta";"Sim";2;0;1;0;1;0;1;2;-23,41898066;-51,91357613;"SPRF-PR";"DEL09-PR";"UOP01-DEL09-PR"
412489;2021-12-20;"segunda-feira";"09:50:00";"PR";376;175,7;"MARINGA";"Reação tardia ou ineficiente do condutor";"Colisão traseira";"Com Vítimas Feridas";"Pleno dia";"Decrescente";"Céu Claro";"Múltipla";"Reta";"Sim";3;0;1;0;2;0;1;3;-23,4113569;-51,9407767;"SPRF-PR";"DEL09-PR";"UOP01-DEL09-PR"
412514;2021-12-07;"terça-feira";"16:30:00";"SC";101;328;"CAPIVARI DE BAIXO";"Acessar a via sem observar a presença dos outros veículos";"Colisão transversal";"Com Vítimas Feridas";"Pleno dia";"Decrescente";"Céu Claro";"Simples";"Interseção de Vias";"Sim";2;0;1;0;1;0;1;2;-28,43648094;-48,95989307;"SPRF-SC";"DEL02-SC";"UOP01-DEL02-SC"
412529;2021-11-30;"terça-feira";"16:10:00";"RS";290;91;"PORTO ALEGRE";"Demais Fenômenos da natureza";"Queda de ocupante de veículo";"Com Vítimas Feridas";"Pleno dia";"Decrescente";"Céu Claro";"Simples";"Curva";"Sim";2;0;2;0;0;0;2;1;-29,969055;-51,167439;"SPRF-RS";"DEL01-RS";"UOP01-DEL01-RS"
412539;2021-11-14;"domingo";"15:35:00";"PR";476;117;"COLOMBO";"Ausência de reação do condutor";"Colisão traseira";"Com Vítimas Feridas";"Pleno dia";"Crescente";"Céu Claro";"Múltipla";"Retorno Regulamentado";"Sim";2;0;1;0;1;0;1;2;-25,348623;-49,175663;"SPRF-PR";"DEL01-PR";"UOP02-DEL01-PR"
412592;2021-12-06;"segunda-feira";"00:30:00";"PE";101;149;"RIBEIRAO";"Ingestão de álcool pelo condutor";"Colisão frontal";"Com Vítimas Fatais";"Plena Noite";"Crescente";"Céu Claro";"Simples";"Reta";"Sim";3;2;1;0;0;0;1;2;-8,495949;-35,374191;"SPRF-PE";"DEL01-PE";"UOP01-DEL01-PE"
412686;2021-09-24;"sexta-feira";"08:20:00";"ES";101;140;"LINHARES";"Acessar a via sem observar a presença dos outros veículos";"Colisão transversal";"Com Vítimas Feridas";"Pleno dia";"Decrescente";"Céu Claro";"Múltipla";"Reta";"Não";2;0;0;2;0;0;2;2;-19,31796759;-40,07542133;"SPRF-ES";"DEL04-ES";"UOP01-DEL04-ES"
412694;2021-08-04;"quarta-feira";"06:45:00";"MG";146;519,5;"POCOS DE CALDAS";"Acessar a via sem observar a presença dos outros veículos";"Colisão transversal";"Com Vítimas Feridas";"Amanhecer";"Decrescente";"Céu Claro";"Simples";"Interseção de Vias";"Sim";2;0;1;0;1;0;1;2;-21,806509;-46,490413;"SPRF-MG";"DEL09-MG";"UOP01-DEL09-MG"
412727;2021-11-27;"sábado";"07:35:00";"MG";116;430;"ALPERCATA";"Acumulo de óleo sobre o pavimento";"Tombamento";"Com Vítimas Feridas";"Pleno dia";"Decrescente";"Ignorado";"Simples";"Reta";"Não";1;0;0;1;0;0;1;1;-18,99809891;-41,97757268;"SPRF-MG";"DEL06-MG";"UOP01-DEL06-MG"
412742;2021-11-27;"sábado";"18:45:00";"PB";101;82,3;"BAYEUX";"Ingestão de álcool ou de substâncias psicoativas pelo pedestre";"Atropelamento de Pedestre";"Com Vítimas Feridas";"Plena Noite";"Crescente";"Nublado";"Dupla";"Reta";"Sim";2;0;1;1;0;0;2;2;-7,12983639;-34,93565317;"SPRF-PB";"DEL01-PB";"UOP01-DEL01-PB"
412776;2021-10-23;"sábado";"15:00:00";"PR";376;208;"MANDAGUARI";"Condutor deixou de manter distância do veículo da frente";"Queda de ocupante de veículo";"Com Vítimas Feridas";"Pleno dia";"Crescente";"Céu Claro";"Simples";"Reta";"Sim";2;0;1;0;0;1;1;2;-23,52871602;-51,67565882;"SPRF-PR";"DEL09-PR";"UOP01-DEL09-PR"
412807;2021-12-27;"segunda-feira";"07:30:00";"SC";470;101,3;"APIUNA";"Condutor Dormindo";"Saída de leito carroçável";"Com Vítimas Fatais";"Pleno dia";"Decrescente";"Sol";"Simples";"Reta";"Não";4;2;0;2;0;0;2;1;-27,058;-49,39;"SPRF-SC";"DEL04-SC";"UOP02-DEL04-SC"
412822;2021-12-11;"sábado";"03:00:00";"PE";408;86;"PAUDALHO";"Transitar na contramão";"Colisão frontal";"Com Vítimas Feridas";"Plena Noite";"Decrescente";"Ignorado";"Simples";"Interseção de Vias";"Não";2;0;0;1;1;0;1;2;-7,960577;-35,093816;"SPRF-PE";"DEL01-PE";"UOP01-DEL01-PE"
412877;2021-12-13;"segunda-feira";"08:05:00";"PI";316;292;"PICOS";"Acessar a via sem observar a presença dos outros veículos";"Colisão transversal";"Com Vítimas Feridas";"Pleno dia";"Decrescente";"Céu Claro";"Simples";"Reta";"Sim";2;0;1;1;0;0;2;2;-7,00534014;-41,60370207;"SPRF-PI";"DEL04-PI";"UOP01-DEL04-PI"
412912;2021-10-29;"sexta-feira";"07:20:00";"PR";476;126,7;"CURITIBA";"Ausência de reação do condutor";"Colisão traseira";"Com Vítimas Feridas";"Pleno dia";"Crescente";"Nublado";"Múltipla";"Reta";"Sim";3;0;1;1;1;0;2;2;-25,416758;-49,223446;"SPRF-PR";"DEL01-PR";"UOP03-DEL01-PR"
412923;2021-12-23;"quinta-feira";"00:00:00";"MT";163;761;"SORRISO";"Transitar na contramão";"Colisão frontal";"Com Vítimas Fatais";"Plena Noite";"Decrescente";"Céu Claro";"Simples";"Reta";"Não";3;1;0;0;2;0;0;2;-12,58368976;-55,73516429;"SPRF-MT";"DEL06-MT";"UOP01-DEL06-MT"
412995;2021-12-21;"terça-feira";"13:05:00";"PE";232;409,4;"SERRA TALHADA";"Condutor desrespeitou a iluminação vermelha do semáforo";"Colisão transversal";"Com Vítimas Feridas";"Pleno dia";"Decrescente";"Céu Claro";"Simples";"Interseção de Vias";"Sim";3;0;1;1;1;0;2;2;-7,981944;-38,289467;"SPRF-PE";"DEL04-PE";"UOP01-DEL04-PE"
413044;2021-08-07;"sábado";"15:30:00";"PR";373;422;"CANDOI";"Reação tardia ou ineficiente do condutor";"Saída de leito carroçável";"Com Vítimas Feridas";"Pleno dia";"Decrescente";"Céu Claro";"Simples";"Curva;Aclive";"Não";1;0;0;1;0;0;1;1;-25,71013737;-52,1768954;"SPRF-PR";"DEL08-PR";"UOP01-DEL08-PR"
413216;2021-11-17;"quarta-feira";"12:00:00";"SE";101;112;"ITAPORANGA DAJUDA";"Manobra de mudança de faixa";"Colisão lateral mesmo sentido";"Com Vítimas Feridas";"Pleno dia";"Crescente";"Céu Claro";"Dupla";"Reta";"Sim";2;0;0;1;0;1;1;2;-11,00206998;-37,30718315;"SPRF-SE";"DEL02-SE";"UOP01-DEL02-SE"
413224;2021-12-05;"domingo";"16:10:00";"MG";146;477,9;"BANDEIRA DO SUL";"Acessar a via sem observar a presença dos outros veículos";"Colisão transversal";"Com Vítimas Feridas";"Pleno dia";"Crescente";"Chuva";"Simples";"Interseção de Vias";"Não";6;0;3;0;3;0;3;2;-21,74531971;-46,4040935;"SPRF-MG";"DEL09-MG";"UOP01-DEL09-MG"
413434;2021-08-08;"domingo";"12:38:00";"MG";116;408;"GOVERNADOR VALADARES";"Desrespeitar a preferência no cruzamento";"Colisão transversal";"Com Vítimas Feridas";"Pleno dia";"Crescente";"Nublado";"Dupla";"Retorno Regulamentado";"Não";3;0;2;0;1;0;2;2;-18,84221919;-41,98289416;"SPRF-MG";"DEL06-MG";"UOP01-DEL06-MG"
413435;2021-11-19;"sexta-feira";"15:20:00";"MA";10;141;"PORTO FRANCO";"Reação tardia ou ineficiente do condutor";"Colisão lateral mesmo sentido";"Com Vítimas Feridas";"Pleno dia";"Decrescente";"Céu Claro";"Simples";"Reta";"Não";39;0;0;1;37;1;1;2;-6,4814552;-47,39055634;"SPRF-MA";"DEL04-MA";"UOP02-DEL04-MA"
413455;2021-10-02;"sábado";"10:13:00";"RO";364;237,1;"CACOAL";"Manobra de mudança de faixa";"Colisão lateral mesmo sentido";"Com Vítimas Feridas";"Pleno dia";"Decrescente";"Céu Claro";"Simples";"Curva";"Sim";2;0;1;0;0;1;1;2;-11,44341056;-61,44672787;"SPRF-RO";"DEL02-RO";"UOP02-DEL02-RO"
413457;2021-11-07;"domingo";"16:30:00";"RJ";40;67;"PETROPOLIS";"Reação tardia ou ineficiente do condutor";"Saída de leito carroçável";"Com Vítimas Feridas";"Pleno dia";"Decrescente";"Céu Claro";"Simples";"Reta";"Não";1;0;1;0;0;0;1;1;-22,43674775;-43,1756712;"SPRF-RJ";"DEL06-RJ";"UOP01-DEL06-RJ"
413480;2021-11-07;"domingo";"16:30:00";"RR";174;415;"IRACEMA";"Ultrapassagem Indevida";"Colisão lateral mesmo sentido";"Com Vítimas Feridas";"Pleno dia";"Crescente";"Céu Claro";"Simples";"Reta";"Não";5;0;2;1;2;0;3;2;2,01145803;-61,07780457;"SPRF-RR";"DEL01-RR";"UOP01-DEL01-RR"
413489;2021-12-27;"segunda-feira";"00:30:00";"GO";364;386;"SANTA RITA DO ARAGUAIA";"Ausência de reação do condutor";"Saída de leito carroçável";"Com Vítimas Feridas";"Plena Noite";"Crescente";"Céu Claro";"Dupla";"Reta";"Sim";1;0;0;1;0;0;1;1;-17,329039;-53,203724;"SPRF-GO";"DEL05-GO";"UOP01-DEL05-GO"
413490;2021-07-17;"sábado";"09:20:00";"PB";101;115;"CAAPORA";"Acumulo de água sobre o pavimento";"Saída de leito carroçável";"Com Vítimas Feridas";"Pleno dia";"Decrescente";"Chuva";"Dupla";"Reta";"Não";3;0;1;1;1;0;2;1;-7,396321;-34,95577703;"SPRF-PB";"DEL01-PB";"UOP02-DEL01-PB"
413541;2021-11-23;"terça-feira";"16:50:00";"RJ";40;112;"DUQUE DE CAXIAS";"Manobra de mudança de faixa";"Colisão traseira";"Com Vítimas Feridas";"Pleno dia";"Decrescente";"Céu Claro";"Múltipla";"Reta";"Sim";3;0;2;0;0;1;2;2;-22,7004454;-43,29014851;"SPRF-RJ";"DEL01-RJ";"UOP01-DEL01-RJ"
413548;2021-10-30;"sábado";"10:20:00";"ES";101;163,1;"LINHARES";"Acessar a via sem observar a presença dos outros veículos";"Colisão transversal";"Com Vítimas Feridas";"Pleno dia";"Crescente";"Nublado";"Simples";"Interseção de Vias";"Não";2;0;0;1;1;0;1;2;-19,49806194;-40,13058524;"SPRF-ES";"DEL04-ES";"UOP01-DEL04-ES"
413570;2021-11-03;"quarta-feira";"08:30:00";"ES";101;147;"ITAPEMIRIM";"Desrespeitar a preferência no cruzamento";"Colisão traseira";"Com Vítimas Feridas";"Pleno dia";"Crescente";"Nublado";"Dupla";"Retorno Regulamentado";"Sim";2;0;1;0;1;0;1;2;-21;-41;"SPRF-ES";"DEL04-ES";"UOP01-DEL04-ES"
413584;2021-12-18;"sábado";"18:40:00";"BA";367;39,5;"PORTO SEGURO";"Ultrapassagem Indevida";"Colisão frontal";"Com Vítimas Fatais";"Plena Noite";"Decrescente";"Nublado";"Simples";"Reta";"Não";3;2;0;0;0;1;0;2;-16,39129187;-39,20169694;"SPRF-BA";"DEL09-BA";"UOP01-DEL09-BA"
413615;2021-11-19;"sexta-feira";"13:00:00";"MT";163;1065;"GUARANTA DO NORTE";"Conversão proibida";"Colisão transversal";"Com Vítimas Feridas";"Pleno dia";"Crescente";"Céu Claro";"Dupla";"Retorno Regulamentado;Reta";"Sim";3;0;1;2;0;0;3;2;-10,08564616;-54,91420977;"SPRF-MT";"DEL06-MT";"NPF/DEL06-MT"
413647;2021-10-27;"quarta-feira";"06:40:00";"SC";470;54;"BLUMENAU";"Ultrapassagem Indevida";"Colisão traseira";"Com Vítimas Feridas";"Pleno dia";"Crescente";"Nublado";"Simples";"Reta";"Sim";3;0;0;1;2;0;1;3;-26,871065;-49,110374;"SPRF-SC";"DEL04-SC";"UOP01-DEL04-SC"
413674;2021-12-09;"quinta-feira";"06:10:00";"MT";70;496;"CUIABA";"Acesso irregular";"Colisão transversal";"Com Vítimas Feridas";"Pleno dia";"Decrescente";"Céu Claro";"Simples";"Reta";"Sim";2;0;1;0;1;0;1;2;-15,65138405;-56,00149333;"SPRF-MT";"DEL01-MT";"UOP02-DEL01-MT"
413677;2021-12-16;"quinta-feira";"06:50:00";"BA";101;878;"TEIXEIRA DE FREITAS";"Conversão proibida";"Colisão transversal";"Com Vítimas Feridas";"Pleno dia";"Crescente";"Céu Claro";"Simples";"Reta";"Sim";2;0;1;0;1;0;1;2;-17,54940357;-39,7206831;"SPRF-BA";"DEL09-BA";"UOP02-DEL09-BA"
413739;2021-12-31;"sexta-feira";"10:00:00";"RJ";101;332;"RIO DE JANEIRO";"Trafegar com motocicleta (ou similar) entre as faixas";"Colisão traseira";"Sem Vítimas";"Pleno dia";"Decrescente";"Ignorado";"Múltipla";"Reta";"Não";1;0;0;0;1;0;0;1;-22,86879709;-43,20060253;"SPRF-RJ";"DEL02-RJ";"UOP02-DEL02-RJ"
413791;2021-10-15;"sexta-feira";"09:00:00";"PA";316;63;"CASTANHAL";"Ausência de reação do condutor";"Colisão transversal";"Com Vítimas Feridas";"Pleno dia";"Crescente";"Ignorado";"Dupla";"Interseção de Vias";"Sim";2;0;0;1;0;1;1;2;-1,29679363;-47,92878096;"SPRF-PA";"DEL01-PA";"UOP01-DEL01-PA"
413792;2021-12-18;"sábado";"17:20:00";"BA";367;69,5;"PORTO SEGURO";"Ingestão de álcool pelo condutor";"Colisão lateral sentido oposto";"Com Vítimas Feridas";"Pleno dia";"Decrescente";"Céu Claro";"Simples";"Em Obras";"Não";3;0;0;2;1;0;2;2;-16,3925741;-39,45796095;"SPRF-BA";"DEL09-BA";"UOP01-DEL09-BA"
413844;2021-12-24;"sexta-feira";"17:20:00";"RJ";101;297;"ITABORAI";"Manobra de mudança de faixa";"Colisão lateral mesmo sentido";"Com Vítimas Feridas";"Anoitecer";"Crescente";"Céu Claro";"Dupla";"Curva";"Sim";2;0;1;0;1;0;1;2;-22,77085937;-42,92845488;"SPRF-RJ";"DEL02-RJ";"UOP02-DEL02-RJ"
413845;2021-12-11;"sábado";"13:17:00";"RN";304;39,6;"MOSSORO";"Avarias e/ou desgaste excessivo no pneu";"Tombamento";"Com Vítimas Feridas";"Pleno dia";"Crescente";"Ignorado";"Dupla";"Reta";"Não";1;0;1;0;0;0;1;1;-5,18846685;-37,37410298;"SPRF-RN";"DEL04-RN";"UOP02-DEL04-RN"
413877;2021-12-22;"quarta-feira";"22:30:00";"MS";60;522;"NIOAQUE";"Reação tardia ou ineficiente do condutor";"Colisão transversal";"Sem Vítimas";"Plena Noite";"Decrescente";"Nublado";"Simples";"Reta";"Não";2;0;0;0;2;0;0;2;-21,14568731;-55,67531624;"SPRF-MS";"DEL05-MS";"UOP01-DEL05-MS"
413878;2021-11-13;"sábado";"08:20:00";"GO";60;126;"TEREZOPOLIS DE GOIAS";"Ausência de reação do condutor";"Saída de leito carroçável";"Com Vítimas Feridas";"Pleno dia";"Crescente";"Céu Claro";"Dupla";"Retorno Regulamentado";"Não";1;0;1;0;0;0;1;1;-16,50743664;-49,11619854;"SPRF-GO";"DEL01-GO";"UOP01-DEL01-GO"
413881;2021-10-19;"terça-feira";"08:25:00";"PR";376;105,5;"PARANAVAI";"Desrespeitar a preferência no cruzamento";"Colisão transversal";"Com Vítimas Feridas";"Pleno dia";"Decrescente";"Ignorado";"Simples";"Interseção de Vias";"Sim";1;0;0;1;0;0;1;1;-23,05093759;-52,44705677;"SPRF-PR";"DEL09-PR";"UOP02-DEL09-PR"
413914;2021-11-28;"domingo";"06:30:00";"BA";324;584;"CANDEIAS";"Chuva";"Saída de leito carroçável";"Com Vítimas Feridas";"Pleno dia";"Decrescente";"Chuva";"Dupla";"Curva";"Não";4;0;1;2;1;0;3;1;-12,62182288;-38,48260875;"SPRF-BA";"DEL01-BA";"UOP01-DEL01-BA"
413916;2021-08-30;"segunda-feira";"12:30:00";"AM";319;113;"CAREIRO";"Manobra de mudança de faixa";"Colisão frontal";"Com Vítimas Feridas";"Pleno dia";"Crescente";"Céu Claro";"Simples";"Interseção de Vias";"Sim";3;0;1;1;0;1;2;2;-3,82473038;-60,36070981;"SPRF-AM";"DEL01-AM";"UOP04-DEL01-AM"
413968;2021-11-25;"quinta-feira";"17:20:00";"ES";101;270,1;"SERRA";"Ausência de reação do condutor";"Colisão transversal";"Com Vítimas Feridas";"Anoitecer";"Decrescente";"Céu Claro";"Dupla";"Interseção de Vias";"Sim";2;0;1;0;1;0;1;2;-20,22662056;-40,27075088;"SPRF-ES";"DEL02-ES";"UOP01-DEL02-ES"
414004;2021-11-29;"segunda-feira";"11:05:00";"SC";101;211;"SAO JOSE";"Reação tardia ou ineficiente do condutor";"Colisão traseira";"Com Vítimas Feridas";"Pleno dia";"Crescente";"Céu Claro";"Múltipla";"Reta";"Sim";2;0;0;1;1;0;1;2;-27,62329313;-48,65245588;"SPRF-SC";"DEL01-SC";"UOP02-DEL01-SC"
414009;2021-11-02;"terça-feira";"16:35:00";"MG";381;375;"SAO GONCALO DO RIO ABAIXO";"Ultrapassagem Indevida";"Colisão lateral sentido oposto";"Com Vítimas Feridas";"Pleno dia";"Crescente";"Nublado";"Simples";"Reta";"Não";2;0;0;1;1;0;1;2;-19,83666149;-43,33681685;"SPRF-MG";"DEL01-MG";"UOP01-DEL01-MG"
414013;2021-12-10;"sexta-feira";"22:10:00";"SC";470;52;"BLUMENAU";"Desrespeitar a preferência no cruzamento";"Colisão transversal";"Com Vítimas Feridas";"Plena Noite";"Crescente";"Céu Claro";"Simples";"Retorno Regulamentado";"Sim";2;0;1;0;1;0;1;2;-26,862286;-49,093903;"SPRF-SC";"DEL04-SC";"UOP01-DEL04-SC"
414024;2021-08-10;"terça-feira";"19:20:00";"CE";116;18;"EUSEBIO";"Área urbana sem a presença de local apropriado para a travessia de pedestres";"Atropelamento de Pedestre";"Com Vítimas Feridas";"Plena Noite";"Decrescente";"Céu Claro";"Múltipla";"Reta";"Sim";2;0;0;2;0;0;2;2;-3,90496605;-38,50518756;"SPRF-CE";"DEL01-CE";"UOP02-DEL01-CE"
414046;2021-12-12;"domingo";"17:30:00";"SP";153;10,9;"ICEM";"Manobra de mudança de faixa";"Colisão lateral sentido oposto";"Com Vítimas Feridas";"Pleno dia";"Decrescente";"Céu Claro";"Simples";"Reta";"Não";2;0;0;1;1;0;1;2;-20,38815592;-49,23583813;"SPRF-SP";"DEL09-SP";"UOP01-DEL09-SP"
414054;2021-11-15;"segunda-feira";"02:30:00";"PA";316;30;"SANTA IZABEL DO PARA";"Ingestão de álcool pelo condutor";"Saída de leito carroçável";"Com Vítimas Feridas";"Plena Noite";"Crescente";"Céu Claro";"Dupla";"Curva";"Não";1;0;1;0;0;0;1;1;-1,301807;-48,195675;"SPRF-PA";"DEL01-PA";"UOP01-DEL01-PA"
414058;2021-11-10;"quarta-feira";"17:10:00";"MG";356;266;"MURIAE";"Velocidade Incompatível";"Colisão transversal";"Com Vítimas Feridas";"Pleno dia";"Crescente";"Céu Claro";"Simples";"Interseção de Vias";"Sim";2;0;0;1;1;0;1;2;-21,12773936;-42,36838818;"SPRF-MG";"DEL07-MG";"UOP02-DEL07-MG"
414174;2021-09-24;"sexta-feira";"06:30:00";"ES";101;266;"SERRA";"Ausência de reação do condutor";"Colisão traseira";"Com Vítimas Feridas";"Pleno dia";"Crescente";"Céu Claro";"Múltipla";"Reta";"Sim";2;0;1;0;1;0;1;2;-20,190199;-40,26828891;"SPRF-ES";"DEL02-ES";"UOP01-DEL02-ES"
414199;2021-08-07;"sábado";"21:45:00";"ES";262;100,9;"VENDA NOVA DO IMIGRANTE";"Ingestão de álcool pelo condutor";"Colisão frontal";"Com Vítimas Feridas";"Plena Noite";"Crescente";"Garoa/Chuvisco";"Simples";"Curva";"Não";2;0;1;0;1;0;1;2;-20,34357039;-41,10950531;"SPRF-ES";"DEL01-ES";"UOP02-DEL01-ES"
414204;2021-10-11;"segunda-feira";"06:40:00";"RJ";40;83;"PETROPOLIS";"Acumulo de óleo sobre o pavimento";"Colisão traseira";"Com Vítimas Feridas";"Pleno dia";"Crescente";"Chuva";"Dupla";"Túnel";"Não";4;0;0;1;3;0;1;2;-22,51910302;-43,22873364;"SPRF-RJ";"DEL06-RJ";"UOP01-DEL06-RJ"
414211;2021-01-26;"terça-feira";"05:30:00";"PR";116;75;"CAMPINA GRANDE DO SUL";"Pedestre andava na pista";"Atropelamento de Pedestre";"Com Vítimas Fatais";"Plena Noite";"Decrescente";"Nublado";"Dupla";"Reta";"Não";2;1;0;0;1;0;0;2;-25,37129423;-49,04588263;"SPRF-PR";"DEL01-PR";"UOP01-DEL01-PR"