"id";"data_inversa";"dia_semana";"horario";"uf";"br";"km";"municipio";"causa_acidente";"tipo_acidente";"classificacao_acidente";"fase_dia";"sentido_via";"condicao_metereologica";"tipo_pista";"tracado_via";"uso_solo";"pessoas";"mortos";"feridos_leves";"feridos_graves";"ilesos";"ignorados";"feridos";"veiculos";"latitude";"longitude";"regional";"delegacia";"uop"
414213;2021-08-11;"quarta-feira";"18:00:00";"MG";40;807,6;"MATIAS BARBOSA";"Ausência de reação do condutor";"Colisão traseira";"Com Vítimas Feridas";"Plena Noite";"Decrescente";"Nublado";"Dupla";"Reta";"Não";2;0;0;1;1;0;1;2;-21,86785528;-43,35552904;"SPRF-MG";"DEL05-MG";"UOP01-DEL05-MG"
414217;2021-11-28;"domingo";"07:00:00";"RJ";493;76;"NOVA IGUACU";"Condutor Dormindo";"Saída de leito carroçável";"Com Vítimas Feridas";"Amanhecer";"Crescente";"Céu Claro";"Dupla";"Curva";"Sim";2;0;2;0;0;0;2;1;-22,686426;-43,434726;"SPRF-RJ";"DEL01-RJ";"UOP03-DEL01-RJ"
414227;2021-10-02;"sábado";"22:50:00";"MG";116;774;"LEOPOLDINA";"Chuva";"Saída de leito carroçável";"Com Vítimas Fatais";"Plena Noite";"Decrescente";"Chuva";"Simples";"Declive;Curva";"Não";53;4;44;5;0;0;49;1;-21,5425383;-42,65565;"SPRF-MG";"DEL07-MG";"UOP01-DEL07-MG"
414228;2021-02-13;"sábado";"20:45:00";"PE";424;67;"CAETES";"Acessar a via sem observar a presença dos outros veículos";"Colisão lateral sentido oposto";"Com Vítimas Feridas";"Plena Noite";"Crescente";"Nublado";"Simples";"Reta";"Não";4;0;1;0;2;1;1;3;-8,76373281;-36,64275387;"SPRF-PE";"DEL03-PE";"UOP01-DEL03-PE"
414232;2021-12-25;"sábado";"16:20:00";"SC";282;124,7;"BOM RETIRO";"Retorno proibido";"Colisão transversal";"Com Vítimas Feridas";"Pleno dia";"Crescente";"Céu Claro";"Simples";"Reta";"Não";2;0;0;1;1;0;1;2;-27,805086;-49,450378;"SPRF-SC";"DEL05-SC";"UOP01-DEL05-SC"
414236;2021-11-13;"sábado";"09:35:00";"PR";116;17,2;"ANTONINA";"Chuva";"Colisão transversal";"Com Vítimas Feridas";"Pleno dia";"Decrescente";"Chuva";"Dupla";"Reta";"Não";4;0;1;0;3;0;1;2;-25,10305915;-48,70103892;"SPRF-PR";"DEL01-PR";"UOP02-DEL01-PR"
414237;2021-12-26;"domingo";"06:50:00";"CE";20;299,9;"CANINDE";"Ingestão de álcool pelo condutor";"Colisão traseira";"Com Vítimas Feridas";"Pleno dia";"Crescente";"Céu Claro";"Simples";"Reta";"Não";3;0;0;2;1;0;2;2;-4,42235392;-39,33187923;"SPRF-CE";"DEL02-CE";"UOP01-DEL02-CE"
414271;2021-12-22;"quarta-feira";"14:25:00";"RO";319;63;"PORTO VELHO";"Condutor desrespeitou a iluminação vermelha do semáforo";"Colisão transversal";"Com Vítimas Feridas";"Pleno dia";"Decrescente";"Céu Claro";"Dupla";"Interseção de Vias";"Sim";2;0;0;1;1;0;1;2;-8,766685;-63,884052;"SPRF-RO";"DEL01-RO";"UOP01-DEL01-RO"
414283;2021-12-20;"segunda-feira";"11:35:00";"RO";435;37;"VILHENA";"Pista esburacada";"Queda de ocupante de veículo";"Com Vítimas Feridas";"Pleno dia";"Decrescente";"Nublado";"Simples";"Reta";"Não";1;0;0;1;0;0;1;1;-12,86210548;-60,37251032;"SPRF-RO";"DEL04-RO";"UOP02-DEL04-RO"
414534;2021-11-24;"quarta-feira";"10:00:00";"ES";101;290;"CARIACICA";"Ausência de reação do condutor";"Colisão transversal";"Com Vítimas Feridas";"Pleno dia";"Crescente";"Céu Claro";"Dupla";"Retorno Regulamentado";"Não";2;0;0;1;1;0;1;2;-20,28927747;-40,39181575;"SPRF-ES";"DEL01-ES";"UOP01-DEL01-ES"
414649;2021-11-13;"sábado";"18:00:00";"ES";101;66;"SAO MATEUS";"Condutor desrespeitou a iluminação vermelha do semáforo";"Colisão transversal";"Com Vítimas Feridas";"Plena Noite";"Decrescente";"Nublado";"Múltipla";"Interseção de Vias";"Sim";2;0;2;0;0;0;2;2;-18,7165195;-39,87436378;"SPRF-ES";"DEL04-ES";"UOP02-DEL04-ES"
414682;2021-11-17;"quarta-feira";"18:20:00";"PI";343;348,9;"TERESINA";"Condutor deixou de manter distância do veículo da frente";"Engavetamento";"Com Vítimas Feridas";"Plena Noite";"Decrescente";"Céu Claro";"Simples";"Reta";"Não";3;0;0;1;2;0;1;3;-5,118706;-42,786411;"SPRF-PI";"DEL01-PI";"UOP01-DEL01-PI"
414695;2021-11-26;"sexta-feira";"17:20:00";"ES";259;58,1;"COLATINA";"Desrespeitar a preferência no cruzamento";"Colisão transversal";"Com Vítimas Feridas";"Pleno dia";"Decrescente";"Céu Claro";"Simples";"Reta";"Sim";3;0;1;0;2;0;1;2;-19,51449041;-40,66061866;"SPRF-ES";"DEL02-ES";"UOP01-DEL02-ES"
414720;2021-12-24;"sexta-feira";"00:00:00";"PI";343;456,7;"SAO PEDRO DO PIAUI";"Acessar a via sem observar a presença dos outros veículos";"Colisão traseira";"Com Vítimas Fatais";"Plena Noite";"Decrescente";"Nublado";"Simples";"Reta";"Não";3;1;0;1;0;1;1;2;-5,954489;-42,723389;"SPRF-PI";"DEL01-PI";"UOP02-DEL01-PI"
414770;2021-11-09;"terça-feira";"11:30:00";"PI";343;306;"ALTOS";"Manobra de mudança de faixa";"Colisão transversal";"Com Vítimas Feridas";"Pleno dia";"Crescente";"Céu Claro";"Simples";"Reta";"Não";2;0;0;1;0;1;1;2;-5,038756;-42,450893;"SPRF-PI";"DEL01-PI";"UOP01-DEL01-PI"
414938;2021-07-03;"sábado";"10:40:00";"SC";470;117;"IBIRAMA";"Conversão proibida";"Colisão transversal";"Com Vítimas Feridas";"Pleno dia";"Crescente";"Sol";"Simples";"Reta";"Não";2;0;1;0;1;0;1;2;-27,081692;-49,502277;"SPRF-SC";"DEL04-SC";"UOP02-DEL04-SC"
414939;2021-09-23;"quinta-feira";"17:00:00";"MT";364;551;"ROSARIO OESTE";"Reação tardia ou ineficiente do condutor";"Saída de leito carroçável";"Com Vítimas Feridas";"Pleno dia";"Decrescente";"Céu Claro";"Dupla";"Reta";"Não";1;0;1;0;0;0;1;1;-14,840096;-56,440548;"SPRF-MT";"DEL01-MT";"UOP01-DEL01-MT"
414948;2021-10-30;"sábado";"05:10:00";"GO";20;50;"FORMOSA";"Manobra de mudança de faixa";"Saída de leito carroçável";"Com Vítimas Feridas";"Pleno dia";"Decrescente";"Céu Claro";"Simples";"Curva;Aclive";"Não";32;0;26;1;1;4;27;1;-15,328272;-47,129505;"SPRF-DF";"DEL02-DF";"UOP01-DEL02-DF"
414955;2021-11-22;"segunda-feira";"18:30:00";"PE";101;130,8;"ESCADA";"Reação tardia ou ineficiente do condutor";"Saída de leito carroçável";"Com Vítimas Fatais";"Plena Noite";"Crescente";"Céu Claro";"Dupla";"Reta";"Não";3;1;0;2;0;0;2;1;-8,392345;-35,257055;"SPRF-PE";"DEL01-PE";"UOP01-DEL01-PE"
415053;2021-12-28;"terça-feira";"11:05:00";"PE";101;69;"RECIFE";"Acessar a via sem observar a presença dos outros veículos";"Atropelamento de Pedestre";"Com Vítimas Feridas";"Pleno dia";"Decrescente";"Céu Claro";"Dupla";"Reta";"Sim";2;0;0;1;0;1;1;2;-8,05951606;-34,94581024;"SPRF-PE";"DEL01-PE";"UOP01-DEL01-PE"
415073;2021-12-13;"segunda-feira";"06:55:00";"SP";116;115;"TAUBATE";"Ultrapassagem Indevida";"Colisão transversal";"Sem Vítimas";"Pleno dia";"Crescente";"Sol";"Dupla";"Reta";"Não";3;0;0;0;3;0;0;2;-23,0496047;-45,59973712;"SPRF-SP";"DEL02-SP";"UOP02-DEL02-SP"
415112;2021-11-11;"quinta-feira";"11:25:00";"MG";381;385;"SAO GONCALO DO RIO ABAIXO";"Velocidade Incompatível";"Saída de leito carroçável";"Com Vítimas Feridas";"Pleno dia";"Crescente";"Ignorado";"Simples";"Curva";"Não";2;0;2;0;0;0;2;1;-19,82895247;-43,35565567;"SPRF-MG";"DEL01-MG";"UOP01-DEL01-MG"
415120;2021-11-15;"segunda-feira";"10:30:00";"SE";101;56;"ROSARIO DO CATETE";"Pista Escorregadia";"Saída de leito carroçável";"Com Vítimas Feridas";"Pleno dia";"Crescente";"Chuva";"Simples";"Declive";"Não";2;0;2;0;0;0;2;1;-10,6393067;-37,0106971;"SPRF-SE";"DEL02-SE";"UOP02-DEL02-SE"
415218;2021-12-29;"quarta-feira";"15:45:00";"RN";406;45;"JANDAIRA";"Condutor deixou de manter distância do veículo da frente";"Colisão traseira";"Com Vítimas Fatais";"Pleno dia";"Decrescente";"Chuva";"Simples";"Reta";"Não";4;2;1;0;0;1;1;2;-5,29278721;-36,26905008;"SPRF-RN";"DEL02-RN";"UOP01-DEL02-RN"
415224;2021-12-30;"quinta-feira";"08:40:00";"PB";230;17,5;"JOAO PESSOA";"Pista Escorregadia";"Tombamento";"Com Vítimas Feridas";"Pleno dia";"Decrescente";"Garoa/Chuvisco";"Dupla";"Reta";"Sim";1;0;0;1;0;0;1;1;-7,1121;-34,8426;"SPRF-PB";"DEL01-PB";"UOP01-DEL01-PB"
415255;2021-12-14;"terça-feira";"14:00:00";"RJ";116;169;"SAO JOAO DE MERITI";"Condutor deixou de manter distância do veículo da frente";"Engavetamento";"Com Vítimas Feridas";"Pleno dia";"Decrescente";"Céu Claro";"Múltipla";"Reta";"Sim";4;0;1;0;1;2;1;3;-22,816206;-43,324463;"SPRF-RJ";"DEL01-RJ";"UOP02-DEL01-RJ"
415438;2021-10-24;"domingo";"21:30:00";"ES";101;371;"ICONHA";"Condutor deixou de manter distância do veículo da frente";"Colisão frontal";"Com Vítimas Feridas";"Pleno dia";"Decrescente";"Céu Claro";"Simples";"Curva";"Não";2;0;0;1;1;0;1;2;-20,7703573543;-40,7684701472;"SPRF-ES";"DEL03-ES";"UOP01-DEL03-ES"
415448;2021-11-10;"quarta-feira";"18:10:00";"PA";10;354,5;"SANTA MARIA DO PARA";"Acessar a via sem observar a presença dos outros veículos";"Colisão transversal";"Com Vítimas Feridas";"Plena Noite";"Decrescente";"Nublado";"Simples";"Reta";"Sim";3;0;0;1;2;0;1;2;-1,3475978871;-47,5773569621;"SPRF-PA";"DEL01-PA";"UOP02-DEL01-PA"
415490;2021-11-16;"terça-feira";"08:30:00";"RJ";40;105;"DUQUE DE CAXIAS";"Ultrapassagem Indevida";"Colisão frontal";"Com Vítimas Feridas";"Pleno dia";"Crescente";"Céu Claro";"Simples";"Declive";"Sim";2;0;1;0;1;0;1;2;-22,6378480637;-43,2842882442;"SPRF-RJ";"DEL01-RJ";"UOP01-DEL01-RJ"
415491;2021-12-25;"sábado";"19:40:00";"PR";369;146;"LONDRINA";"Ingestão de álcool ou de substâncias psicoativas pelo pedestre";"Atropelamento de Pedestre";"Com Vítimas Fatais";"Plena Noite";"Decrescente";"Céu Claro";"Dupla";"Declive";"Sim";3;1;0;1;0;1;1;2;-23,29319908;-51,1239177;"SPRF-PR";"DEL07-PR";"UOP01-DEL07-PR"
415532;2021-09-05;"domingo";"04:35:00";"RO";319;63;"PORTO VELHO";"Condutor desrespeitou a iluminação vermelha do semáforo";"Colisão transversal";"Sem Vítimas";"Plena Noite";"Decrescente";"Céu Claro";"Dupla";"Interseção de Vias";"Sim";2;0;0;0;2;0;0;2;-8,766685;-63,884052;"SPRF-RO";"DEL01-RO";"UOP01-DEL01-RO"
415604;2021-12-24;"sexta-feira";"19:30:00";"MG";381;439;"SABARA";"Transitar na contramão";"Colisão lateral sentido oposto";"Com Vítimas Feridas";"Plena Noite";"Decrescente";"Céu Claro";"Simples";"Curva";"Não";2;0;2;0;0;0;2;2;-19,8092769111;-43,7870600135;"SPRF-MG";"DEL01-MG";"UOP01-DEL01-MG"
415608;2021-10-01;"sexta-feira";"17:30:00";"MG";267;171;"LIMA DUARTE";"Reação tardia ou ineficiente do condutor";"Saída de leito carroçável";"Com Vítimas Feridas";"Anoitecer";"Decrescente";"Chuva";"Simples";"Reta";"Não";2;0;1;1;0;0;2;1;-21,86295111;-43,87591763;"SPRF-MG";"DEL05-MG";"UOP01-DEL05-MG"
415617;2021-10-13;"quarta-feira";"15:55:00";"MG";267;131;"JUIZ DE FORA";"Mal súbito do condutor";"Saída de leito carroçável";"Com Vítimas Feridas";"Pleno dia";"Decrescente";"Céu Claro";"Simples";"Reta";"Sim";1;0;1;0;0;0;1;1;-21,7547758207;-43,5912901517;"SPRF-MG";"DEL05-MG";"UOP01-DEL05-MG"
415626;2021-01-26;"terça-feira";"06:20:00";"RJ";116;165;"RIO DE JANEIRO";"Trafegar com motocicleta (ou similar) entre as faixas";"Colisão lateral mesmo sentido";"Com Vítimas Feridas";"Pleno dia";"Decrescente";"Céu Claro";"Dupla";"Reta";"Sim";4;0;1;0;3;0;1;3;-22,81548519;-43,29087405;"SPRF-RJ";"DEL06-RJ";"UOP01-DEL06-RJ"
415660;2021-11-02;"terça-feira";"15:10:00";"PA";155;292;"MARABA";"Condutor deixou de manter distância do veículo da frente";"Colisão traseira";"Com Vítimas Feridas";"Pleno dia";"Crescente";"Céu Claro";"Simples";"Reta";"Não";3;0;1;1;1;0;2;2;-5,7942322681;-49,1803574561;"SPRF-PA";"DEL03-PA";"UOP01-DEL03-PA"
415661;2021-04-01;"quinta-feira";"10:30:00";"RJ";101;487;"ANGRA DOS REIS";"Conversão proibida";"Colisão transversal";"Com Vítimas Feridas";"Pleno dia";"Crescente";"Céu Claro";"Simples";"Reta";"Sim";2;0;1;0;1;0;1;2;-22,96828891;-44,29864663;"SPRF-RJ";"DEL03-RJ";"UOP03-DEL03-RJ"
415664;2021-11-27;"sábado";"00:00:00";"PR";277;75;"SAO JOSE DOS PINHAIS";"Velocidade Incompatível";"Saída de leito carroçável";"Com Vítimas Feridas";"Plena Noite";"Crescente";"Céu Claro";"Dupla";"Reta";"Sim";1;0;1;0;0;0;1;1;-25,51327981;-49,12433291;"SPRF-PR";"DEL01-PR";"UOP01-DEL01-PR"
416006;2021-12-13;"segunda-feira";"09:00:00";"RN";101;106;"PARNAMIRIM";"Manobra de mudança de faixa";"Colisão transversal";"Com Vítimas Feridas";"Pleno dia";"Decrescente";"Céu Claro";"Dupla";"Reta";"Sim";2;0;0;1;1;0;1;2;-5,91056401;-35,26130795;"SPRF-RN";"DEL01-RN";"UOP01-DEL01-RN"
416243;2021-12-04;"sábado";"08:10:00";"MG";365;517;"MONTE CARMELO";"Ausência de reação do condutor";"Capotamento";"Com Vítimas Feridas";"Amanhecer";"Crescente";"Céu Claro";"Simples";"Reta";"Não";1;0;1;0;0;0;1;1;-18,91496818;-47,377739;"SPRF-MG";"DEL10-MG";"UOP01-DEL10-MG"
416272;2021-10-08;"sexta-feira";"08:30:00";"BA";367;80,8;"EUNAPOLIS";"Afundamento ou ondulação no pavimento";"Eventos atípicos";"Sem Vítimas";"Pleno dia";"Crescente";"Céu Claro";"Simples";"Declive";"Não";2;0;0;0;2;0;0;1;-16,37079184;-39,55185413;"SPRF-BA";"DEL09-BA";"UOP01-DEL09-BA"
416327;2021-08-29;"domingo";"09:50:00";"ES";262;28,9;"VIANA";"Demais falhas mecânicas ou elétricas";"Incêndio";"Sem Vítimas";"Pleno dia";"Crescente";"Céu Claro";"Simples";"Curva";"Não";1;0;0;0;1;0;0;1;-20,3842690385;-40,5586343506;"SPRF-ES";"DEL01-ES";"UOP01-DEL01-ES"
416405;2021-10-08;"sexta-feira";"19:25:00";"SE";235;50;"ITABAIANA";"Acessar a via sem observar a presença dos outros veículos";"Colisão transversal";"Com Vítimas Feridas";"Plena Noite";"Crescente";"Ignorado";"Simples";"Reta";"Não";2;0;0;2;0;0;2;2;-10,707879;-37,42606;"SPRF-SE";"DEL01-SE";"UOP02-DEL01-SE"
416423;2021-07-20;"terça-feira";"06:40:00";"SP";116;285;"ITAPECERICA DA SERRA";"Pedestre cruzava a pista fora da faixa";"Atropelamento de Pedestre";"Com Vítimas Feridas";"Pleno dia";"Crescente";"Céu Claro";"Dupla";"Reta";"Sim";2;0;0;1;1;0;1;2;-23,7040779431;-46,872497087;"SPRF-SP";"DEL04-SP";"UOP01-DEL04-SP"
416445;2021-08-21;"sábado";"19:00:00";"BA";324;275;"JACOBINA";"Transitar na contramão";"Colisão frontal";"Com Vítimas Feridas";"Plena Noite";"Crescente";"Ignorado";"Simples";"Reta";"Não";5;0;3;0;2;0;3;2;-11,139059;-40,593475;"SPRF-BA";"DEL04-BA";"UOP02-DEL04-BA"
416492;2021-09-03;"sexta-feira";"18:30:00";"SC";101;415,1;"ARARANGUA";"Reação tardia ou ineficiente do condutor";"Colisão traseira";"Com Vítimas Feridas";"Plena Noite";"Decrescente";"Céu Claro";"Múltipla";"Interseção de Vias";"Sim";2;0;0;1;1;0;1;2;-28,96399372;-49,52087402;"SPRF-SC";"DEL02-SC";"UOP02-DEL02-SC"
416547;2021-12-14;"terça-feira";"07:29:00";"MT";364;404;"CUIABA";"Acessar a via sem observar a presença dos outros veículos";"Colisão transversal";"Com Vítimas Feridas";"Pleno dia";"Decrescente";"Nublado";"Dupla";"Reta";"Não";2;0;1;0;1;0;1;2;-15,66158612;-55,97144205;"SPRF-MT";"DEL01-MT";"UOP02-DEL01-MT"
416606;2021-12-11;"sábado";"23:00:00";"RO";364;706;"PORTO VELHO";"Ingestão de álcool pelo condutor";"Tombamento";"Com Vítimas Feridas";"Plena Noite";"Crescente";"Céu Claro";"Dupla";"Reta";"Não";1;0;1;0;0;0;1;1;-8,80030539;-63,823428;"SPRF-RO";"DEL01-RO";"UOP01-DEL01-RO"
416627;2021-08-23;"segunda-feira";"08:10:00";"SC";101;134;"BALNEARIO CAMBORIU";"Reação tardia ou ineficiente do condutor";"Colisão traseira";"Com Vítimas Feridas";"Pleno dia";"Decrescente";"Céu Claro";"Múltipla";"Reta";"Sim";2;0;1;0;1;0;1;2;-27,00237544;-48,63541245;"SPRF-SC";"DEL04-SC";"UOP03-DEL04-SC"
416652;2021-06-29;"terça-feira";"07:45:00";"ES";101;266,5;"SERRA";"Ausência de reação do condutor";"Queda de ocupante de veículo";"Com Vítimas Feridas";"Pleno dia";"Decrescente";"Sol";"Múltipla";"Reta";"Não";1;0;0;1;0;0;1;1;-20,190199;-40,26828891;"SPRF-ES";"DEL02-ES";"UOP01-DEL02-ES"
416680;2021-12-13;"segunda-feira";"03:30:00";"CE";222;23;"CAUCAIA";"Velocidade Incompatível";"Colisão com objeto";"Com Vítimas Fatais";"Amanhecer";"Crescente";"Céu Claro";"Simples";"Reta";"Não";1;1;0;0;0;0;0;1;-3,73178984;-38,75974197;"SPRF-CE";"DEL01-CE";"UOP01-DEL01-CE"
416689;2021-12-09;"quinta-feira";"17:30:00";"SC";101;123,2;"ITAJAI";"Desrespeitar a preferência no cruzamento";"Colisão transversal";"Com Vítimas Feridas";"Anoitecer";"Decrescente";"Ignorado";"Múltipla";"Interseção de Vias";"Não";2;0;1;0;1;0;1;2;-26,93719536;-48,69864564;"SPRF-SC";"DEL04-SC";"UOP04-DEL04-SC"
416799;2021-11-28;"domingo";"19:40:00";"SC";101;86,5;"BARRA VELHA";"Condutor deixou de manter distância do veículo da frente";"Colisão traseira";"Com Vítimas Feridas";"Anoitecer";"Crescente";"Céu Claro";"Simples";"Rotatória";"Não";5;0;3;0;2;0;3;3;-26,63277317;-48,70232513;"SPRF-SC";"DEL03-SC";"UOP02-DEL03-SC"
416801;2021-11-12;"sexta-feira";"14:45:00";"SP";116;271;"TABOAO DA SERRA";"Manobra de mudança de faixa";"Colisão traseira";"Com Vítimas Feridas";"Pleno dia";"Decrescente";"Nublado";"Múltipla";"Reta";"Não";3;0;1;0;2;0;1;3;-23,61809286;-46,80556302;"SPRF-SP";"DEL04-SP";"UOP01-DEL04-SP"
417075;2021-07-03;"sábado";"18:00:00";"BA";324;576;"CANDEIAS";"Transitar na contramão";"Colisão frontal";"Com Vítimas Fatais";"Plena Noite";"Crescente";"Chuva";"Dupla";"Reta";"Sim";2;1;0;0;1;0;0;2;-12,57834312;-38,53790009;"SPRF-BA";"DEL01-BA";"UOP01-DEL01-BA"
417081;2021-12-20;"segunda-feira";"03:30:00";"SC";101;144;"ITAPEMA";"Objeto estático sobre o leito carroçável";"Colisão com objeto";"Com Vítimas Feridas";"Plena Noite";"Decrescente";"Ignorado";"Dupla";"Reta";"Sim";1;0;0;1;0;0;1;1;-27,0732659;-48,59672716;"SPRF-SC";"DEL04-SC";"UOP03-DEL04-SC"
417087;2021-11-09;"terça-feira";"01:30:00";"MG";116;496,4;"INHAPIM";"Transitar na contramão";"Colisão frontal";"Com Vítimas Feridas";"Plena Noite";"Crescente";"Nublado";"Simples";"Reta";"Não";4;0;1;1;2;0;2;2;-19,52772702;-42,12719586;"SPRF-MG";"DEL06-MG";"UOP02-DEL06-MG"
417205;2021-12-31;"sexta-feira";"12:50:00";"ES";482;55,9;"JERONIMO MONTEIRO";"Reação tardia ou ineficiente do condutor";"Tombamento";"Com Vítimas Feridas";"Pleno dia";"Decrescente";"Céu Claro";"Simples";"Curva";"Não";1;0;0;1;0;0;1;1;-20,7819487;-41,32378625;"SPRF-ES";"DEL03-ES";"UOP02-DEL03-ES"
417223;2021-09-10;"sexta-feira";"16:30:00";"PE";408;104,9;"JABOATAO DOS GUARARAPES";"Manobra de mudança de faixa";"Colisão transversal";"Com Vítimas Feridas";"Anoitecer";"Decrescente";"Céu Claro";"Dupla";"Reta";"Sim";2;0;0;2;0;0;2;2;-8,07665077;-34,99224901;"SPRF-PE";"DEL01-PE";"UOP01-DEL01-PE"
417422;2021-11-22;"segunda-feira";"07:00:00";"MG";267;135;"JUIZ DE FORA";"Reação tardia ou ineficiente do condutor";"Colisão traseira";"Com Vítimas Feridas";"Pleno dia";"Decrescente";"Nublado";"Simples";"Reta";"Não";2;0;1;0;1;0;1;2;-21,77407032;-43,63704389;"SPRF-MG";"DEL05-MG";"UOP01-DEL05-MG"
417590;2021-08-28;"sábado";"18:00:00";"MT";70;675;"CACERES";"Ultrapassagem Indevida";"Colisão frontal";"Com Vítimas Fatais";"Anoitecer";"Decrescente";"Céu Claro";"Simples";"Curva";"Não";5;1;0;3;1;0;3;2;-16,08629405;-57,28491392;"SPRF-MT";"DEL03-MT";"UOP02-DEL03-MT"
417669;2021-09-16;"quinta-feira";"09:15:00";"MT";158;544;"AGUA BOA";"Ausência de reação do condutor";"Tombamento";"Com Vítimas Feridas";"Pleno dia";"Decrescente";"Céu Claro";"Simples";"Reta";"Não";1;0;1;0;0;0;1;1;-13,86999497;-52,06354782;"SPRF-MT";"DEL07-MT";"UOP02-DEL07-MT"
417820;2021-11-21;"domingo";"16:50:00";"MG";40;511;"RIBEIRAO DAS NEVES";"Velocidade Incompatível";"Colisão lateral mesmo sentido";"Com Vítimas Feridas";"Pleno dia";"Crescente";"Céu Claro";"Dupla";"Aclive;Reta";"Não";3;0;1;2;0;0;3;2;-19,78164295;-44,11733194;"SPRF-MG";"DEL01-MG";"UOP02-DEL01-MG"
417835;2021-09-17;"sexta-feira";"17:00:00";"MG";116;538,4;"SANTA RITA DE MINAS";"Acesso irregular";"Colisão traseira";"Com Vítimas Feridas";"Pleno dia";"Crescente";"Céu Claro";"Simples";"Reta";"Não";5;0;1;0;0;4;1;3;-19,87457783;-42,13216953;"SPRF-MG";"DEL06-MG";"UOP02-DEL06-MG"
417958;2021-12-23;"quinta-feira";"21:10:00";"ES";101;256,3;"SERRA";"Transitar na contramão";"Colisão frontal";"Com Vítimas Feridas";"Plena Noite";"Decrescente";"Nublado";"Múltipla";"Interseção de Vias";"Sim";2;0;0;1;1;0;1;2;-20,119123;-40,311005;"SPRF-ES";"DEL02-ES";"UOP01-DEL02-ES"
418100;2021-11-30;"terça-feira";"16:10:00";"BA";324;578;"CANDEIAS";"Ingestão de álcool pelo condutor";"Saída de leito carroçável";"Com Vítimas Feridas";"Pleno dia";"Crescente";"Céu Claro";"Dupla";"Reta;Declive";"Não";3;0;3;0;0;0;3;1;-12,58896655;-38,52358272;"SPRF-BA";"DEL01-BA";"UOP01-DEL01-BA"
418207;2021-10-28;"quinta-feira";"21:20:00";"MG";40;631,3;"CONSELHEIRO LAFAIETE";"Deficiência do Sistema de Iluminação/Sinalização";"Colisão traseira";"Com Vítimas Feridas";"Plena Noite";"Decrescente";"Céu Claro";"Simples";"Reta;Declive";"Sim";3;0;0;1;1;1;1;3;-20,67219425;-43,79810398;"SPRF-MG";"DEL05-MG";"UOP02-DEL05-MG"
418444;2021-09-04;"sábado";"20:30:00";"RN";406;103;"JOAO CAMARA";"Transitar na contramão";"Colisão frontal";"Com Vítimas Feridas";"Plena Noite";"Crescente";"Céu Claro";"Simples";"Reta";"Sim";4;0;1;0;1;2;1;3;-5,536725;-35,814079;"SPRF-RN";"DEL02-RN";"UOP01-DEL02-RN"
418506;2021-08-28;"sábado";"11:45:00";"RN";101;83;"SAO GONCALO DO AMARANTE";"Reação tardia ou ineficiente do condutor";"Atropelamento de Pedestre";"Com Vítimas Feridas";"Pleno dia";"Crescente";"Céu Claro";"Dupla";"Reta";"Sim";4;0;1;0;0;3;1;2;-5,77122096;-35,26643699;"SPRF-RN";"DEL02-RN";"UOP01-DEL02-RN"
418533;2021-02-13;"sábado";"22:30:00";"RN";304;283;"MACAIBA";"Desrespeitar a preferência no cruzamento";"Colisão transversal";"Com Vítimas Feridas";"Plena Noite";"Decrescente";"Céu Claro";"Simples";"Reta";"Não";2;0;0;1;1;0;1;2;-5,88178314;-35,46369696;"SPRF-RN";"DEL01-RN";"UOP02-DEL01-RN"
418549;2021-12-22;"quarta-feira";"21:30:00";"MS";158;182;"APARECIDA DO TABOADO";"Ultrapassagem Indevida";"Capotamento";"Com Vítimas Feridas";"Plena Noite";"Decrescente";"Ignorado";"Simples";"Reta";"Não";5;0;4;0;1;0;4;1;-20,25887855;-51,38350715;"SPRF-MS";"DEL08-MS";"UOP01-DEL08-MS"
418569;2021-11-16;"terça-feira";"21:35:00";"MG";40;624;"CONSELHEIRO LAFAIETE";"Avarias e/ou desgaste excessivo no pneu";"Tombamento";"Com Vítimas Feridas";"Plena Noite";"Crescente";"Nublado";"Simples";"Curva";"Não";1;0;1;0;0;0;1;1;-20,61105611;-43,80635422;"SPRF-MG";"DEL05-MG";"UOP02-DEL05-MG"
418618;2021-12-26;"domingo";"20:50:00";"RJ";101;433;"MANGARATIBA";"Condutor deixou de manter distância do veículo da frente";"Colisão traseira";"Sem Vítimas";"Plena Noite";"Decrescente";"Céu Claro";"Simples";"Curva";"Não";2;0;0;0;2;0;0;2;-22,94543147;-44,01569366;"SPRF-RJ";"DEL03-RJ";"UOP03-DEL03-RJ"
418764;2021-12-24;"sexta-feira";"06:30:00";"SC";282;364,1;"ERVAL VELHO";"Reação tardia ou ineficiente do condutor";"Colisão traseira";"Com Vítimas Feridas";"Pleno dia";"Decrescente";"Céu Claro";"Simples";"Reta";"Não";3;0;1;0;2;0;1;2;-27,297649;-51,398533;"SPRF-SC";"DEL07-SC";"UOP05-DEL07-SC"
418828;2021-11-12;"sexta-feira";"16:00:00";"RJ";101;505;"ANGRA DOS REIS";"Acesso irregular";"Colisão lateral mesmo sentido";"Com Vítimas Feridas";"Anoitecer";"Decrescente";"Chuva";"Simples";"Ponte";"Sim";2;0;0;1;0;1;1;2;-22,93561595;-44,39617909;"SPRF-RJ";"DEL03-RJ";"UOP02-DEL03-RJ"