"id";"data_inversa";"dia_semana";"horario";"uf";"br";"km";"municipio";"causa_acidente";"tipo_acidente";"classificacao_acidente";"fase_dia";"sentido_via";"condicao_metereologica";"tipo_pista";"tracado_via";"uso_solo";"pessoas";"mortos";"feridos_leves";"feridos_graves";"ilesos";"ignorados";"feridos";"veiculos";"latitude";"longitude";"regional";"delegacia";"uop"
418830;2021-07-13;"terça-feira";"22:00:00";"PE";232;451;"SAO JOSE DO BELMONTE";"Condutor deixou de manter distância do veículo da frente";"Saída de leito carroçável";"Com Vítimas Feridas";"Plena Noite";"Crescente";"Ignorado";"Simples";"Reta";"Não";1;0;1;0;0;0;1;1;-7,98551745;-38,64141986;"SPRF-PE";"DEL04-PE";"UOP01-DEL04-PE"
418890;2021-12-28;"terça-feira";"03:00:00";"RJ";101;55;"CAMPOS DOS GOYTACAZES";"Transitar na contramão";"Colisão frontal";"Com Vítimas Feridas";"Plena Noite";"Decrescente";"Ignorado";"Simples";"Declive";"Sim";5;0;0;2;3;0;2;2;-21,670538;-41,311148;"SPRF-RJ";"DEL08-RJ";"UOP01-DEL08-RJ"
418975;2021-10-01;"sexta-feira";"07:20:00";"MG";40;517;"RIBEIRAO DAS NEVES";"Acessar a via sem observar a presença dos outros veículos";"Colisão lateral mesmo sentido";"Com Vítimas Feridas";"Pleno dia";"Decrescente";"Sol";"Dupla";"Retorno Regulamentado;Reta";"Sim";2;0;1;0;1;0;1;2;-19,82351202;-44,08438913;"SPRF-MG";"DEL01-MG";"UOP02-DEL01-MG"
419189;2021-12-22;"quarta-feira";"15:30:00";"ES";101;271,3;"SERRA";"Condutor deixou de manter distância do veículo da frente";"Engavetamento";"Com Vítimas Feridas";"Pleno dia";"Crescente";"Céu Claro";"Dupla";"Reta";"Sim";4;0;1;0;3;0;1;3;-20,23267;-40,27658;"SPRF-ES";"DEL02-ES";"UOP01-DEL02-ES"
419195;2021-08-13;"sexta-feira";"09:30:00";"MA";316;546,6;"CAXIAS";"Acessar a via sem observar a presença dos outros veículos";"Colisão transversal";"Com Vítimas Feridas";"Pleno dia";"Decrescente";"Céu Claro";"Simples";"Reta";"Não";2;0;1;0;1;0;1;2;-4,87492433;-43,39647185;"SPRF-MA";"DEL03-MA";"UOP02-DEL03-MA"
419325;2021-11-23;"terça-feira";"14:30:00";"PR";376;223,7;"CAMBIRA";"Reação tardia ou ineficiente do condutor";"Queda de ocupante de veículo";"Com Vítimas Feridas";"Pleno dia";"Decrescente";"Sol";"Dupla";"Declive;Reta";"Não";2;0;0;2;0;0;2;1;-23,59607221;-51,58067107;"SPRF-PR";"DEL07-PR";"UOP02-DEL07-PR"
419896;2021-12-20;"segunda-feira";"08:23:00";"PE";428;182,5;"PETROLINA";"Ausência de reação do condutor";"Tombamento";"Com Vítimas Feridas";"Pleno dia";"Crescente";"Ignorado";"Simples";"Reta";"Não";3;0;1;1;0;1;2;2;-9,33029404;-40,46532333;"SPRF-PE";"DEL06-PE";"UOP01-DEL06-PE"
420112;2021-12-28;"terça-feira";"18:20:00";"RJ";101;472;"ANGRA DOS REIS";"Reação tardia ou ineficiente do condutor";"Saída de leito carroçável";"Com Vítimas Feridas";"Anoitecer";"Decrescente";"Chuva";"Simples";"Curva";"Sim";3;0;3;0;0;0;3;1;-22,988676;-44,23305893;"SPRF-RJ";"DEL03-RJ";"UOP03-DEL03-RJ"
420237;2021-10-22;"sexta-feira";"19:50:00";"MG";50;44;"ARAGUARI";"Ausência de reação do condutor";"Colisão traseira";"Com Vítimas Feridas";"Plena Noite";"Crescente";"Céu Claro";"Dupla";"Declive";"Não";4;0;2;0;1;1;2;3;-18,70397642;-48,18985462;"SPRF-MG";"DEL15-MG";"UOP02-DEL15-MG"
420278;2021-11-24;"quarta-feira";"12:15:00";"MG";381;427;"CAETE";"Pista esburacada";"Tombamento";"Com Vítimas Feridas";"Pleno dia";"Crescente";"Sol";"Dupla";"Curva;Aclive";"Não";1;0;0;1;0;0;1;1;-19,79180914;-43,68059993;"SPRF-MG";"DEL01-MG";"UOP01-DEL01-MG"
420325;2021-10-16;"sábado";"23:30:00";"RJ";101;216;"SILVA JARDIM";"Trafegar com motocicleta (ou similar) entre as faixas";"Queda de ocupante de veículo";"Com Vítimas Feridas";"Plena Noite";"Crescente";"Garoa/Chuvisco";"Simples";"Reta";"Não";5;0;2;0;2;1;2;3;-22,50804478;-42,28281706;"SPRF-RJ";"DEL02-RJ";"UOP03-DEL02-RJ"
420348;2021-12-27;"segunda-feira";"20:45:00";"BA";407;173;"PONTO NOVO";"Animais na Pista";"Queda de ocupante de veículo";"Com Vítimas Feridas";"Plena Noite";"Crescente";"Ignorado";"Simples";"Reta";"Sim";1;0;0;1;0;0;1;1;-10,86331389;-40,11155784;"SPRF-BA";"DEL04-BA";"UOP02-DEL04-BA"
420406;2021-09-21;"terça-feira";"08:00:00";"SP";116;221,3;"GUARULHOS";"Manobra de mudança de faixa";"Colisão traseira";"Com Vítimas Feridas";"Pleno dia";"Crescente";"Céu Claro";"Dupla";"Reta";"Não";2;0;1;0;0;1;1;2;-23,46802395;-46,50704901;"SPRF-SP";"DEL01-SP";"UOP01-DEL01-SP"
420548;2021-03-01;"segunda-feira";"14:00:00";"MG";40;149,2;"JOAO PINHEIRO";"Pista Escorregadia";"Saída de leito carroçável";"Com Vítimas Feridas";"Pleno dia";"Crescente";"Céu Claro";"Simples";"Curva";"Não";3;0;1;0;2;0;1;1;-17,78039598;-46,13709081;"SPRF-MG";"DEL14-MG";"UOP02-DEL14-MG"
420579;2021-09-09;"quinta-feira";"19:00:00";"MG";116;573,9;"MANHUACU";"Acessar a via sem observar a presença dos outros veículos";"Colisão transversal";"Com Vítimas Feridas";"Plena Noite";"Decrescente";"Céu Claro";"Simples";"Reta";"Não";2;0;0;1;1;0;1;2;-20,13004403;-42,17794986;"SPRF-MG";"DEL06-MG";"UOP03-DEL06-MG"
420586;2021-11-14;"domingo";"05:30:00";"TO";226;28;"PALMEIRAS DO TOCANTINS";"Manobra de mudança de faixa";"Colisão lateral sentido oposto";"Com Vítimas Feridas";"Amanhecer";"Crescente";"Nublado";"Simples";"Reta";"Não";1;0;0;1;0;0;1;1;-6,646615;-47,684166;"SPRF-TO";"DEL02-TO";"UOP03-DEL02-TO"
420739;2021-12-13;"segunda-feira";"12:50:00";"BA";135;166;"BARREIRAS";"Ausência de reação do condutor";"Colisão frontal";"Com Vítimas Feridas";"Pleno dia";"Crescente";"Céu Claro";"Simples";"Reta";"Não";4;0;2;2;0;0;4;2;-12,0705671;-44,9675751;"SPRF-BA";"DEL10-BA";"UOP01-DEL10-BA"
420740;2021-08-29;"domingo";"16:40:00";"MG";381;427,3;"CAETE";"Reação tardia ou ineficiente do condutor";"Saída de leito carroçável";"Com Vítimas Feridas";"Pleno dia";"Crescente";"Céu Claro";"Dupla";"Curva";"Não";2;0;1;0;1;0;1;1;-19,78854826;-43,69815304;"SPRF-MG";"DEL01-MG";"UOP01-DEL01-MG"
420751;2021-11-18;"quinta-feira";"21:10:00";"MG";40;519,8;"RIBEIRAO DAS NEVES";"Chuva";"Queda de ocupante de veículo";"Com Vítimas Feridas";"Plena Noite";"Decrescente";"Chuva";"Dupla";"Reta";"Não";4;0;0;1;3;0;1;4;-19,83957589;-44,07684485;"SPRF-MG";"DEL01-MG";"UOP02-DEL01-MG"
420774;2021-11-04;"quinta-feira";"12:30:00";"PA";230;470,7;"PACAJA";"Acessar a via sem observar a presença dos outros veículos";"Colisão frontal";"Com Vítimas Fatais";"Pleno dia";"Decrescente";"Céu Claro";"Simples";"Aclive";"Não";3;2;0;0;1;0;0;2;-3,6084413;-51,03003224;"SPRF-PA";"DEL04-PA";"UOP01-DEL04-PA"
420981;2021-11-11;"quinta-feira";"16:53:00";"MG";50;71;"UBERLANDIA";"Reação tardia ou ineficiente do condutor";"Colisão lateral mesmo sentido";"Com Vítimas Feridas";"Pleno dia";"Decrescente";"Nublado";"Dupla";"Reta";"Sim";2;0;0;1;1;0;1;2;-18,89422785;-48,2499361;"SPRF-MG";"DEL15-MG";"UOP01-DEL15-MG"
420998;2021-12-30;"quinta-feira";"09:00:00";"MG";116;668,9;"SAO FRANCISCO DO GLORIA";"Ultrapassagem Indevida";"Colisão lateral mesmo sentido";"Com Vítimas Feridas";"Pleno dia";"Decrescente";"Nublado";"Simples";"Curva;Aclive";"Não";3;0;0;1;1;1;1;3;-20,84423375;-42,32638478;"SPRF-MG";"DEL07-MG";"UOP03-DEL07-MG"
421078;2021-12-12;"domingo";"03:30:00";"MG";262;446;"NOVA SERRANA";"Ausência de sinalização";"Colisão traseira";"Com Vítimas Feridas";"Plena Noite";"Decrescente";"Céu Claro";"Dupla";"Reta";"Sim";3;0;0;2;1;0;2;2;-19,87514825;-44,95031205;"SPRF-MG";"DEL08-MG";"UOP03-DEL08-MG"
421097;2021-10-01;"sexta-feira";"19:00:00";"TO";226;41;"DARCINOPOLIS";"Pedestre andava na pista";"Atropelamento de Pedestre";"Com Vítimas Feridas";"Plena Noite";"Crescente";"Céu Claro";"Simples";"Reta";"Não";2;0;0;1;0;1;1;2;-6,721014;-47,762722;"SPRF-TO";"DEL02-TO";"UOP03-DEL02-TO"
421109;2021-05-01;"sábado";"09:50:00";"RJ";101;494;"ANGRA DOS REIS";"Transitar na contramão";"Colisão transversal";"Com Vítimas Feridas";"Pleno dia";"Crescente";"Céu Claro";"Simples";"Reta";"Sim";2;0;1;0;1;0;1;2;-22,93752781;-44,3185162;"SPRF-RJ";"DEL03-RJ";"UOP03-DEL03-RJ"
421254;2021-11-23;"terça-feira";"07:00:00";"PR";277;75;"SAO JOSE DOS PINHAIS";"Trafegar com motocicleta (ou similar) entre as faixas";"Tombamento";"Com Vítimas Feridas";"Pleno dia";"Decrescente";"Sol";"Dupla";"Reta";"Sim";2;0;2;0;0;0;2;1;-25,48967834;-49,17722095;"SPRF-PR";"DEL01-PR";"UOP01-DEL01-PR"
421266;2021-12-30;"quinta-feira";"22:20:00";"MG";267;148,1;"LIMA DUARTE";"Ultrapassagem Indevida";"Colisão traseira";"Com Vítimas Feridas";"Plena Noite";"Decrescente";"Chuva";"Simples";"Curva";"Não";6;0;4;1;1;0;5;2;-21,79733;-43,67969;"SPRF-MG";"DEL05-MG";"UOP01-DEL05-MG"
421311;2021-02-14;"domingo";"15:20:00";"AP";156;185;"MAZAGAO";"Pista Escorregadia";"Saída de leito carroçável";"Com Vítimas Feridas";"Pleno dia";"Decrescente";"Chuva";"Simples";"Curva";"Não";2;0;0;1;1;0;1;1;0,25605355;-51,72843933;"SPRF-AP";"DEL01-AP";"UOP01-DEL01-AP"
421479;2021-10-09;"sábado";"11:25:00";"MG";381;361;"JOAO MONLEVADE";"Acessar a via sem observar a presença dos outros veículos";"Colisão transversal";"Com Vítimas Feridas";"Pleno dia";"Decrescente";"Céu Claro";"Simples";"Curva";"Sim";2;0;1;0;1;0;1;2;-19,85881293;-43,234108;"SPRF-MG";"DEL03-MG";"UOP01-DEL03-MG"
421904;2021-11-26;"sexta-feira";"06:00:00";"PR";476;122;"CURITIBA";"Ausência de reação do condutor";"Tombamento";"Com Vítimas Feridas";"Pleno dia";"Crescente";"Ignorado";"Múltipla";"Reta";"Sim";1;0;1;0;0;0;1;1;-25,45303382;-49,227217;"SPRF-PR";"DEL01-PR";"UOP02-DEL01-PR"
421927;2021-10-09;"sábado";"05:00:00";"SC";470;44;"GASPAR";"Ausência de reação do condutor";"Colisão com objeto";"Com Vítimas Feridas";"Plena Noite";"Decrescente";"Chuva";"Simples";"Reta;Desvio Temporário;Em Obras";"Não";1;0;0;1;0;0;1;1;-26,87183593;-49,01604122;"SPRF-SC";"DEL04-SC";"UOP01-DEL04-SC"
422055;2021-08-30;"segunda-feira";"15:00:00";"MG";381;248,9;"SANTANA DO PARAISO";"Conversão proibida";"Colisão transversal";"Com Vítimas Feridas";"Pleno dia";"Crescente";"Sol";"Simples";"Interseção de Vias;Reta;Aclive";"Não";3;0;1;1;1;0;2;2;-19,47088645;-42,53935557;"SPRF-MG";"DEL06-MG";"UOP01-DEL06-MG"
422059;2021-12-12;"domingo";"15:25:00";"RS";116;199,8;"PICADA CAFE";"Reação tardia ou ineficiente do condutor";"Queda de ocupante de veículo";"Com Vítimas Feridas";"Pleno dia";"Crescente";"Sol";"Simples";"Curva";"Não";3;0;1;1;0;1;2;2;-29,48291667;-51,13579595;"SPRF-RS";"DEL05-RS";"UOP02-DEL05-RS"
422071;2021-11-03;"quarta-feira";"13:30:00";"BA";101;162,5;"CONCEICAO DO JACUIPE";"Acessar a via sem observar a presença dos outros veículos";"Colisão transversal";"Com Vítimas Feridas";"Pleno dia";"Crescente";"Céu Claro";"Dupla";"Reta";"Não";2;0;1;1;0;0;2;2;-12,3549263;-38,78990293;"SPRF-BA";"DEL01-BA";"UOP03-DEL01-BA"
422130;2021-12-19;"domingo";"20:30:00";"BA";110;37,5;"SANTA BRIGIDA";"Acessar a via sem observar a presença dos outros veículos";"Colisão transversal";"Com Vítimas Feridas";"Plena Noite";"Crescente";"Nublado";"Simples";"Reta";"Sim";2;0;1;0;1;0;1;2;-9,77966192;-38,25011339;"SPRF-BA";"DEL07-BA";"UOP01-DEL07-BA"
422151;2021-12-29;"quarta-feira";"10:40:00";"MG";365;17,6;"MONTES CLAROS";"Pista Escorregadia";"Colisão frontal";"Com Vítimas Fatais";"Pleno dia";"Crescente";"Chuva";"Simples";"Reta";"Não";9;4;1;1;3;0;2;3;-16,87724015;-43,993381;"SPRF-MG";"DEL12-MG";"UOP01-DEL12-MG"
422224;2021-12-05;"domingo";"20:00:00";"PR";116;150;"MANDIRITUBA";"Ausência de reação do condutor";"Atropelamento de Pedestre";"Com Vítimas Feridas";"Plena Noite";"Decrescente";"Chuva";"Simples";"Reta";"Não";2;0;0;1;0;1;1;2;-25,81557015;-49,33088979;"SPRF-PR";"DEL01-PR";"UOP03-DEL01-PR"
422243;2021-12-30;"quinta-feira";"16:20:00";"MG";381;455;"BELO HORIZONTE";"Transitar na contramão";"Colisão frontal";"Com Vítimas Feridas";"Pleno dia";"Crescente";"Chuva";"Simples";"Reta";"Sim";3;0;1;1;1;0;2;2;-19,85777408;-43,90468298;"SPRF-MG";"DEL01-MG";"UOP01-DEL01-MG"
422247;2021-11-07;"domingo";"18:25:00";"CE";116;15,5;"FORTALEZA";"Acessar a via sem observar a presença dos outros veículos";"Atropelamento de Pedestre";"Com Vítimas Feridas";"Plena Noite";"Crescente";"Céu Claro";"Dupla";"Reta";"Sim";3;0;0;1;1;1;1;2;-3,87839882;-38,50066893;"SPRF-CE";"DEL01-CE";"UOP02-DEL01-CE"
422266;2021-12-21;"terça-feira";"18:00:00";"MG";364;4,2;"PLANURA";"Acessar a via sem observar a presença dos outros veículos";"Colisão frontal";"Com Vítimas Fatais";"Anoitecer";"Decrescente";"Céu Claro";"Simples";"Reta";"Sim";3;1;2;0;0;0;2;2;-20,13824;-48,702347;"SPRF-MG";"DEL13-MG";"UOP02-DEL13-MG"
422467;2021-10-07;"quinta-feira";"17:50:00";"CE";116;3;"FORTALEZA";"Ausência de reação do condutor";"Colisão transversal";"Com Vítimas Feridas";"Plena Noite";"Decrescente";"Céu Claro";"Múltipla";"Reta";"Sim";3;0;2;1;0;0;3;2;-3,77866493;-38,51490171;"SPRF-CE";"DEL01-CE";"UOP02-DEL01-CE"
422476;2021-12-28;"terça-feira";"07:15:00";"PR";376;173;"MARINGA";"Condutor deixou de manter distância do veículo da frente";"Colisão traseira";"Com Vítimas Feridas";"Pleno dia";"Decrescente";"Céu Claro";"Dupla";"Reta";"Sim";7;0;1;1;5;0;2;2;-23,4172197;-51,9589231;"SPRF-PR";"DEL09-PR";"UOP01-DEL09-PR"
422600;2021-12-23;"quinta-feira";"19:00:00";"MG";365;90;"JEQUITAI";"Objeto estático sobre o leito carroçável";"Colisão com objeto";"Com Vítimas Feridas";"Plena Noite";"Decrescente";"Chuva";"Simples";"Reta";"Não";3;0;0;1;0;2;1;2;-17,20931435;-44,44215953;"SPRF-MG";"DEL12-MG";"UOP01-DEL12-MG"
422637;2021-12-27;"segunda-feira";"21:00:00";"RJ";116;163;"RIO DE JANEIRO";"Ausência de reação do condutor";"Colisão traseira";"Com Vítimas Feridas";"Plena Noite";"Decrescente";"Garoa/Chuvisco";"Dupla";"Reta";"Sim";6;0;3;0;3;0;3;3;-22,802729;-43,290424;"SPRF-RJ";"DEL01-RJ";"UOP01-DEL01-RJ"
422664;2021-11-13;"sábado";"09:10:00";"MG";381;457;"BELO HORIZONTE";"Reação tardia ou ineficiente do condutor";"Queda de ocupante de veículo";"Com Vítimas Feridas";"Pleno dia";"Decrescente";"Nublado";"Simples";"Reta";"Sim";1;0;0;1;0;0;1;1;-19,86134886;-43,92063055;"SPRF-MG";"DEL01-MG";"UOP01-DEL01-MG"
422769;2021-05-09;"domingo";"21:20:00";"RN";406;33,3;"GUAMARE";"Ultrapassagem Indevida";"Colisão frontal";"Com Vítimas Fatais";"Plena Noite";"Decrescente";"Céu Claro";"Simples";"Reta";"Sim";2;1;0;0;1;0;0;2;-5,25109346;-36,36691332;"SPRF-RN";"DEL02-RN";"UOP01-DEL02-RN"
422802;2021-07-21;"quarta-feira";"19:00:00";"MG";356;268;"MURIAE";"Acesso irregular";"Colisão transversal";"Com Vítimas Feridas";"Plena Noite";"Crescente";"Céu Claro";"Simples";"Reta";"Sim";2;0;2;0;0;0;2;2;-21,12732999;-42,34446656;"SPRF-MG";"DEL07-MG";"UOP02-DEL07-MG"
422920;2021-12-10;"sexta-feira";"10:45:00";"GO";153;506;"APARECIDA DE GOIANIA";"Pista Escorregadia";"Queda de ocupante de veículo";"Com Vítimas Feridas";"Pleno dia";"Decrescente";"Céu Claro";"Dupla";"Aclive";"Sim";1;0;1;0;0;0;1;1;-16,7633;-49,24;"SPRF-GO";"DEL01-GO";"UOP01-DEL01-GO"
423222;2021-12-14;"terça-feira";"13:00:00";"MG";116;685,7;"MURIAE";"Objeto estático sobre o leito carroçável";"Colisão com objeto";"Com Vítimas Feridas";"Pleno dia";"Crescente";"Nublado";"Simples";"Reta";"Não";1;0;1;0;0;0;1;1;-20,97264023;-42,35530972;"SPRF-MG";"DEL07-MG";"UOP02-DEL07-MG"
423242;2021-06-19;"sábado";"04:00:00";"ES";101;136;"LINHARES";"Condutor deixou de manter distância do veículo da frente";"Colisão traseira";"Com Vítimas Feridas";"Amanhecer";"Crescente";"Céu Claro";"Simples";"Reta";"Não";2;0;1;0;1;0;1;2;-19,28406301;-40,08688713;"SPRF-ES";"DEL04-ES";"UOP01-DEL04-ES"
423312;2021-01-24;"domingo";"22:55:00";"RN";427;99,6;"CAICO";"Desrespeitar a preferência no cruzamento";"Colisão transversal";"Com Vítimas Feridas";"Plena Noite";"Crescente";"Céu Claro";"Simples";"Reta";"Sim";3;0;2;0;0;1;2;2;-6,45929918;-37,09847983;"SPRF-RN";"DEL03-RN";"UOP01-DEL03-RN"
423372;2021-08-09;"segunda-feira";"07:40:00";"MG";40;519;"RIBEIRAO DAS NEVES";"Manobra de mudança de faixa";"Colisão lateral mesmo sentido";"Com Vítimas Feridas";"Pleno dia";"Crescente";"Céu Claro";"Dupla";"Reta";"Sim";4;0;1;2;1;0;3;3;-19,83957589;-44,07684485;"SPRF-MG";"DEL01-MG";"UOP02-DEL01-MG"
423396;2021-12-27;"segunda-feira";"20:00:00";"RS";468;14,1;"PALMEIRA DAS MISSOES";"Transitar no acostamento";"Colisão com objeto";"Com Vítimas Feridas";"Plena Noite";"Decrescente";"Céu Claro";"Simples";"Reta";"Não";1;0;0;1;0;0;1;1;-27,819934;-53,41763932;"SPRF-RS";"DEL08-RS";"UOP01-DEL08-RS"
423477;2021-09-26;"domingo";"18:15:00";"MG";365;754,4;"ITUIUTABA";"Velocidade Incompatível";"Saída de leito carroçável";"Com Vítimas Feridas";"Anoitecer";"Decrescente";"Nublado";"Dupla";"Retorno Regulamentado";"Sim";4;0;3;0;0;1;3;2;-18,947495;-49,45934;"SPRF-MG";"DEL15-MG";"UOP03-DEL15-MG"
423539;2021-09-07;"terça-feira";"13:20:00";"MG";381;457;"BELO HORIZONTE";"Condutor deixou de manter distância do veículo da frente";"Colisão traseira";"Com Vítimas Feridas";"Pleno dia";"Crescente";"Céu Claro";"Dupla";"Reta";"Não";3;0;1;1;1;0;2;2;-19,86134886;-43,92063055;"SPRF-MG";"DEL01-MG";"UOP01-DEL01-MG"
423564;2021-08-26;"quinta-feira";"07:35:00";"MG";40;562,5;"NOVA LIMA";"Ausência de reação do condutor";"Colisão lateral mesmo sentido";"Com Vítimas Feridas";"Pleno dia";"Decrescente";"Céu Claro";"Dupla";"Reta";"Sim";3;0;0;2;1;0;2;2;-20,14451602;-43,95966007;"SPRF-MG";"DEL01-MG";"UOP02-DEL01-MG"
423687;2021-10-28;"quinta-feira";"17:55:00";"RS";290;95;"PORTO ALEGRE";"Ausência de reação do condutor";"Colisão traseira";"Com Vítimas Feridas";"Pleno dia";"Crescente";"Céu Claro";"Dupla";"Curva";"Sim";2;0;1;0;1;0;1;2;-29,98644185;-51,20451808;"SPRF-RS";"DEL01-RS";"UOP01-DEL01-RS"
423707;2021-03-07;"domingo";"19:10:00";"RN";101;83,5;"SAO GONCALO DO AMARANTE";"Transitar na contramão";"Colisão frontal";"Com Vítimas Feridas";"Plena Noite";"Crescente";"Céu Claro";"Dupla";"Viaduto";"Sim";2;0;1;0;0;1;1;2;-5,7710445;-35,26616981;"SPRF-RN";"DEL02-RN";"UOP01-DEL02-RN"
423713;2021-12-26;"domingo";"13:15:00";"SC";101;165,8;"TIJUCAS";"Demais falhas mecânicas ou elétricas";"Colisão transversal";"Com Vítimas Feridas";"Pleno dia";"Crescente";"Céu Claro";"Dupla";"Reta";"Não";3;0;2;0;1;0;2;2;-27,252663;-48,63154894;"SPRF-SC";"DEL04-SC";"UOP03-DEL04-SC"
423752;2021-11-30;"terça-feira";"07:20:00";"PA";230;120,7;"MARABA";"Acesso irregular";"Colisão transversal";"Com Vítimas Feridas";"Pleno dia";"Decrescente";"Céu Claro";"Dupla";"Reta;Interseção de Vias;Retorno Regulamentado";"Sim";3;0;2;0;1;0;2;2;-5,36027625;-49,12343892;"SPRF-PA";"DEL03-PA";"UOP01-DEL03-PA"
424111;2021-12-26;"domingo";"05:30:00";"PB";230;447,1;"APARECIDA";"Ausência de reação do condutor";"Saída de leito carroçável";"Com Vítimas Feridas";"Pleno dia";"Decrescente";"Chuva";"Simples";"Curva";"Não";2;0;1;1;0;0;2;1;-6,786;-38,085;"SPRF-PB";"DEL03-PB";"UOP03-DEL03-PB"
424415;2021-12-04;"sábado";"18:45:00";"MG";381;359;"JOAO MONLEVADE";"Acesso irregular";"Colisão lateral mesmo sentido";"Com Vítimas Feridas";"Plena Noite";"Crescente";"Céu Claro";"Simples";"Reta";"Sim";2;0;1;0;1;0;1;2;-19,8551458;-43,22402296;"SPRF-MG";"DEL03-MG";"UOP01-DEL03-MG"
424581;2021-12-23;"quinta-feira";"11:30:00";"MG";40;463;"SETE LAGOAS";"Velocidade Incompatível";"Colisão traseira";"Com Vítimas Feridas";"Pleno dia";"Crescente";"Chuva";"Dupla";"Declive";"Não";9;0;1;4;4;0;5;2;-19,42224803;-44,33870213;"SPRF-MG";"DEL02-MG";"UOP01-DEL02-MG"
424583;2021-11-27;"sábado";"02:35:00";"SP";153;62,4;"SAO JOSE DO RIO PRETO";"Ingestão de álcool pelo condutor";"Colisão traseira";"Com Vítimas Feridas";"Plena Noite";"Decrescente";"Céu Claro";"Dupla";"Declive";"Sim";2;0;1;0;1;0;1;2;-20,81325404;-49,35675563;"SPRF-SP";"DEL09-SP";"UOP01-DEL09-SP"
424599;2021-09-04;"sábado";"12:35:00";"MG";40;510,4;"RIBEIRAO DAS NEVES";"Condutor deixou de manter distância do veículo da frente";"Colisão traseira";"Com Vítimas Feridas";"Pleno dia";"Decrescente";"Céu Claro";"Dupla";"Reta";"Não";4;0;1;0;3;0;1;3;-19,78164295;-44,11733194;"SPRF-MG";"DEL01-MG";"UOP02-DEL01-MG"
424731;2021-05-05;"quarta-feira";"01:00:00";"GO";20;9;"FORMOSA";"Desvio temporário";"Queda de ocupante de veículo";"Com Vítimas Feridas";"Plena Noite";"Decrescente";"Ignorado";"Simples";"Declive";"Não";1;0;0;1;0;0;1;1;-15,554792;-47,274769;"SPRF-DF";"DEL02-DF";"UOP01-DEL02-DF"
424779;2021-07-19;"segunda-feira";"19:20:00";"RJ";493;3;"ITABORAI";"Obras na pista";"Queda de ocupante de veículo";"Com Vítimas Feridas";"Plena Noite";"Crescente";"Ignorado";"Simples";"Reta";"Sim";1;0;1;0;0;0;1;1;-22,76302661;-42,92999639;"SPRF-RJ";"DEL02-RJ";"UOP02-DEL02-RJ"
424811;2021-12-18;"sábado";"16:00:00";"MG";116;576,1;"MANHUACU";"Reação tardia ou ineficiente do condutor";"Saída de leito carroçável";"Com Vítimas Feridas";"Pleno dia";"Crescente";"Sol";"Simples";"Curva";"Não";1;0;0;1;0;0;1;1;-20,15473996;-42,18629605;"SPRF-MG";"DEL06-MG";"UOP03-DEL06-MG"
424818;2021-12-23;"quinta-feira";"06:50:00";"BA";101;249;"CONCEICAO DO ALMEIDA";"Fumaça";"Colisão traseira";"Com Vítimas Feridas";"Pleno dia";"Crescente";"Sol";"Simples";"Reta";"Não";5;0;2;0;3;0;2;3;-12,876243;-39,217768;"SPRF-BA";"DEL01-BA";"UOP02-DEL01-BA"
424857;2021-04-11;"domingo";"12:15:00";"DF";20;37;"BRASILIA";"Ausência de reação do condutor";"Colisão com objeto";"Sem Vítimas";"Pleno dia";"Crescente";"Céu Claro";"Dupla";"Reta";"Não";1;0;0;0;1;0;0;1;-15,582048;-47,540585;"SPRF-DF";"DEL02-DF";"UOP01-DEL02-DF"
424911;2021-09-17;"sexta-feira";"10:00:00";"PR";376;35;"NOVA LONDRINA";"Frear bruscamente";"Queda de ocupante de veículo";"Com Vítimas Feridas";"Pleno dia";"Crescente";"Céu Claro";"Simples";"Reta";"Sim";1;0;0;1;0;0;1;1;-22,793033;-52,994057;"SPRF-PR";"DEL09-PR";"UOP02-DEL09-PR"
425077;2021-12-12;"domingo";"19:50:00";"RO";364;712;"PORTO VELHO";"Falta de acostamento";"Queda de ocupante de veículo";"Com Vítimas Feridas";"Plena Noite";"Crescente";"Ignorado";"Dupla";"Reta";"Sim";2;0;0;1;0;1;1;2;-8,77714376;-63,872518;"SPRF-RO";"DEL01-RO";"UOP01-DEL01-RO"
425130;2021-11-14;"domingo";"03:40:00";"PE";428;190;"PETROLINA";"Reação tardia ou ineficiente do condutor";"Colisão transversal";"Com Vítimas Feridas";"Amanhecer";"Decrescente";"Ignorado";"Múltipla";"Interseção de Vias";"Sim";2;0;1;0;1;0;1;2;-9,37605965;-40,49382106;"SPRF-PE";"DEL06-PE";"UOP01-DEL06-PE"
428107;2021-09-21;"terça-feira";"01:10:00";"MG";50;20;"ARAGUARI";"Condutor Dormindo";"Colisão com objeto";"Com Vítimas Feridas";"Plena Noite";"Crescente";"Céu Claro";"Dupla";"Aclive";"Não";8;0;5;2;1;0;7;1;-18,58721011;-48,05645629;"SPRF-MG";"DEL15-MG";"UOP02-DEL15-MG"
435016;2021-12-29;"quarta-feira";"13:40:00";"AC";364;170;"BUJARI";"Pista esburacada";"Queda de ocupante de veículo";"Com Vítimas Feridas";"Pleno dia";"Decrescente";"Céu Claro";"Simples";"Reta";"Não";1;0;0;1;0;0;1;1;-9,76685404;-68,05681103;"SPRF-AC";"DEL01-AC";"UOP01-DEL01-AC"