"id";"data_inversa";"dia_semana";"horario";"uf";"br";"km";"municipio";"causa_acidente";"tipo_acidente";"classificacao_acidente";"fase_dia";"sentido_via";"condicao_metereologica";"tipo_pista";"tracado_via";"uso_solo";"pessoas";"mortos";"feridos_leves";"feridos_graves";"ilesos";"ignorados";"feridos";"veiculos";"latitude";"longitude";"regional";"delegacia";"uop"
441173;2021-08-22;"domingo";"17:10:00";"MT";364;498;"JANGADA";"Reação tardia ou ineficiente do condutor";"Colisão traseira";"Com Vítimas Feridas";"Plena Noite";"Decrescente";"Céu Claro";"Simples";"Reta";"Não";2;0;1;0;1;0;1;2;-15,26383164;-56,45548663;"SPRF-MT";"DEL01-MT";"UOP02-DEL01-MT"
442845;2021-07-10;"sábado";"14:40:00";"RS";386;433,9;"NOVA SANTA RITA";"Acessar a via sem observar a presença dos outros veículos";"Colisão transversal";"Com Vítimas Fatais";"Pleno dia";"Crescente";"Céu Claro";"Simples";"Reta";"Sim";2;1;0;0;1;0;0;2;-29,839973;-51,294933;"SPRF-RS";"DEL04-RS";"UOP02-DEL04-RS"
443130;2021-12-03;"sexta-feira";"00:28:00";"PI";343;333;"TERESINA";"Pista em desnível";"Eventos atípicos";"Sem Vítimas";"Plena Noite";"Crescente";"Céu Claro";"Dupla";"Declive";"Não";1;0;0;0;1;0;0;1;-5,05673257;-42,68426841;"SPRF-PI";"DEL01-PI";"UOP01-DEL01-PI"
443343;2021-08-24;"terça-feira";"15:00:00";"MG";50;71;"UBERLANDIA";"Demais falhas mecânicas ou elétricas";"Colisão traseira";"Com Vítimas Feridas";"Pleno dia";"Decrescente";"Céu Claro";"Dupla";"Reta";"Sim";4;0;0;1;2;1;1;4;-18,85140204;-48,25345932;"SPRF-MG";"DEL15-MG";"UOP01-DEL15-MG"
443391;2021-12-12;"domingo";"04:00:00";"PE";232;168,2;"TACAIMBO";"Reação tardia ou ineficiente do condutor";"Colisão frontal";"Com Vítimas Fatais";"Amanhecer";"Decrescente";"Céu Claro";"Simples";"Reta";"Não";5;3;0;2;0;0;2;2;-8,33986354;-36,32534101;"SPRF-PE";"DEL02-PE";"UOP03-DEL02-PE"
443882;2021-12-12;"domingo";"19:15:00";"RJ";40;100;"DUQUE DE CAXIAS";"Reação tardia ou ineficiente do condutor";"Colisão com objeto";"Com Vítimas Feridas";"Plena Noite";"Crescente";"Nublado";"Simples";"Reta";"Sim";1;0;0;1;0;0;1;1;-22,59404803;-43,28079889;"SPRF-RJ";"DEL01-RJ";"UOP01-DEL01-RJ"
444041;2021-09-28;"terça-feira";"19:40:00";"PA";230;117;"MARABA";"Acessar a via sem observar a presença dos outros veículos";"Colisão lateral mesmo sentido";"Com Vítimas Feridas";"Plena Noite";"Decrescente";"Ignorado";"Múltipla";"Reta;Interseção de Vias";"Sim";3;0;2;0;0;1;2;2;-5,35569904;-49,09047302;"SPRF-PA";"DEL03-PA";"UOP01-DEL03-PA"
444733;2021-12-23;"quinta-feira";"02:43:00";"RN";110;49;"MOSSORO";"Ingestão de álcool pelo condutor";"Tombamento";"Com Vítimas Feridas";"Plena Noite";"Crescente";"Céu Claro";"Dupla";"Reta";"Sim";1;0;0;1;0;0;1;1;-5,21645975;-37,32927128;"SPRF-RN";"DEL04-RN";"UOP01-DEL04-RN"
444751;2021-12-13;"segunda-feira";"00:05:00";"ES";101;393;"RIO NOVO DO SUL";"Ausência de reação do condutor";"Tombamento";"Com Vítimas Feridas";"Plena Noite";"Crescente";"Nublado";"Simples";"Curva";"Não";1;0;1;0;0;0;1;1;-20,86561852;-40,92318907;"SPRF-ES";"DEL03-ES";"UOP02-DEL03-ES"
444845;2021-12-23;"quinta-feira";"02:55:00";"SP";116;273;"TABOAO DA SERRA";"Ingestão de substâncias psicoativas pelo condutor";"Colisão com objeto";"Com Vítimas Feridas";"Plena Noite";"Crescente";"Chuva";"Dupla";"Reta";"Sim";4;0;2;0;0;2;2;1;-23,62809795;-46,81870306;"SPRF-SP";"DEL04-SP";"UOP01-DEL04-SP"
444866;2021-12-08;"quarta-feira";"12:36:00";"RN";110;100;"UPANEMA";"Desrespeitar a preferência no cruzamento";"Colisão transversal";"Com Vítimas Feridas";"Pleno dia";"Decrescente";"Ignorado";"Dupla";"Interseção de Vias";"Sim";2;0;0;1;0;1;1;2;-5,6417797;-37,2590841;"SPRF-RN";"DEL04-RN";"UOP01-DEL04-RN"
444910;2021-12-24;"sexta-feira";"21:45:00";"MG";40;669,8;"CARANDAI";"Acessar a via sem observar a presença dos outros veículos";"Colisão frontal";"Com Vítimas Feridas";"Plena Noite";"Decrescente";"Nublado";"Simples";"Reta";"Não";3;0;2;1;0;0;3;2;-20,95949689;-43,78978984;"SPRF-MG";"DEL05-MG";"UOP02-DEL05-MG"
444911;2021-06-16;"quarta-feira";"17:35:00";"PR";369;183;"ARAPONGAS";"Manobra de mudança de faixa";"Colisão lateral mesmo sentido";"Com Vítimas Feridas";"Pleno dia";"Crescente";"Céu Claro";"Simples";"Reta";"Sim";2;0;1;0;0;1;1;2;-23,39185191;-51,42329162;"SPRF-PR";"DEL07-PR";"UOP02-DEL07-PR"
445067;2021-09-12;"domingo";"15:50:00";"PA";10;303;"IRITUIA";"Reação tardia ou ineficiente do condutor";"Colisão lateral mesmo sentido";"Com Vítimas Feridas";"Pleno dia";"Crescente";"Céu Claro";"Simples";"Reta";"Não";9;0;0;6;3;0;6;2;-1,78068501;-47,51347478;"SPRF-PA";"DEL02-PA";"UOP01-DEL02-PA"
445068;2021-12-31;"sexta-feira";"07:45:00";"RN";406;166,3;"SAO GONCALO DO AMARANTE";"Ultrapassagem Indevida";"Colisão lateral mesmo sentido";"Com Vítimas Feridas";"Pleno dia";"Decrescente";"Céu Claro";"Simples";"Aclive";"Não";3;0;0;2;1;0;2;2;-5,74349556;-35,34003865;"SPRF-RN";"DEL02-RN";"UOP01-DEL02-RN"
445164;2021-12-26;"domingo";"03:30:00";"MG";116;628,9;"ORIZANIA";"Condutor Dormindo";"Saída de leito carroçável";"Com Vítimas Feridas";"Amanhecer";"Crescente";"Céu Claro";"Simples";"Reta";"Não";3;0;3;0;0;0;3;1;-20,56556999;-42,20675484;"SPRF-MG";"DEL07-MG";"UOP03-DEL07-MG"
446227;2021-12-31;"sexta-feira";"20:30:00";"PA";316;99;"IGARAPE-ACU";"Condutor deixou de manter distância do veículo da frente";"Colisão traseira";"Com Vítimas Feridas";"Plena Noite";"Crescente";"Chuva";"Simples";"Reta";"Não";3;0;1;1;1;0;2;2;-1,33342734;-47,61283806;"SPRF-PA";"DEL01-PA";"UOP02-DEL01-PA"
446332;2021-10-22;"sexta-feira";"02:25:00";"MG";50;2;"ARAGUARI";"Velocidade Incompatível";"Saída de leito carroçável";"Sem Vítimas";"Plena Noite";"Crescente";"Céu Claro";"Dupla";"Reta";"Não";1;0;0;0;0;1;0;1;-18,43742886;-48,05720379;"SPRF-MG";"DEL15-MG";"UOP02-DEL15-MG"
446921;2021-07-03;"sábado";"19:30:00";"PB";361;5;"PATOS";"Condutor deixou de manter distância do veículo da frente";"Colisão traseira";"Com Vítimas Feridas";"Anoitecer";"Decrescente";"Chuva";"Simples";"Declive";"Sim";2;0;0;1;0;1;1;2;-7,0342983;-37,30232718;"SPRF-PB";"DEL03-PB";"UOP01-DEL03-PB"
446968;2021-08-29;"domingo";"05:45:00";"MA";10;253;"IMPERATRIZ";"Transitar na contramão";"Colisão frontal";"Com Vítimas Feridas";"Pleno dia";"Decrescente";"Céu Claro";"Simples";"Reta";"Sim";2;0;0;1;1;0;1;2;-5,526911;-47,471455;"SPRF-MA";"DEL04-MA";"UOP01-DEL04-MA"
447342;2021-10-31;"domingo";"19:00:00";"BA";242;407;"SEABRA";"Pedestre andava na pista";"Atropelamento de Pedestre";"Com Vítimas Feridas";"Plena Noite";"Crescente";"Céu Claro";"Simples";"Reta";"Não";2;0;0;1;1;0;1;2;-12,47696407;-41,74012319;"SPRF-BA";"DEL06-BA";"UOP01-DEL06-BA"
447531;2021-09-01;"quarta-feira";"00:30:00";"RS";116;147,5;"CAXIAS DO SUL";"Ingestão de álcool pelo condutor";"Colisão com objeto";"Sem Vítimas";"Plena Noite";"Crescente";"Céu Claro";"Dupla";"Curva";"Sim";1;0;0;0;1;0;0;1;-29,14908014;-51,1429969;"SPRF-RS";"DEL05-RS";"UOP01-DEL05-RS"
447568;2021-05-13;"quinta-feira";"15:15:00";"AP";156;165;"MAZAGAO";"Acumulo de areia ou detritos sobre o pavimento";"Saída de leito carroçável";"Com Vítimas Feridas";"Pleno dia";"Decrescente";"Chuva";"Simples";"Reta";"Não";3;0;1;0;2;0;1;1;-0,16715905;-51,73652217;"SPRF-AP";"DEL01-AP";"UOP01-DEL01-AP"
447579;2021-12-26;"domingo";"16:00:00";"CE";222;297;"TIANGUA";"Reação tardia ou ineficiente do condutor";"Colisão lateral sentido oposto";"Com Vítimas Feridas";"Pleno dia";"Decrescente";"Nublado";"Simples";"Curva";"Não";4;0;1;0;3;0;1;3;-3,65826065;-40,92482891;"SPRF-CE";"DEL04-CE";"UOP02-DEL04-CE"
447716;2021-12-12;"domingo";"00:30:00";"PR";476;2;"ADRIANOPOLIS";"Acumulo de areia ou detritos sobre o pavimento";"Colisão traseira";"Com Vítimas Feridas";"Plena Noite";"Decrescente";"Ignorado";"Simples";"Reta";"Não";1;0;0;1;0;0;1;1;-24,66009307;-48,991642;"SPRF-PR";"DEL01-PR";"UOP01-DEL01-PR"
447738;2021-10-30;"sábado";"11:08:00";"RO";364;233;"CACOAL";"Acessar a via sem observar a presença dos outros veículos";"Colisão lateral mesmo sentido";"Com Vítimas Feridas";"Pleno dia";"Decrescente";"Céu Claro";"Simples";"Declive";"Não";3;0;0;1;2;0;1;2;-11,46104613;-61,41546107;"SPRF-RO";"DEL02-RO";"UOP02-DEL02-RO"
447921;2021-08-04;"quarta-feira";"15:50:00";"MG";40;524;"CONTAGEM";"Manobra de mudança de faixa";"Colisão lateral mesmo sentido";"Com Vítimas Feridas";"Pleno dia";"Decrescente";"Nublado";"Dupla";"Reta";"Não";2;0;1;0;1;0;1;2;-19,8754469;-44,05345586;"SPRF-MG";"DEL01-MG";"UOP02-DEL01-MG"
448032;2021-12-05;"domingo";"13:20:00";"MG";381;452;"SABARA";"Transitar no acostamento";"Colisão lateral mesmo sentido";"Com Vítimas Feridas";"Pleno dia";"Crescente";"Céu Claro";"Simples";"Reta";"Sim";2;0;1;0;1;0;1;2;-19,84339604;-43,88596993;"SPRF-MG";"DEL01-MG";"UOP01-DEL01-MG"
448461;2021-04-26;"segunda-feira";"22:00:00";"RJ";116;106;"GUAPIMIRIM";"Velocidade Incompatível";"Tombamento";"Com Vítimas Feridas";"Plena Noite";"Decrescente";"Nublado";"Dupla";"Curva";"Não";2;0;2;0;0;0;2;1;-22,5447945;-42,98616529;"SPRF-RJ";"DEL04-RJ";"UOP02-DEL04-RJ"
448772;2021-12-28;"terça-feira";"13:05:00";"MG";153;17,5;"CENTRALINA";"Ausência de reação do condutor";"Tombamento";"Com Vítimas Feridas";"Pleno dia";"Decrescente";"Céu Claro";"Dupla";"Reta";"Sim";2;0;0;1;1;0;1;1;-18,57925437;-49,19324387;"SPRF-MG";"DEL15-MG";"UOP03-DEL15-MG"
448808;2021-12-10;"sexta-feira";"20:50:00";"MA";316;576,9;"CAXIAS";"Ausência de reação do condutor";"Colisão traseira";"Com Vítimas Fatais";"Pleno dia";"Decrescente";"Céu Claro";"Simples";"Reta";"Não";2;1;0;0;1;0;0;2;-4,944586;-43,151825;"SPRF-MA";"DEL03-MA";"UOP02-DEL03-MA"
449153;2021-12-26;"domingo";"21:07:00";"MG";262;767,9;"UBERABA";"Velocidade Incompatível";"Saída de leito carroçável";"Com Vítimas Feridas";"Pleno dia";"Crescente";"Céu Claro";"Simples";"Interseção de Vias";"Não";1;0;1;0;0;0;1;1;-19,68307963;-47,66693486;"SPRF-MG";"DEL13-MG";"UOP01-DEL13-MG"
449377;2021-09-13;"segunda-feira";"15:20:00";"MG";267;136,8;"JUIZ DE FORA";"Ausência de reação do condutor";"Capotamento";"Com Vítimas Feridas";"Pleno dia";"Decrescente";"Céu Claro";"Simples";"Reta";"Não";4;0;2;0;2;0;2;1;-21,78182309;-43,64864291;"SPRF-MG";"DEL05-MG";"UOP01-DEL05-MG"
449408;2021-12-19;"domingo";"12:45:00";"MG";146;478,9;"POCOS DE CALDAS";"Condutor deixou de manter distância do veículo da frente";"Colisão traseira";"Com Vítimas Feridas";"Pleno dia";"Decrescente";"Céu Claro";"Simples";"Reta";"Não";4;0;1;0;3;0;1;2;-21,75252449;-46,40571356;"SPRF-MG";"DEL09-MG";"UOP01-DEL09-MG"
449422;2021-12-01;"quarta-feira";"07:45:00";"ES";101;266;"SERRA";"Ausência de reação do condutor";"Queda de ocupante de veículo";"Com Vítimas Feridas";"Pleno dia";"Crescente";"Céu Claro";"Dupla";"Reta";"Sim";1;0;0;1;0;0;1;1;-20,190199;-40,26828891;"SPRF-ES";"DEL02-ES";"UOP01-DEL02-ES"
449587;2021-09-15;"quarta-feira";"08:15:00";"PR";487;165;"CAMPO MOURAO";"Ausência de reação do condutor";"Tombamento";"Com Vítimas Feridas";"Pleno dia";"Crescente";"Nublado";"Simples";"Reta";"Não";1;0;0;1;0;0;1;1;-24,02794984;-52,43199348;"SPRF-PR";"DEL09-PR";"UOP03-DEL09-PR"
449767;2021-12-29;"quarta-feira";"18:20:00";"PR";476;117;"COLOMBO";"Acessar a via sem observar a presença dos outros veículos";"Colisão lateral mesmo sentido";"Com Vítimas Feridas";"Anoitecer";"Decrescente";"Ignorado";"Múltipla";"Reta";"Sim";2;0;0;1;1;0;1;2;-25,348623;-49,175663;"SPRF-PR";"DEL01-PR";"UOP01-DEL01-PR"
450070;2021-10-11;"segunda-feira";"14:05:00";"MG";40;737,8;"SANTOS DUMONT";"Velocidade Incompatível";"Colisão lateral sentido oposto";"Com Vítimas Feridas";"Pleno dia";"Decrescente";"Chuva";"Simples";"Curva;Declive";"Não";5;0;2;1;2;0;3;2;-21,38296999;-43,57033542;"SPRF-MG";"DEL05-MG";"UOP01-DEL05-MG"
450267;2021-12-24;"sexta-feira";"18:15:00";"BA";116;835;"VITORIA DA CONQUISTA";"Ultrapassagem Indevida";"Colisão frontal";"Com Vítimas Feridas";"Plena Noite";"Decrescente";"Chuva";"Simples";"Reta";"Não";3;0;1;1;1;0;2;3;-14,96504342;-40,90869626;"SPRF-BA";"DEL08-BA";"UOP01-DEL08-BA"
450292;2021-05-16;"domingo";"18:00:00";"SE";235;4;"ARACAJU";"Manobra de mudança de faixa";"Colisão lateral mesmo sentido";"Com Vítimas Feridas";"Plena Noite";"Decrescente";"Céu Claro";"Dupla";"Reta";"Sim";3;0;2;0;1;0;2;3;-10,9064;-37,1197;"SPRF-SE";"DEL01-SE";"UOP01-DEL01-SE"
450577;2021-12-15;"quarta-feira";"14:45:00";"RS";290;95;"PORTO ALEGRE";"Frear bruscamente";"Colisão traseira";"Com Vítimas Feridas";"Pleno dia";"Decrescente";"Céu Claro";"Dupla";"Reta";"Sim";2;0;1;0;1;0;1;2;-29,98919918;-51,20355248;"SPRF-RS";"DEL01-RS";"UOP01-DEL01-RS"
450689;2021-11-30;"terça-feira";"17:40:00";"PR";476;142;"CURITIBA";"Ausência de reação do condutor";"Eventos atípicos";"Com Vítimas Feridas";"Pleno dia";"Decrescente";"Céu Claro";"Dupla";"Reta";"Sim";1;0;1;0;0;0;1;1;-25,537161;-49,301632;"SPRF-PR";"DEL01-PR";"UOP03-DEL01-PR"
450993;2021-03-22;"segunda-feira";"17:15:00";"ES";101;270;"SERRA";"Acessar a via sem observar a presença dos outros veículos";"Colisão frontal";"Com Vítimas Feridas";"Pleno dia";"Decrescente";"Sol";"Múltipla";"Interseção de Vias";"Sim";2;0;0;1;1;0;1;2;-20,22662056;-40,27075088;"SPRF-ES";"DEL02-ES";"UOP01-DEL02-ES"
451103;2021-12-29;"quarta-feira";"23:20:00";"PE";232;197,4;"SANHARO";"Pedestre andava na pista";"Atropelamento de Pedestre";"Com Vítimas Fatais";"Plena Noite";"Crescente";"Nublado";"Simples";"Reta";"Sim";2;1;0;0;0;1;0;2;-8,36891793;-36,580362;"SPRF-PE";"DEL03-PE";"UOP02-DEL03-PE"
451302;2021-08-04;"quarta-feira";"16:35:00";"SP";116;229;"SAO PAULO";"Ausência de reação do condutor";"Colisão traseira";"Com Vítimas Feridas";"Pleno dia";"Decrescente";"Céu Claro";"Múltipla";"Reta";"Sim";2;0;1;0;1;0;1;2;-23,51291902;-46,57604698;"SPRF-SP";"DEL01-SP";"UOP01-DEL01-SP"
451946;2021-12-04;"sábado";"14:30:00";"BA";242;517;"OLIVEIRA DOS BREJINHOS";"Reação tardia ou ineficiente do condutor";"Queda de ocupante de veículo";"Com Vítimas Feridas";"Pleno dia";"Crescente";"Céu Claro";"Simples";"Reta";"Não";3;0;3;0;0;0;3;2;-12,31388574;-42,5969499;"SPRF-BA";"DEL06-BA";"UOP01-DEL06-BA"
452200;2021-09-18;"sábado";"18:50:00";"ES";101;262;"SERRA";"Reação tardia ou ineficiente do condutor";"Colisão traseira";"Com Vítimas Feridas";"Pleno dia";"Decrescente";"Céu Claro";"Dupla";"Reta";"Sim";2;0;0;1;1;0;1;2;-20,1572331;-40,27678329;"SPRF-ES";"DEL02-ES";"UOP01-DEL02-ES"
453494;2021-11-22;"segunda-feira";"08:50:00";"PA";230;113;"MARABA";"Ultrapassagem Indevida";"Colisão transversal";"Com Vítimas Feridas";"Pleno dia";"Crescente";"Sol";"Simples";"Declive";"Sim";3;0;0;1;1;1;1;3;-5,36689576;-49,05750094;"SPRF-PA";"DEL03-PA";"UOP01-DEL03-PA"
454230;2021-05-25;"terça-feira";"06:00:00";"PA";222;231;"MARABA";"Desrespeitar a preferência no cruzamento";"Colisão transversal";"Com Vítimas Fatais";"Amanhecer";"Decrescente";"Céu Claro";"Simples";"Reta";"Sim";3;1;0;1;1;0;1;2;-5,241672;-49,056338;"SPRF-PA";"DEL03-PA";"UOP01-DEL03-PA"
454370;2021-10-09;"sábado";"06:35:00";"MG";40;112,7;"LAGOA GRANDE";"Reação tardia ou ineficiente do condutor";"Saída de leito carroçável";"Com Vítimas Feridas";"Amanhecer";"Decrescente";"Chuva";"Simples";"Reta";"Não";1;0;1;0;0;0;1;1;-17,64186672;-46,43677488;"SPRF-MG";"DEL14-MG";"UOP01-DEL14-MG"
454379;2021-05-22;"sábado";"14:55:00";"AM";319;741;"HUMAITA";"Reação tardia ou ineficiente do condutor";"Saída de leito carroçável";"Com Vítimas Feridas";"Pleno dia";"Decrescente";"Nublado";"Simples";"Reta";"Não";5;0;2;0;0;3;2;1;-7,968918;-63,380393;"SPRF-RO";"DEL01-RO";"UOP01-DEL01-RO"
454611;2021-09-25;"sábado";"15:19:00";"GO";80;39;"PADRE BERNARDO";"Ausência de reação do condutor";"Saída de leito carroçável";"Com Vítimas Feridas";"Pleno dia";"Decrescente";"Ignorado";"Simples";"Reta";"Não";1;0;0;1;0;0;1;1;-15,22887085;-48,27701569;"SPRF-DF";"DEL03-DF";"UOP02-DEL03-DF"
454626;2021-09-04;"sábado";"23:10:00";"GO";414;436;"ANAPOLIS";"Acessar a via sem observar a presença dos outros veículos";"Colisão transversal";"Com Vítimas Feridas";"Plena Noite";"Crescente";"Céu Claro";"Simples";"Reta";"Sim";5;0;0;1;4;0;1;3;-16,25359195;-48,93584132;"SPRF-GO";"DEL02-GO";"UOP01-DEL02-GO"
454815;2021-11-21;"domingo";"20:20:00";"PA";163;983;"SANTAREM";"Ingestão de álcool pelo condutor";"Colisão frontal";"Com Vítimas Feridas";"Plena Noite";"Crescente";"Céu Claro";"Simples";"Reta";"Não";7;0;2;5;0;0;7;2;-2,61603292;-54,72914708;"SPRF-PA";"DEL05-PA";"UOP01-DEL05-PA"
454974;2021-07-25;"domingo";"08:10:00";"MT";70;496;"CUIABA";"Manobra de mudança de faixa";"Colisão transversal";"Com Vítimas Feridas";"Pleno dia";"Crescente";"Céu Claro";"Simples";"Reta";"Não";2;0;1;0;1;0;1;2;-15,65279213;-56,00212097;"SPRF-MT";"DEL01-MT";"UOP02-DEL01-MT"
455000;2021-10-08;"sexta-feira";"10:15:00";"PI";230;302;"FLORIANO";"Condutor Dormindo";"Capotamento";"Com Vítimas Feridas";"Pleno dia";"Crescente";"Sol";"Simples";"Declive";"Sim";3;0;3;0;0;0;3;1;-6,80935231;-42,95446185;"SPRF-PI";"DEL03-PI";"UOP01-DEL03-PI"
455103;2021-05-16;"domingo";"11:10:00";"MG";381;356;"JOAO MONLEVADE";"Acessar a via sem observar a presença dos outros veículos";"Colisão frontal";"Com Vítimas Feridas";"Pleno dia";"Crescente";"Nublado";"Simples";"Reta";"Não";2;0;0;1;1;0;1;2;-19,84765404;-43,20566395;"SPRF-MG";"DEL03-MG";"UOP01-DEL03-MG"
455168;2021-12-05;"domingo";"18:00:00";"MG";50;156;"UBERABA";"Demais falhas mecânicas ou elétricas";"Saída de leito carroçável";"Com Vítimas Feridas";"Anoitecer";"Crescente";"Chuva";"Dupla";"Declive";"Não";5;0;2;0;3;0;2;1;-19,61676094;-48,01874384;"SPRF-MG";"DEL13-MG";"UOP01-DEL13-MG"
455611;2021-10-30;"sábado";"20:40:00";"DF";60;3;"BRASILIA";"Manobra de mudança de faixa";"Colisão traseira";"Com Vítimas Feridas";"Plena Noite";"Crescente";"Nublado";"Dupla";"Retorno Regulamentado";"Sim";2;0;1;0;1;0;1;2;-15,890521;-48,086864;"SPRF-DF";"DEL03-DF";"UOP01-DEL03-DF"
455615;2021-03-10;"quarta-feira";"18:30:00";"RN";101;103;"PARNAMIRIM";"Condutor deixou de manter distância do veículo da frente";"Colisão traseira";"Sem Vítimas";"Plena Noite";"Crescente";"Céu Claro";"Dupla";"Reta";"Sim";3;0;0;0;3;0;0;1;-5,89034022;-35,24894996;"SPRF-RN";"DEL01-RN";"UOP01-DEL01-RN"
455621;2021-11-11;"quinta-feira";"22:00:00";"PE";101;57,2;"RECIFE";"Entrada inopinada do pedestre";"Atropelamento de Pedestre";"Com Vítimas Fatais";"Plena Noite";"Crescente";"Céu Claro";"Dupla";"Declive";"Não";2;1;0;0;1;0;0;2;-7,96346213;-34,91513486;"SPRF-PE";"DEL01-PE";"UOP02-DEL01-PE"
455888;2021-10-05;"terça-feira";"21:30:00";"GO";40;0,8;"VALPARAISO DE GOIAS";"Reação tardia ou ineficiente do condutor";"Colisão lateral mesmo sentido";"Com Vítimas Feridas";"Plena Noite";"Crescente";"Céu Claro";"Dupla";"Reta";"Sim";2;0;0;1;1;0;1;2;-16,058273;-47,982655;"SPRF-DF";"DEL01-DF";"UOP01-DEL01-DF"
455947;2021-11-02;"terça-feira";"20:30:00";"MG";40;194,9;"JOAO PINHEIRO";"Deixar de acionar o farol da motocicleta (ou similar)";"Colisão traseira";"Com Vítimas Feridas";"Plena Noite";"Crescente";"Nublado";"Simples";"Reta";"Não";2;0;1;0;1;0;1;2;-18,0023996;-45,86067011;"SPRF-MG";"DEL14-MG";"UOP02-DEL14-MG"
455986;2021-12-14;"terça-feira";"06:45:00";"DF";20;16,3;"BRASILIA";"Manobra de mudança de faixa";"Colisão lateral mesmo sentido";"Com Vítimas Feridas";"Pleno dia";"Decrescente";"Céu Claro";"Dupla";"Reta";"Não";3;0;1;0;2;0;1;2;-15,625675;-47,725159;"SPRF-DF";"DEL02-DF";"UOP01-DEL02-DF"
456154;2021-12-14;"terça-feira";"09:35:00";"RS";293;28,2;"CAPAO DO LEAO";"Reação tardia ou ineficiente do condutor";"Saída de leito carroçável";"Com Vítimas Feridas";"Pleno dia";"Decrescente";"Chuva";"Simples";"Reta";"Não";2;0;2;0;0;0;2;1;-31,72809839;-52,60286495;"SPRF-RS";"DEL07-RS";"UOP01-DEL07-RS"
456742;2021-10-10;"domingo";"17:00:00";"GO";70;28;"COCALZINHO DE GOIAS";"Chuva";"Saída de leito carroçável";"Com Vítimas Feridas";"Anoitecer";"Crescente";"Chuva";"Múltipla";"Curva";"Não";3;0;3;0;0;0;3;1;-15,75773042;-48,43646123;"SPRF-DF";"DEL03-DF";"UOP02-DEL03-DF"
456773;2021-12-20;"segunda-feira";"05:30:00";"GO";40;10;"LUZIANIA";"Conversão proibida";"Colisão transversal";"Com Vítimas Feridas";"Amanhecer";"Crescente";"Nevoeiro/Neblina";"Dupla";"Reta";"Sim";2;0;0;1;1;0;1;2;-16,13759396;-47,95238625;"SPRF-DF";"DEL01-DF";"UOP01-DEL01-DF"
457050;2021-10-27;"quarta-feira";"19:22:00";"RN";101;96;"NATAL";"Pedestre cruzava a pista fora da faixa";"Queda de ocupante de veículo";"Com Vítimas Feridas";"Plena Noite";"Crescente";"Céu Claro";"Dupla";"Declive";"Sim";2;0;2;0;0;0;2;1;-5,84949622;-35,20890752;"SPRF-RN";"DEL01-RN";"UOP01-DEL01-RN"
457143;2021-07-16;"sexta-feira";"21:31:00";"MT";70;4,1;"BARRA DO GARCAS";"Pista Escorregadia";"Queda de ocupante de veículo";"Com Vítimas Feridas";"Plena Noite";"Crescente";"Céu Claro";"Dupla";"Rotatória";"Sim";1;0;0;1;0;0;1;1;-15,87907036;-52,28563311;"SPRF-MT";"DEL07-MT";"UOP01-DEL07-MT"
457147;2021-09-22;"quarta-feira";"16:15:00";"MG";116;413,9;"GOVERNADOR VALADARES";"Pista esburacada";"Tombamento";"Com Vítimas Feridas";"Pleno dia";"Crescente";"Nublado";"Simples";"Reta";"Sim";2;0;1;1;0;0;2;1;-18,87968532;-41,96091067;"SPRF-MG";"DEL06-MG";"UOP01-DEL06-MG"
457306;2021-07-04;"domingo";"22:00:00";"PA";230;704;"BRASIL NOVO";"Ingestão de álcool pelo condutor";"Colisão frontal";"Sem Vítimas";"Plena Noite";"Crescente";"Nublado";"Simples";"Em Obras";"Não";2;0;0;0;2;0;0;2;-3,32183463;-52,57056724;"SPRF-PA";"DEL04-PA";"UOP01-DEL04-PA"
457355;2021-10-24;"domingo";"20:30:00";"DF";70;14;"BRASILIA";"Manobra de mudança de faixa";"Capotamento";"Com Vítimas Feridas";"Plena Noite";"Crescente";"Garoa/Chuvisco";"Dupla";"Reta";"Sim";3;0;2;0;1;0;2;2;-15,797312;-48,176056;"SPRF-DF";"DEL03-DF";"UOP02-DEL03-DF"
457508;2021-09-27;"segunda-feira";"21:00:00";"MG";381;344;"BELA VISTA DE MINAS";"Transitar no acostamento";"Colisão traseira";"Com Vítimas Feridas";"Plena Noite";"Decrescente";"Nublado";"Simples";"Reta";"Não";2;0;1;0;0;1;1;2;-19,85986781;-43,11280984;"SPRF-MG";"DEL03-MG";"UOP01-DEL03-MG"
457728;2021-11-20;"sábado";"11:50:00";"ES";262;105;"VENDA NOVA DO IMIGRANTE";"Ingestão de álcool pelo condutor";"Colisão transversal";"Sem Vítimas";"Pleno dia";"Decrescente";"Nublado";"Simples";"Reta";"Não";2;0;0;0;2;0;0;2;-20,32624656;-41,13598921;"SPRF-ES";"DEL01-ES";"UOP02-DEL01-ES"
457750;2021-06-14;"segunda-feira";"18:37:00";"ES";262;96;"DOMINGOS MARTINS";"Frear bruscamente";"Colisão traseira";"Com Vítimas Feridas";"Plena Noite";"Crescente";"Nublado";"Simples";"Curva";"Não";3;0;1;0;1;1;1;2;-20,36362958;-41,06831395;"SPRF-ES";"DEL01-ES";"UOP02-DEL01-ES"