"id";"data_inversa";"dia_semana";"horario";"uf";"br";"km";"municipio";"causa_acidente";"tipo_acidente";"classificacao_acidente";"fase_dia";"sentido_via";"condicao_metereologica";"tipo_pista";"tracado_via";"uso_solo";"pessoas";"mortos";"feridos_leves";"feridos_graves";"ilesos";"ignorados";"feridos";"veiculos";"latitude";"longitude";"regional";"delegacia";"uop"
554093;2021-01-25;"segunda-feira";"18:00:00";"PR";369;137;"IBIPORA";"Manobra de mudança de faixa";"Colisão lateral mesmo sentido";"Com Vítimas Feridas";"Anoitecer";"Crescente";"Céu Claro";"Simples";"Curva;Interseção de Vias";"Sim";3;0;1;0;0;2;1;2;-23,27168326;-51,04193866;"SPRF-PR";"DEL07-PR";"UOP01-DEL07-PR"
555491;2021-03-26;"sexta-feira";"16:40:00";"RJ";116;165;"RIO DE JANEIRO";"Ausência de reação do condutor";"Engavetamento";"Com Vítimas Feridas";"Pleno dia";"Crescente";"Céu Claro";"Dupla";"Reta";"Sim";4;0;1;0;3;0;1;3;-22,81548519;-43,29087405;"SPRF-RJ";"DEL01-RJ";"UOP01-DEL01-RJ"
555776;2021-05-13;"quinta-feira";"17:20:00";"CE";0;0;"FORTALEZA";"Acessar a via sem observar a presença dos outros veículos";"Colisão lateral mesmo sentido";"Com Vítimas Feridas";"Anoitecer";"Não Informado";"Céu Claro";"Dupla";"Viaduto";"Não";2;0;1;0;0;1;1;2;-3,871767;-38,497572;"SPRF-CE";"DEL05-CE";"UOP01-DEL05-CE"
556082;2021-07-17;"sábado";"10:45:00";"MG";262;823;"UBERABA";"Reação tardia ou ineficiente do condutor";"Tombamento";"Com Vítimas Feridas";"Pleno dia";"Crescente";"Céu Claro";"Dupla";"Reta";"Não";2;0;1;0;1;0;1;1;-19,75760422;-48,1522031;"SPRF-MG";"DEL13-MG";"UOP01-DEL13-MG"
556688;2021-12-30;"quinta-feira";"13:15:00";"MG";381;811,8;"CAREACU";"Chuva";"Saída de leito carroçável";"Com Vítimas Feridas";"Pleno dia";"Crescente";"Chuva";"Dupla";"Curva";"Não";1;0;1;0;0;0;1;1;-22,05313393;-45,6960471;"SPRF-MG";"DEL16-MG";"UOP02-DEL16-MG"
557895;2021-02-19;"sexta-feira";"18:10:00";"RS";158;267;"JULIO DE CASTILHOS";"Desrespeitar a preferência no cruzamento";"Colisão transversal";"Com Vítimas Feridas";"Anoitecer";"Crescente";"Céu Claro";"Simples";"Reta";"Sim";3;0;3;0;0;0;3;2;-29,254251;-53,66482;"SPRF-RS";"DEL09-RS";"UOP01-DEL09-RS"
559899;2021-01-31;"domingo";"00:40:00";"MT";163;589;"NOVA MUTUM";"Ingestão de álcool pelo condutor";"Tombamento";"Com Vítimas Feridas";"Plena Noite";"Crescente";"Céu Claro";"Simples";"Reta";"Não";1;0;1;0;0;0;1;1;-14,00516903;-56,09818679;"SPRF-MT";"DEL01-MT";"UOP01-DEL01-MT"
559952;2021-10-23;"sábado";"16:45:00";"PB";230;48,2;"SANTA RITA";"Avarias e/ou desgaste excessivo no pneu";"Tombamento";"Com Vítimas Feridas";"Pleno dia";"Crescente";"Céu Claro";"Dupla";"Reta";"Não";2;0;2;0;0;0;2;1;-7,1776464;-35,04486104;"SPRF-PB";"DEL01-PB";"UOP03-DEL01-PB"
562345;2021-06-29;"terça-feira";"13:00:00";"BA";20;169;"SAO DESIDERIO";"Manobra de mudança de faixa";"Saída de leito carroçável";"Com Vítimas Feridas";"Pleno dia";"Decrescente";"Céu Claro";"Simples";"Declive";"Não";2;0;2;0;0;0;2;1;-12,463194;-45,882396;"SPRF-BA";"DEL10-BA";"UOP01-DEL10-BA"
562952;2021-03-16;"terça-feira";"10:30:00";"MG";40;279;"TRES MARIAS";"Transitar no acostamento";"Tombamento";"Com Vítimas Feridas";"Pleno dia";"Crescente";"Céu Claro";"Simples";"Reta";"Não";1;0;1;0;0;0;1;1;-18,22833211;-45,2202001;"SPRF-MG";"DEL14-MG";"UOP02-DEL14-MG"
568472;2021-10-10;"domingo";"07:30:00";"MT";174;402;"NOVA LACERDA";"Manobra de mudança de faixa";"Queda de ocupante de veículo";"Com Vítimas Feridas";"Pleno dia";"Decrescente";"Céu Claro";"Simples";"Curva";"Não";2;0;0;1;0;1;1;2;-14,39840524;-59,63007152;"SPRF-MT";"DEL04-MT";"UOP02-DEL04-MT"
573520;2021-05-09;"domingo";"11:00:00";"CE";116;3,8;"FORTALEZA";"Ingestão de álcool pelo condutor";"Colisão traseira";"Sem Vítimas";"Pleno dia";"Decrescente";"Céu Claro";"Múltipla";"Reta";"Sim";5;0;0;0;4;1;0;3;-3,77866493;-38,51490171;"SPRF-CE";"DEL01-CE";"UOP02-DEL01-CE"
573531;2021-12-19;"domingo";"20:00:00";"GO";60;468;"JATAI";"Ingestão de álcool pelo condutor";"Colisão com objeto";"Com Vítimas Feridas";"Plena Noite";"Crescente";"Céu Claro";"Dupla";"Reta";"Não";1;0;1;0;0;0;1;1;-17,9044;-51,6779;"SPRF-GO";"DEL05-GO";"UOP01-DEL05-GO"
573532;2021-09-05;"domingo";"06:00:00";"GO";153;433,5;"ANAPOLIS";"Ingestão de álcool pelo condutor";"Saída de leito carroçável";"Com Vítimas Feridas";"Amanhecer";"Decrescente";"Céu Claro";"Simples";"Interseção de Vias;Retorno Regulamentado;Viaduto";"Sim";2;0;2;0;0;0;2;1;-16,27179126;-48,97281289;"SPRF-GO";"DEL02-GO";"UOP01-DEL02-GO"
573537;2021-12-29;"quarta-feira";"09:30:00";"GO";414;383;"CORUMBA DE GOIAS";"Ingestão de álcool pelo condutor";"Saída de leito carroçável";"Sem Vítimas";"Pleno dia";"Crescente";"Céu Claro";"Simples";"Declive;Curva";"Não";1;0;0;0;1;0;0;1;-15,86047004;-48,77016595;"SPRF-GO";"DEL02-GO";"UOP01-DEL02-GO"
573568;2021-11-14;"domingo";"18:30:00";"PE";101;1;"JABOATAO DOS GUARARAPES";"Transitar na contramão";"Colisão frontal";"Com Vítimas Feridas";"Plena Noite";"Decrescente";"Céu Claro";"Simples";"Reta";"Sim";4;0;2;0;1;1;2;3;-8,187796;-34,953784;"SPRF-PE";"DEL01-PE";"UOP02-DEL01-PE"
573573;2021-11-28;"domingo";"23:00:00";"CE";116;43,5;"HORIZONTE";"Ingestão de álcool pelo condutor";"Colisão lateral mesmo sentido";"Com Vítimas Feridas";"Plena Noite";"Decrescente";"Céu Claro";"Dupla";"Reta";"Sim";4;0;1;0;3;0;1;2;-4,11839708;-38,4877504;"SPRF-CE";"DEL01-CE";"UOP02-DEL01-CE"
573589;2021-05-01;"sábado";"10:50:00";"AL";101;246,5;"PORTO REAL DO COLEGIO";"Ingestão de álcool pelo condutor";"Colisão traseira";"Com Vítimas Feridas";"Pleno dia";"Decrescente";"Nublado";"Simples";"Reta";"Não";4;0;0;2;2;0;2;2;-10,19162376;-36,82542061;"SPRF-AL";"DEL02-AL";"UOP02-DEL02-AL"
573611;2021-04-03;"sábado";"12:53:00";"AL";101;85,8;"RIO LARGO";"Ingestão de álcool pelo condutor";"Colisão traseira";"Com Vítimas Feridas";"Pleno dia";"Crescente";"Céu Claro";"Dupla";"Reta";"Não";3;0;0;2;1;0;2;2;-9,46388891;-35,8796086;"SPRF-AL";"DEL01-AL";"UOP01-DEL01-AL"
573893;2021-09-16;"quinta-feira";"20:15:00";"RS";158;178,2;"PEJUCARA";"Ingestão de álcool pelo condutor";"Saída de leito carroçável";"Sem Vítimas";"Plena Noite";"Crescente";"Céu Claro";"Simples";"Reta";"Não";1;0;0;0;1;0;0;1;-28,50218495;-53,54989323;"SPRF-RS";"DEL10-RS";"UOP02-DEL10-RS"
573925;2021-04-11;"domingo";"23:00:00";"GO";153;494;"GOIANIA";"Ingestão de álcool pelo condutor";"Saída de leito carroçável";"Sem Vítimas";"Plena Noite";"Crescente";"Céu Claro";"Dupla";"Interseção de Vias";"Sim";1;0;0;0;1;0;0;1;-16,6614;-49,2218;"SPRF-GO";"DEL01-GO";"UOP01-DEL01-GO"
574165;2021-12-29;"quarta-feira";"08:45:00";"RO";364;710;"PORTO VELHO";"Ingestão de álcool pelo condutor";"Tombamento";"Com Vítimas Feridas";"Pleno dia";"Crescente";"Céu Claro";"Dupla";"Reta";"Sim";2;0;2;0;0;0;2;1;-8,78621576;-63,85712687;"SPRF-RO";"DEL01-RO";"UOP01-DEL01-RO"
574436;2021-07-17;"sábado";"23:10:00";"PI";316;313;"PICOS";"Transitar na contramão";"Colisão frontal";"Com Vítimas Feridas";"Plena Noite";"Crescente";"Céu Claro";"Simples";"Reta";"Sim";4;0;1;2;1;0;3;2;-7,07959049;-41,44975182;"SPRF-PI";"DEL04-PI";"UOP01-DEL04-PI"
574699;2021-03-18;"quinta-feira";"17:00:00";"ES";101;145;"LINHARES";"Ingestão de álcool pelo condutor";"Colisão traseira";"Sem Vítimas";"Pleno dia";"Crescente";"Céu Claro";"Múltipla";"Reta";"Sim";2;0;0;0;2;0;0;2;-19,36089598;-40,06464018;"SPRF-ES";"DEL04-ES";"UOP01-DEL04-ES"
574917;2021-07-01;"quinta-feira";"17:15:00";"MS";262;326;"CAMPO GRANDE";"Ingestão de álcool pelo condutor";"Colisão frontal";"Sem Vítimas";"Anoitecer";"Decrescente";"Céu Claro";"Simples";"Retorno Regulamentado";"Sim";2;0;0;0;2;0;0;2;-20,46;-54,55;"SPRF-MS";"DEL01-MS";"UOP01-DEL01-MS"
575212;2021-03-27;"sábado";"19:20:00";"ES";101;138;"LINHARES";"Ausência de reação do condutor";"Colisão traseira";"Com Vítimas Feridas";"Plena Noite";"Crescente";"Céu Claro";"Simples";"Reta";"Não";3;0;1;0;2;0;1;2;-19,30186109;-40,08371726;"SPRF-ES";"DEL04-ES";"UOP01-DEL04-ES"
575495;2021-10-24;"domingo";"22:50:00";"RS";290;110;"ELDORADO DO SUL";"Ingestão de álcool pelo condutor";"Saída de leito carroçável";"Sem Vítimas";"Plena Noite";"Decrescente";"Céu Claro";"Dupla";"Reta";"Não";1;0;0;0;1;0;0;1;-30,023552;-51,321091;"SPRF-RS";"DEL02-RS";"UOP01-DEL02-RS"
575534;2021-03-11;"quinta-feira";"18:30:00";"PE";408;57;"CARPINA";"Ingestão de álcool pelo condutor";"Colisão frontal";"Com Vítimas Fatais";"Plena Noite";"Decrescente";"Céu Claro";"Simples";"Reta";"Não";2;1;0;0;1;0;0;2;-7,82301302;-35,24568219;"SPRF-PE";"DEL01-PE";"UOP01-DEL01-PE"
575541;2021-03-23;"terça-feira";"20:16:00";"PR";373;414;"CANDOI";"Afundamento ou ondulação no pavimento";"Capotamento";"Com Vítimas Feridas";"Plena Noite";"Crescente";"Ignorado";"Simples";"Reta";"Não";1;0;0;1;0;0;1;1;-25,46789601;-51,95842266;"SPRF-PR";"DEL08-PR";"UOP01-DEL08-PR"
575640;2021-03-13;"sábado";"17:45:00";"BA";116;825;"VITORIA DA CONQUISTA";"Ingestão de álcool pelo condutor";"Colisão lateral mesmo sentido";"Sem Vítimas";"Pleno dia";"Decrescente";"Céu Claro";"Dupla";"Reta;Interseção de Vias";"Sim";2;0;0;0;2;0;0;2;-14,87032564;-40,85084427;"SPRF-BA";"DEL08-BA";"UOP01-DEL08-BA"
576384;2021-05-16;"domingo";"21:15:00";"SC";282;19;"PALHOCA";"Ingestão de álcool pelo condutor";"Colisão traseira";"Com Vítimas Feridas";"Plena Noite";"Decrescente";"Céu Claro";"Simples";"Reta";"Sim";3;0;0;1;2;0;1;2;-27,678635;-48,70192;"SPRF-SC";"DEL01-SC";"UOP02-DEL01-SC"
576560;2021-04-04;"domingo";"18:15:00";"RJ";40;109;"DUQUE DE CAXIAS";"Ingestão de álcool pelo condutor";"Colisão traseira";"Com Vítimas Feridas";"Plena Noite";"Crescente";"Céu Claro";"Simples";"Reta";"Não";5;0;1;0;4;0;1;4;-22,67374628;-43,28638368;"SPRF-RJ";"DEL01-RJ";"UOP01-DEL01-RJ"
576593;2021-08-28;"sábado";"10:00:00";"SC";101;180;"BIGUACU";"Ingestão de álcool pelo condutor";"Colisão com objeto";"Com Vítimas Feridas";"Pleno dia";"Crescente";"Chuva";"Simples";"Reta";"Não";1;0;1;0;0;0;1;1;-27,3811238;-48,63090648;"SPRF-SC";"DEL01-SC";"UOP01-DEL01-SC"
576663;2021-05-16;"domingo";"02:55:00";"SC";101;205,7;"SAO JOSE";"Ingestão de álcool pelo condutor";"Colisão traseira";"Sem Vítimas";"Pleno dia";"Decrescente";"Céu Claro";"Múltipla";"Reta";"Sim";2;0;0;0;2;0;0;2;-27,58313237;-48,61532885;"SPRF-SC";"DEL01-SC";"UOP01-DEL01-SC"
576766;2021-04-09;"sexta-feira";"21:30:00";"MG";116;561;"MANHUACU";"Ausência de reação do condutor";"Tombamento";"Com Vítimas Feridas";"Plena Noite";"Crescente";"Ignorado";"Simples";"Reta";"Não";2;0;0;1;0;1;1;2;-20,04079579;-42,17396159;"SPRF-MG";"DEL06-MG";"UOP03-DEL06-MG"
576956;2021-01-25;"segunda-feira";"00:40:00";"PB";101;85;"BAYEUX";"Ingestão de álcool pelo condutor";"Colisão com objeto";"Sem Vítimas";"Plena Noite";"Crescente";"Céu Claro";"Dupla";"Reta";"Sim";2;0;0;0;1;1;0;2;-7,14090065;-34,92186248;"SPRF-PB";"DEL01-PB";"UOP01-DEL01-PB"
576957;2021-01-31;"domingo";"18:10:00";"PB";101;87;"JOAO PESSOA";"Ingestão de álcool pelo condutor";"Saída de leito carroçável";"Sem Vítimas";"Plena Noite";"Crescente";"Céu Claro";"Dupla";"Reta";"Sim";1;0;0;0;1;0;0;1;-7,15675752;-34,90710681;"SPRF-PB";"DEL01-PB";"UOP01-DEL01-PB"
576970;2021-01-12;"terça-feira";"20:30:00";"PB";230;25;"JOAO PESSOA";"Ingestão de álcool pelo condutor";"Colisão transversal";"Sem Vítimas";"Plena Noite";"Crescente";"Nublado";"Dupla";"Reta";"Sim";3;0;0;0;2;1;0;3;-7,17048386;-34,86956477;"SPRF-PB";"DEL01-PB";"UOP01-DEL01-PB"
577790;2021-06-18;"sexta-feira";"19:30:00";"AL";424;104,9;"MARECHAL DEODORO";"Ingestão de álcool pelo condutor";"Colisão traseira";"Sem Vítimas";"Plena Noite";"Decrescente";"Céu Claro";"Dupla";"Aclive;Reta";"Não";3;0;0;0;3;0;0;3;-9,67942191;-35,83214491;"SPRF-AL";"DEL02-AL";"UOP01-DEL02-AL"
578142;2021-01-13;"quarta-feira";"18:40:00";"RS";392;343;"SANTA MARIA";"Reação tardia ou ineficiente do condutor";"Engavetamento";"Com Vítimas Feridas";"Anoitecer";"Crescente";"Céu Claro";"Simples";"Reta";"Não";3;0;1;0;2;0;1;3;-29,79634608;-53,77914426;"SPRF-RS";"DEL09-RS";"UOP01-DEL09-RS"
578551;2021-11-27;"sábado";"23:00:00";"MA";316;261,8;"SANTA INES";"Reação tardia ou ineficiente do condutor";"Queda de ocupante de veículo";"Com Vítimas Fatais";"Plena Noite";"Decrescente";"Céu Claro";"Simples";"Reta";"Não";1;1;0;0;0;0;0;1;-3,676243;-45,389366;"SPRF-MA";"DEL02-MA";"UOP01-DEL02-MA"
579203;2021-05-02;"domingo";"01:45:00";"SP";381;21;"BRAGANCA PAULISTA";"Ingestão de álcool pelo condutor";"Saída de leito carroçável";"Sem Vítimas";"Plena Noite";"Crescente";"Céu Claro";"Simples";"Curva";"Sim";3;0;0;0;3;0;0;1;-22,99140199;-46,50878201;"SPRF-SP";"DEL03-SP";"UOP01-DEL03-SP"
579750;2021-01-24;"domingo";"22:20:00";"GO";60;117,4;"TEREZOPOLIS DE GOIAS";"Animais na Pista";"Atropelamento de Animal";"Com Vítimas Feridas";"Plena Noite";"Decrescente";"Vento";"Dupla";"Reta";"Não";1;0;1;0;0;0;1;1;-16,4789;-49,0864;"SPRF-GO";"DEL01-GO";"UOP01-DEL01-GO"
579800;2021-12-12;"domingo";"23:30:00";"SE";101;118,6;"ITAPORANGA DAJUDA";"Ingestão de álcool pelo condutor";"Colisão com objeto";"Sem Vítimas";"Plena Noite";"Crescente";"Céu Claro";"Dupla";"Retorno Regulamentado";"Sim";2;0;0;0;2;0;0;1;-11,02305584;-37,3262491;"SPRF-SE";"DEL02-SE";"UOP01-DEL02-SE"
581995;2021-03-20;"sábado";"22:10:00";"CE";116;5,5;"FORTALEZA";"Ingestão de álcool pelo condutor";"Colisão traseira";"Sem Vítimas";"Plena Noite";"Crescente";"Céu Claro";"Múltipla";"Reta";"Sim";2;0;0;0;1;1;0;2;-3,79467116;-38,50772734;"SPRF-CE";"DEL01-CE";"UOP02-DEL01-CE"
582262;2021-05-15;"sábado";"16:10:00";"RN";304;46;"MOSSORO";"Ingestão de álcool pelo condutor";"Saída de leito carroçável";"Sem Vítimas";"Pleno dia";"Decrescente";"Céu Claro";"Dupla";"Reta";"Sim";1;0;0;0;1;0;0;1;-5,22579384;-37,340046;"SPRF-RN";"DEL04-RN";"UOP01-DEL04-RN"
583552;2021-10-31;"domingo";"11:40:00";"DF";20;9;"BRASILIA";"Velocidade Incompatível";"Saída de leito carroçável";"Com Vítimas Feridas";"Pleno dia";"Decrescente";"Nublado";"Dupla";"Declive";"Sim";14;0;12;1;1;0;13;1;-15,654671;-47,782917;"SPRF-DF";"DEL02-DF";"UOP01-DEL02-DF"
584679;2021-12-24;"sexta-feira";"14:30:00";"MG";381;613;"OLIVEIRA";"Ingestão de álcool pelo condutor";"Colisão lateral mesmo sentido";"Sem Vítimas";"Pleno dia";"Crescente";"Céu Claro";"Dupla";"Curva";"Não";1;0;0;0;1;0;0;1;-20,72014073;-44,76677037;"SPRF-MG";"DEL04-MG";"UOP01-DEL04-MG"
584910;2021-05-08;"sábado";"22:10:00";"PR";376;181;"MARINGA";"Ingestão de álcool pelo condutor";"Colisão frontal";"Sem Vítimas";"Plena Noite";"Decrescente";"Céu Claro";"Dupla";"Reta";"Sim";4;0;0;0;4;0;0;3;-23,4192146;-51,91293985;"SPRF-PR";"DEL09-PR";"UOP01-DEL09-PR"
585143;2021-07-03;"sábado";"23:00:00";"MG";116;521,8;"CARATINGA";"Ingestão de álcool pelo condutor";"Tombamento";"Com Vítimas Feridas";"Plena Noite";"Crescente";"Nublado";"Simples";"Curva";"Não";1;0;1;0;0;0;1;1;-19,7341039;-42,13264957;"SPRF-MG";"DEL06-MG";"UOP02-DEL06-MG"
585337;2021-05-14;"sexta-feira";"20:30:00";"MG";116;322,8;"ITAMBACURI";"Ingestão de álcool pelo condutor";"Tombamento";"Com Vítimas Feridas";"Plena Noite";"Decrescente";"Céu Claro";"Simples";"Reta";"Não";1;0;1;0;0;0;1;1;-18,178442;-41,708149;"SPRF-MG";"DEL11-MG";"UOP01-DEL11-MG"
585377;2021-07-04;"domingo";"01:20:00";"DF";20;31;"BRASILIA";"Ingestão de álcool pelo condutor";"Colisão lateral mesmo sentido";"Com Vítimas Feridas";"Plena Noite";"Crescente";"Céu Claro";"Dupla";"Reta";"Não";3;0;1;0;2;0;1;2;-15,592531;-47,594936;"SPRF-DF";"DEL02-DF";"UOP01-DEL02-DF"
585388;2021-06-02;"quarta-feira";"17:15:00";"PR";277;591;"CASCAVEL";"Ingestão de álcool pelo condutor";"Saída de leito carroçável";"Sem Vítimas";"Pleno dia";"Crescente";"Céu Claro";"Simples";"Curva";"Sim";3;0;0;0;2;1;0;3;-24,98473242;-53,46501885;"SPRF-PR";"DEL04-PR";"UOP01-DEL04-PR"
585894;2021-08-25;"quarta-feira";"13:55:00";"RJ";116;177;"NOVA IGUACU";"Manobra de mudança de faixa";"Colisão traseira";"Com Vítimas Feridas";"Pleno dia";"Crescente";"Céu Claro";"Dupla";"Reta";"Sim";2;0;2;0;0;0;2;1;-22,7579934;-43,42901409;"SPRF-RJ";"DEL01-RJ";"UOP02-DEL01-RJ"
586075;2021-07-19;"segunda-feira";"17:00:00";"MG";262;399;"PARA DE MINAS";"Ingestão de álcool pelo condutor";"Colisão lateral mesmo sentido";"Sem Vítimas";"Pleno dia";"Crescente";"Céu Claro";"Múltipla";"Reta";"Sim";2;0;0;0;2;0;0;2;-19,88684888;-44,59934235;"SPRF-MG";"DEL01-MG";"UOP03-DEL01-MG"
586092;2021-11-20;"sábado";"01:35:00";"PR";277;547,3;"CATANDUVAS";"Ingestão de álcool pelo condutor";"Colisão com objeto";"Com Vítimas Feridas";"Plena Noite";"Crescente";"Céu Claro";"Simples";"Em Obras;Reta;Aclive";"Não";2;0;0;1;1;0;1;1;-25,1043266;-53,10033606;"SPRF-PR";"DEL04-PR";"UOP01-DEL04-PR"
586287;2021-07-17;"sábado";"13:40:00";"SC";282;20;"PALHOCA";"Ingestão de álcool pelo condutor";"Colisão lateral mesmo sentido";"Com Vítimas Feridas";"Pleno dia";"Crescente";"Sol";"Simples";"Interseção de Vias";"Sim";2;0;1;0;1;0;1;2;-27,683958;-48,71006;"SPRF-SC";"DEL01-SC";"UOP02-DEL01-SC"
586788;2021-05-02;"domingo";"15:25:00";"DF";70;9;"BRASILIA";"Ingestão de álcool pelo condutor";"Colisão traseira";"Sem Vítimas";"Pleno dia";"Crescente";"Céu Claro";"Dupla";"Reta";"Sim";2;0;0;0;2;0;0;2;-15,784615;-48,132023;"SPRF-DF";"DEL03-DF";"UOP02-DEL03-DF"
586950;2021-04-25;"domingo";"22:30:00";"MS";60;507;"NIOAQUE";"Velocidade Incompatível";"Colisão lateral mesmo sentido";"Sem Vítimas";"Plena Noite";"Decrescente";"Céu Claro";"Simples";"Reta";"Não";5;0;0;0;4;1;0;2;-21,20910306;-55,57201303;"SPRF-MS";"DEL05-MS";"UOP01-DEL05-MS"
587035;2021-11-07;"domingo";"18:10:00";"SC";101;339,2;"TUBARAO";"Ingestão de álcool pelo condutor";"Colisão com objeto";"Sem Vítimas";"Pleno dia";"Decrescente";"Nublado";"Múltipla";"Viaduto";"Sim";1;0;0;0;1;0;0;1;-28,49351117;-49,04178985;"SPRF-SC";"DEL02-SC";"UOP01-DEL02-SC"
587168;2021-01-01;"sexta-feira";"17:30:00";"SC";101;332,5;"TUBARAO";"Ingestão de álcool pelo condutor";"Colisão com objeto";"Com Vítimas Feridas";"Pleno dia";"Decrescente";"Céu Claro";"Simples";"Reta";"Sim";4;0;4;0;0;0;4;1;-28,46016431;-48,98968873;"SPRF-SC";"DEL02-SC";"UOP01-DEL02-SC"
587232;2021-11-16;"terça-feira";"11:30:00";"PR";277;14;"PARANAGUA";"Velocidade Incompatível";"Saída de leito carroçável";"Com Vítimas Fatais";"Pleno dia";"Crescente";"Céu Claro";"Dupla";"Reta";"Não";7;1;1;5;0;0;6;1;-25,568198;-48,615292;"SPRF-PR";"DEL01-PR";"UOP05-DEL01-PR"
587428;2021-06-10;"quinta-feira";"00:00:00";"PR";376;32;"NOVA LONDRINA";"Ingestão de álcool pelo condutor";"Saída de leito carroçável";"Sem Vítimas";"Plena Noite";"Crescente";"Chuva";"Simples";"Reta";"Não";1;0;0;0;1;0;0;1;-22,7872968;-52,98975731;"SPRF-PR";"DEL09-PR";"UOP02-DEL09-PR"
590005;2021-07-04;"domingo";"21:20:00";"PR";369;422,4;"JURANDA";"Ingestão de álcool pelo condutor";"Saída de leito carroçável";"Com Vítimas Feridas";"Plena Noite";"Decrescente";"Céu Claro";"Simples";"Reta";"Não";2;0;1;1;0;0;2;1;-24,403118;-52,812685;"SPRF-PR";"DEL04-PR";"UOP03-DEL04-PR"
590902;2021-08-04;"quarta-feira";"17:45:00";"PR";376;186,5;"SARANDI";"Ingestão de álcool pelo condutor";"Colisão traseira";"Com Vítimas Feridas";"Anoitecer";"Decrescente";"Nublado";"Dupla";"Declive;Reta";"Não";3;0;1;0;1;1;1;3;-23,45643624;-51,84510713;"SPRF-PR";"DEL09-PR";"UOP01-DEL09-PR"
591587;2021-09-26;"domingo";"23:30:00";"MG";262;671,1;"IBIA";"Ingestão de álcool pelo condutor";"Saída de leito carroçável";"Com Vítimas Feridas";"Plena Noite";"Crescente";"Céu Claro";"Simples";"Reta";"Não";1;0;1;0;0;0;1;1;-19,54170234;-46,80745219;"SPRF-MG";"DEL08-MG";"UOP01-DEL08-MG"
591829;2021-11-21;"domingo";"07:20:00";"SC";101;443;"SANTA ROSA DO SUL";"Ingestão de substâncias psicoativas pelo condutor";"Colisão com objeto";"Sem Vítimas";"Pleno dia";"Crescente";"Sol";"Múltipla";"Reta";"Sim";1;0;0;0;1;0;0;1;-29,13502248;-49,70726609;"SPRF-SC";"DEL02-SC";"UOP02-DEL02-SC"
592619;2021-09-26;"domingo";"20:00:00";"PR";158;527;"PATO BRANCO";"Ingestão de substâncias psicoativas pelo condutor";"Colisão traseira";"Com Vítimas Feridas";"Plena Noite";"Crescente";"Nublado";"Simples";"Reta";"Não";3;0;2;0;1;0;2;2;-26,16899899;-52,66361486;"SPRF-PR";"DEL02-PR";"UOP01-DEL02-PR"
595455;2021-09-16;"quinta-feira";"23:10:00";"MG";365;470;"PATROCINIO";"Ingestão de álcool pelo condutor";"Saída de leito carroçável";"Com Vítimas Feridas";"Plena Noite";"Decrescente";"Céu Claro";"Simples";"Aclive";"Não";1;0;1;0;0;0;1;1;-18,92272003;-46,99069499;"SPRF-MG";"DEL10-MG";"UOP01-DEL10-MG"
596500;2021-05-03;"segunda-feira";"19:37:00";"GO";153;506,8;"APARECIDA DE GOIANIA";"Demais falhas na via";"Queda de ocupante de veículo";"Com Vítimas Feridas";"Plena Noite";"Crescente";"Ignorado";"Dupla";"Reta";"Sim";2;0;2;0;0;0;2;1;-16,7633;-49,24;"SPRF-GO";"DEL01-GO";"UOP01-DEL01-GO"
605743;2021-03-21;"domingo";"20:15:00";"RO";364;429,5;"JARU";"Velocidade Incompatível";"Tombamento";"Com Vítimas Fatais";"Plena Noite";"Crescente";"Céu Claro";"Simples";"Reta;Declive";"Não";1;1;0;0;0;0;0;1;-10,41628317;-62,5026501;"SPRF-RO";"DEL03-RO";"UOP02-DEL03-RO"
606906;2021-06-27;"domingo";"19:10:00";"MG";116;577,9;"MANHUACU";"Ingestão de álcool pelo condutor";"Colisão com objeto";"Com Vítimas Feridas";"Plena Noite";"Crescente";"Nublado";"Simples";"Reta";"Não";2;0;1;1;0;0;2;1;-20,31596699;-42,14564902;"SPRF-MG";"DEL06-MG";"UOP03-DEL06-MG"
610856;2021-06-05;"sábado";"15:10:00";"ES";101;178,4;"ARACRUZ";"Pista Escorregadia";"Colisão com objeto";"Com Vítimas Fatais";"Pleno dia";"Crescente";"Garoa/Chuvisco";"Simples";"Curva";"Não";2;1;1;0;0;0;1;2;-19,61032522;-40,20858272;"SPRF-ES";"DEL04-ES";"UOP01-DEL04-ES"
611724;2021-10-26;"terça-feira";"09:15:00";"BA";407;202;"CALDEIRAO GRANDE";"Desrespeitar a preferência no cruzamento";"Colisão transversal";"Com Vítimas Feridas";"Pleno dia";"Crescente";"Nublado";"Simples";"Interseção de Vias;Reta";"Não";4;0;0;1;3;0;1;2;-11,12478109;-40,06473541;"SPRF-BA";"DEL04-BA";"UOP02-DEL04-BA"
613470;2021-06-26;"sábado";"18:45:00";"MG";40;551,7;"NOVA LIMA";"Pedestre cruzava a pista fora da faixa";"Atropelamento de Pedestre";"Com Vítimas Fatais";"Plena Noite";"Crescente";"Céu Claro";"Dupla";"Reta";"Sim";3;1;0;0;1;1;0;2;-20,05411435;-43,97101875;"SPRF-MG";"DEL01-MG";"UOP02-DEL01-MG"
613705;2021-10-31;"domingo";"10:40:00";"AL";104;74;"MESSIAS";"Obras na pista";"Queda de ocupante de veículo";"Com Vítimas Feridas";"Pleno dia";"Crescente";"Céu Claro";"Simples";"Reta";"Não";2;0;2;0;0;0;2;1;-9,3682254;-35,83573003;"SPRF-AL";"DEL01-AL";"UOP02-DEL01-AL"
621196;2021-09-29;"quarta-feira";"20:30:00";"SE";101;59;"ROSARIO DO CATETE";"Velocidade Incompatível";"Saída de leito carroçável";"Com Vítimas Feridas";"Plena Noite";"Crescente";"Céu Claro";"Simples";"Curva";"Não";2;0;0;2;0;0;2;1;-10,659681;-37,02849;"SPRF-SE";"DEL02-SE";"UOP02-DEL02-SE"